ID,NOMBRE,NOMBRE2,LOCALIDAD,DEPARTAMENTO,JURISDICCIÓN,CUE ANEXO,DOMICILIO
0,Perspectivas Feministas de la IA,Perspectivas Feministas de la IA,,,,,
2,10 DE JUNIO,10 DE JUNIO,RIO CUARTO,RIO CUARTO,CÓRDOBA,140542400,EL SALVADOR 850 VALACCO RIO CUARTO
3,12 DE OCTUBRE,12 DE OCTUBRE,CAMPO FALCO,RIO SEGUNDO,CÓRDOBA,140165000,CALLE PUBLICA S/N°   CAMPO FALCO P/SANTIAGO TEMPLE
4,12 DE OCTUBRE,12 DE OCTUBRE,BAJO HONDO,RIO PRIMERO,CÓRDOBA,140186200,CALLE PUBLICA S/N    BAJO HONDO P/LA PUERTA
5,12 DE OCTUBRE,12 DE OCTUBRE,TRES ARBOLES,CRUZ DEL EJE,CÓRDOBA,140253300,RUTA PROV. Nº15   TRES ARBOLES - VILLA DE SOTO
6,20 DE JUNIO,20 DE JUNIO,PEDANIA YUCAT,GENERAL SAN MARTIN,CÓRDOBA,140058800,CALLE PUBLICA S/N    PEDANIA YUCAT P/TIO PUJIO
7,20 DE JUNIO,20 DE JUNIO,PAMPA DE ACHALA,SAN ALBERTO,CÓRDOBA,140268200,CALLE PUBLICA   PARAJE GIULIO CESARE P/PAMPA DE ACHALA
8,24 DE SETIEMBRE,24 DE SETIEMBRE,NO FIGURA EN TABLA,GENERAL SAN MARTIN,CÓRDOBA,140075200,CALLE PUBLICA S/N    CAMPO LA ATALAYA P/PASCO
9,24 DE SETIEMBRE,24 DE SETIEMBRE,LA PARA,RIO PRIMERO,CÓRDOBA,140186000,CALLE PUBLICA S/N    PARAJE LAGUNA DE ANSENUZA P/LA PARA
10,25 DE MAYO,25 DE MAYO,CAMPO CRESPO P/BALLESTERS,UNION,CÓRDOBA,140056600,CALLE PUBLICA S/N    CAMPO CRESPO
11,25 DE MAYO,25 DE MAYO,PINTOS,PUNILLA,CÓRDOBA,140067800,CALLE PUBLICA   PARAJE PINTOS P/LA CUMBRE
12,25 DE MAYO,25 DE MAYO,CERRO BOLA,MINAS,CÓRDOBA,140138900,CALLE PUBLICA S/N°   CERRO BOLA P/LA ARGENTINA
13,25 DE MAYO,25 DE MAYO,SAN LUIS,RIO SECO,CÓRDOBA,140208100,CALLE PUBLICA   SAN LUIS
14,25 DE MAYO,25 DE MAYO,CERRO COLORADO,CALAMUCHITA,CÓRDOBA,140236700,CALLE PUBLICA S/N°   CERRO COLORADO
15,25 DE MAYO,25 DE MAYO,COLONIA LAS LOMAS,SAN JUSTO,CÓRDOBA,140325000,CALLE PUBLICA S/N°   LAS LOMAS P/ARROYITO
16,25 DE MAYO,25 DE MAYO,EL PINO,SAN JUSTO,CÓRDOBA,140360900,CALLE PUBLICA S/N    CAMPO EL PINO P/LAS VARILLAS
17,9 DE JULIO,9 DE JULIO,ANA ZUMARAN,GENERAL SAN MARTIN,CÓRDOBA,140087700,CALLE PUBLICA S/N    COLONIA EX-INTERNACIONAL P/ANA ZUMARAN
18,9 DE JULIO,9 DE JULIO,CAMPO BAUDIN,RIO SEGUNDO,CÓRDOBA,140115700,CALLE PUBLICA S/N°   CAMPO BAUDIN P/EST.CALCHÍN
19,9 DE JULIO,9 DE JULIO,CHAÑARITOS,RIO CUARTO,CÓRDOBA,140169200,CALLE PUBLICA   CHAÑARITOS P/SAMPACHO
20,9 DE JULIO,9 DE JULIO,LA AGUADA,TOTORAL,CÓRDOBA,140190900,CALLE PUBLICA   LA AGUADA
21,9 DE JULIO,9 DE JULIO,LA COSTA,RIO SECO,CÓRDOBA,140208900,CALLE PUBLICA S/N   LA COSTA P/VILLA MA. DE RIO SECO
22,9 DE JULIO,9 DE JULIO,EL PORTEZUELO,SAN JAVIER,CÓRDOBA,140219200,CALLE PUBLICA S/N°   EL PORTEZUELO P/LUYABA
23,9 DE JULIO,9 DE JULIO,TRINCHERA,SAN JUSTO,CÓRDOBA,140261300,CALLE PUBLICA S/N    PARAJE LA TRINCHERA P/ LAS VARILLAS
24,ADELINA ROMERO DE JUAREZ,ADELINA ROMERO DE JUAREZ,OJO DE AGUA,TULUMBA,CÓRDOBA,140409400,CALLE PUBLICA   OJO DE AGUA P/VILLA TULUMBA
25,ADOLFO ALSINA,ADOLFO ALSINA,CAÑADA DEL SAUCE,CALAMUCHITA,CÓRDOBA,140232100,FRANCISCO CESAR   VILLA CAÑADA DEL SAUCE P/BERROTARAN
26,AERONAUTICA ARGENTINA,AERONAUTICA ARGENTINA,RIO DE LOS SAUCES,CALAMUCHITA,CÓRDOBA,140377400,CALLE PUBLICA S/Nº   PARAJE SAN FRANCISCO P/RIO DE LOS SAUCES
27,AGRO ESCUELA SUPERIOR PRIVADA CORDOBA,AGRO ESCUELA SUPERIOR PRIVADA CORDOBA,CORDOBA,CAPITAL,CÓRDOBA,140540100,ING. AGR. FELIX ALDO MARRONE 746 NUEVA CORDOBA CIUDAD UNIVERSITARIA
28,ALBERTO WILLIAMS,ALBERTO WILLIAMS,TRES ESQUINAS,RIO PRIMERO,CÓRDOBA,140184100,CALLE PUBLICA S/N    TRES ESQUINAS P/PIQUILLIN
29,ALEJO CARMEN GUZMAN,ALEJO CARMEN GUZMAN,COLONIA SAGRADA FAMILIA,RIO PRIMERO,CÓRDOBA,140009500,CALLE PUBLICA (ESTANCIA LA TOMA)   CNIA.SGDA.FAMILIA P/STA.ROSA DE RIO Iº(30KM.CNO.DE TIERRA)
30,ALEXANDER FLEMING,ALEXANDER FLEMING,PUERTA LOS MONTES,SAN JUSTO,CÓRDOBA,140393400,CALLE PUBLICA S/N°  PUERTA DE LOS MONTES COLONIA PUERTA DE LOS MONTES P/MIRAMAR
31,ALFONSINA STORNI,ALFONSINA STORNI,PIEDRAS GRANDES,PUNILLA,CÓRDOBA,140076500,CALLE PUBLICA   PIEDRAS GRANDES P/ LA FALDA
32,ALFONSINA STORNI,ALFONSINA STORNI,COLONIA SANTA ANA,PRESIDENTE ROQUE SAENZ PEÑA,CÓRDOBA,140085000,CALLE PUBLICA S/N°   COLONIA SANTA ANA P/ MELO
33,ALFONSINA STORNI,ALFONSINA STORNI,COLONIA SICK,MARCOS JUAREZ,CÓRDOBA,140119400,CALLE PUBLICA S/N   COLONIA SICK P/COLONIA ITALIANA
34,ALFONSINA STORNI,ALFONSINA STORNI,CAMPO ALEGRE,SOBREMONTE,CÓRDOBA,140434100,CALLE PUBLICA   CAMPO ALEGRE
35,ALFREDO LORENZO PALACIOS,ALFREDO LORENZO PALACIOS,SAN AGUSTIN,CALAMUCHITA,CÓRDOBA,140079700,CALLE PUBLICA   CAMPO BARRIO NORTE P/SAN AGUSTIN
36,ALICIA MOREAU,ALICIA MOREAU,CORDOBA,CAPITAL,CÓRDOBA,140226200,PILCOMAYO S/N°  VILLA EL LIBERTADOR B°VILLA EL LIBERTADOR
37,ALMAFUERTE,ALMAFUERTE,CAMPO LA ALEJANDRA,GENERAL SAN MARTIN,CÓRDOBA,140017700,CALLE PUBLICA S/N°   CAMPO LA ALEJANDRA P/AUSONIA
38,ALMAFUERTE,ALMAFUERTE,COLONIA FREYRE NOROESTE,SAN JUSTO,CÓRDOBA,140028300,CALLE PUBLICA   COLONIA FREYRE N.O. P/FREYRE
39,ALMAFUERTE,ALMAFUERTE,CHAÑARITOS N° 2,CRUZ DEL EJE,CÓRDOBA,140030200,CALLE PUBLICA   LOS CHAÑARITOS N°2
40,ALMAFUERTE,ALMAFUERTE,GUARDIA VIEJA,PRESIDENTE ROQUE SAENZ PEÑA,CÓRDOBA,140084800,CALLE PUBLICA S/N°   GUARDIA VIEJA (RUTA NAC Nº 7- KM 501)
41,ALMAFUERTE,ALMAFUERTE,CAMPO MARCHAND,RIO SEGUNDO,CÓRDOBA,140115900,CALLE PUBLICA S/N    CAMPO MARCHAND  P/CAPILLA DEL CARMEN
42,ALMIRANTE BROWN,ALMIRANTE BROWN,COLONIA ORCAVI,RIO CUARTO,CÓRDOBA,140059700,CALLE PUBLICA   COLONIA ORCOVI S.E.
43,ALMIRANTE BROWN,ALMIRANTE BROWN,POZO DEL MORTERO,SAN JUSTO,CÓRDOBA,140360400,CALLE PUBLICA S/N   POZO DEL MORTERO P/COL.SAN BARTOLOME
44,ALMIRANTE GUILLERMO BROWN,ALMIRANTE GUILLERMO BROWN,NO FIGURA EN TABLA,GENERAL SAN MARTIN,CÓRDOBA,140069200,CALLE PUBLICA S/N    CAMPO DAGHERO P/LA LAGUNA
45,ALMIRANTE GUILLERMO BROWN,ALMIRANTE GUILLERMO BROWN,LA RINCONADA,RIO SECO,CÓRDOBA,140118500,CALLE PUBLICA S/N    LA RINCONADA (E)
46,ALMIRANTE GUILLERMO BROWN,ALMIRANTE GUILLERMO BROWN,COLONIA LA MARIUCHA,MARCOS JUAREZ,CÓRDOBA,140146800,CALLE PUBLICA S/N    COLONIA LA MARIUCHA P/MARCOS JUAREZ
47,AMBROSIO OLMOS,AMBROSIO OLMOS,COLONIA SANTA ROSA,RIO CUARTO,CÓRDOBA,140279700,CALLE PUBLICA S/N°   COLONIA SANTA ROSA P/BULNES
48,ANA ZUMARAN DE CARCANO,ANA ZUMARAN DE CARCANO,RAMON J. CARCANO,UNION,CÓRDOBA,140050700,CALLE PUBLICA S/N    RAMON J. CARCANO
49,ANGEL NICOLAS GASTALDI,ANGEL NICOLAS GASTALDI,CORDOBA,CAPITAL,CÓRDOBA,140075700,SAN JERONIMO 5550 COLONIA LOLA B° COLONIA LOLA
50,ANGEL VICENTE PEÑALOZA,ANGEL VICENTE PEÑALOZA,EL CHACHO,MINAS,CÓRDOBA,140138500,CALLE PUBLICA   EL CHACHO
51,ANTARTIDA ARGENTINA,ANTARTIDA ARGENTINA,TANINGA,POCHO,CÓRDOBA,140033400,PASAJE SAN MARTIN   VILLA TANINGA
52,ANTONIO BERUTTI,ANTONIO BERUTTI,LA SIERRITA,POCHO,CÓRDOBA,140034200,CALLE PUBLICA S/N°   LA SIERRITA
53,ANTONIO MANUEL BALCARCE,ANTONIO MANUEL BALCARCE,LOS CADILLOS,ISCHILIN,CÓRDOBA,140487300,CALLE PUBLICA S/N°   LOS CADILLOS P/QUILINO
54,ANTONIO SOBRAL,ANTONIO SOBRAL,CUATRO VIENTOS,RIO CUARTO,CÓRDOBA,140376400,CALLE PUBLICA   CUATRO VIENTOS P/ VILLA EL CHACAY
55,ARCELIA CARRERAS,ARCELIA CARRERAS,COLONIA LA ARGENTINA,RIO PRIMERO,CÓRDOBA,140185900,"CALLE PUBLICA   COLONIA LA ARGENTINA P/LA PARA (HACIA EL SUR,POR RUTA E-52)"
56,ARCELIA RIVEROS,ARCELIA RIVEROS,LA GLORIA,SAN ALBERTO,CÓRDOBA,140146000,CALLE PUBLICA   LA GLORIA
57,ARMADA ARGENTINA,ARMADA ARGENTINA,COLONIA CEFERINA,SAN JUSTO,CÓRDOBA,140025300,CALLE PUBLICA S/N°   COLONIA CEFERINA P/PORTEÑA
58,ARSENIO MURUGARREN,ARSENIO MURUGARREN,CORDOBA,CAPITAL,CÓRDOBA,140077400,AMADEO GRASS 4372 SANTA CECILIA B° SANTA CECILIA
59,ARTURO CAPDEVILA,ARTURO CAPDEVILA,PUENTE LOS MOLLES,RIO CUARTO,CÓRDOBA,140102500,CALLE PUBLICA S/N   PUENTE LOS MOLLES P/ALCIRA GIGENA
60,ARTURO CAPDEVILA,ARTURO CAPDEVILA,CAMPO ASINARI,RIO SEGUNDO,CÓRDOBA,140116800,CALLE PUBLICA S/N°   CAMPO ASINARI - ROANA P/ LUQUE
61,ARTURO CAPDEVILA,ARTURO CAPDEVILA,SANTA RITA,RIO CUARTO,CÓRDOBA,140388300,CALLE PUBLICA S/N°   CAMPO BOLIVAR P/SANTA RITA - P/CORONEL BAIGORRIA
62,ARTURO CAPDEVILA,ARTURO CAPDEVILA,EL MANANTIAL,SAN ALBERTO,CÓRDOBA,140442600,CALLE PUBLICA   EL MANANTIAL
63,ASOCIACION DE MAYO,ASOCIACION DE MAYO,VILLA BUENA ESPERANZA,SANTA MARIA,CÓRDOBA,140105000,CALLE PUBLICA   VALLE BUENA ESPERANZA
64,ASOCIACION EDUCATIVA AGROTECNICA Y ORIENTADA PIO LEON,ASOCIACION EDUCATIVA AGROTECNICA Y ORIENTADA PIO LEON,COLONIA CAROYA,COLON,CÓRDOBA,140426600,AV.28 DE JULIO 345  COLONIA CAROYA
65,ATAHUALPA YUPANQUI,ATAHUALPA YUPANQUI,VILLA LA BOLSA,SANTA MARIA,CÓRDOBA,140534200,SARMIENTO 68  LA BOLSA
66,ATALIVA HERRERA,ATALIVA HERRERA,COLONIA SANTA RITA,SANTA MARIA,CÓRDOBA,140108000,CAMINO HOGAR DE ANCIANOS S/N   COLONIA STA. RITA
67,AZOR GRIMAUT (ED. COMUN Y ADULTOS),AZOR GRIMAUT (EDUCACION COMUN Y ADULTOS),CORDOBA,CAPITAL,CÓRDOBA,140326400,SOBREMONTE 6100 COMERCIAL B° COMERCIAL
68,BACHILLERATO PARA JOVENES Y ADULTOS JOSE DE SAN MARTIN,BACHILLERATO PARA JOVENES Y ADULTOS JOSE DE SAN MARTIN,BERROTARAN,RIO CUARTO,CÓRDOBA,140384400,SARMIENTO 147 CENTRO BERROTARAN
69,BARTOLOME MITRE,BARTOLOME MITRE,CAMPO AMBROGIO,RIO SEGUNDO,CÓRDOBA,140026500,CALLLE PUBLICA   CAMPO AMBROGIO POR CARRILOBO
70,BARTOLOME MITRE,BARTOLOME MITRE,VILLA SAN LORENZO,CALAMUCHITA,CÓRDOBA,140182700,CALLE PUBLICA   VILLA SAN LORENZO
71,BARTOLOME MITRE,BARTOLOME MITRE,SAN ANTONIO,CRUZ DEL EJE,CÓRDOBA,140192800,CALLE PUBLICA S/N°   SAN ANTONIO P/RUTA A 83
72,BARTOLOME MITRE,BARTOLOME MITRE,LOS QUEBRACHOS,COLON,CÓRDOBA,140347500,CALLE PUBLICA   LOS QUEBRACHOS
73,BERNARDINO RIVADAVIA,BERNARDINO RIVADAVIA,CAMPO EL TACO,RIO SEGUNDO,CÓRDOBA,140024200,CALLE PUBLICA S/N    CAMPO EL TACO P/POZO DEL MOLLE
74,BERNARDINO RIVADAVIA,BERNARDINO RIVADAVIA,SAN ROQUE,CALAMUCHITA,CÓRDOBA,140183000,CALLE PUBLICA   SAN ROQUE
75,BERNARDINO RIVADAVIA,BERNARDINO RIVADAVIA,PUNTA DEL MONTE,RIO SECO,CÓRDOBA,140208000,CALLE PUBLICA S/N°   PUNTA DEL MONTE P/GUTEMBERG -VILLA DE MARIA
76,BERNARDINO RIVADAVIA,BERNARDINO RIVADAVIA,EL UCLE,UNION,CÓRDOBA,140373100,RUTA PROV. N°3 KM.119   COLONIA LOS UCLES P/RUTA PROV.Nº3 A SAN ANTONIO DE LITIN
77,BERNARDINO RIVADAVIA,BERNARDINO RIVADAVIA,LAS TUSCAS,ISCHILIN,CÓRDOBA,140487200,CALLE PUBLICA S/N°   LAS TOSCAS P/QUILINO
78,BERNARDO DE MONTEAGUDO,BERNARDO DE MONTEAGUDO,CIENAGA DE ALLENDE,SAN ALBERTO,CÓRDOBA,140268100,CALLE PUBLICA   CIENAGA DE ALLENDE  P/VILLA CURA BROCHERO
79,BLAS PARERA,BLAS PARERA,LOS MEDANITOS,POCHO,CÓRDOBA,140053200,CALLE PUBLICA S/N°   LOS MEDANITOS
652,CABO 1º WILFREDO MENDEZ,CABO 1 WILFREDO MENDEZ,COLONIA LA PINTA,RIO CUARTO,CÓRDOBA,140060100,CALLE PUBLICA S/N   COLONIA LA PINTA P/ADELIA MARIA
653,CAPITAN DIAZ VELEZ,CAPITAN DIAZ VELEZ,MULA MUERTA,TOTORAL,CÓRDOBA,140066400,CALLE PUBLICA S/N°   MULA MUERTA
654,CAPITAN DR. MARTIN DE ALVA,CAPITAN DOCTOR MARTIN DE ALVA,PASO DEL DURAZNO,RIO CUARTO,CÓRDOBA,140057100,RUTA NACIONAL 8 KM 577   PASO DEL DURAZNO
655,CAPITAN GABRIEL DEL VALLE,CAPITAN GABRIEL DEL VALLE,ESTACION KILOMETRO 581,SAN JUSTO,CÓRDOBA,140382800,CALLE PUBLICA S/N    ESTACION KILOMETRO 581 P/LA FRANCIA
656,CARLOS CASSAFFOUSTH (EX NAC.Nº 509),CARLOS CASSAFFOUSTH (EX NACIONAL 509),TERCERA USINA,CALAMUCHITA,CÓRDOBA,140247800,CALLE PUBLICA  REOLIN TERCERA USINA
657,CARLOS ESTEBAN NOBLEGA,CARLOS ESTEBAN NOBLEGA,NO FIGURA EN TABLA,GENERAL SAN MARTIN,CÓRDOBA,140087500,CALLE PUBLICA S/N    COLONIA LAS LIEBRES P/LA PLAYOSA
658,CARLOS FERNANDEZ ORDOÑEZ,CARLOS FERNANDEZ ORDOÑEZ,CORDOBA,CAPITAL,CÓRDOBA,140117000,CASABLANCA esq.ISLA VERDE S/N  SANTA ISABEL 2DA. SECCION B° SANTA ISABEL 2DA. SECCION
659,CARLOS FRIAS,CARLOS FRIAS,SAN LORENZO,TOTORAL,CÓRDOBA,140065600,CALLE PUBLICA   SAN LORENZO
660,CARLOS GUIDO SPANO,CARLOS GUIDO SPANO,VILLA RAFAEL BENEGAS,SAN ALBERTO,CÓRDOBA,140255100,CALLE PUBLICA S/N°   VILLA RAFAEL BENEGAS P/RUTA  14 A MINA CLAVERO
661,CARLOS GUIDO SPANO,CARLOS GUIDO SPANO,CAMPO LAS PIEDRAS,TOTORAL,CÓRDOBA,140283300,RUTA PROVINCIAL 17   CAMPO DE LAS PIEDRAS
662,CARLOS JUSTO CLARO,CARLOS JUSTO CLARO,OJO DE AGUA,SAN ALBERTO,CÓRDOBA,140039200,CALLE PUBLICA   POZO DEL ALGARROBO - IGLESIA
663,CARLOS MARIA DE ALVEAR,CARLOS MARIA DE ALVEAR,EL RASTREADOR,JUAREZ CELMAN,CÓRDOBA,140108500,PUBLICA S/N   EL RASTREADOR P/HUANCHILLA
664,CARLOS PELLEGRINI,CARLOS PELLEGRINI,COLONIA MONTE TALA,SAN JUSTO,CÓRDOBA,140325100,CALLE PUBLICA S/N°   COLONIA MONTE TALA P/MARULL
665,CATALINA RODRIGUEZ,CATALINA RODRIGUEZ,LAGUNA LARGA,RIO SEGUNDO,CÓRDOBA,140499400,BVAR. JUAN DOMINGO PERON  ILLIA LAGUNA LARGA
666,CECILIA GRIERSON,CECILIA GRIERSON,LA TORDILLA O COLONIA LA TORDILLA,SAN JUSTO,CÓRDOBA,140114600,CALLE PUBLICA S/N°   PARAJE CABITUYO p/LA TORDILLA
667,CEDER ALTA GRACIA,CEDER ALTA GRACIA,ALTA GRACIA,SANTA MARIA,CÓRDOBA,140459800,ITALIA 406 CAMARA ALTA GRACIA
668,CEDER BELL VILLE,CEDER BELL VILLE,BELL VILLE,UNION,CÓRDOBA,140466800,CORDOBA 519 TALLERES BELL VILLE
669,CEDER CORRAL DE BUSTOS IFFLINGER,CEDER CORRAL DE BUSTOS IFFLINGER,CORRAL DE BUSTOS,MARCOS JUAREZ,CÓRDOBA,140460300,BARTOLOME MITRE 271  CORRAL DE BUSTOS -IFFLINGER
670,CEDER CRUZ DEL EJE,CEDER CRUZ DEL EJE,CRUZ DEL EJE,CRUZ DEL EJE,CÓRDOBA,140467300,PELLEGRINI 253 CENTRO CRUZ DEL EJE
671,CEDER DEAN FUNES,CEDER DEAN FUNES,DEAN FUNES,ISCHILIN,CÓRDOBA,140466700,CORDOBA 68 CENTRO DEAN FUNES
672,CEDER JESUS MARIA,CEDER JESUS MARIA,JESUS MARIA,COLON,CÓRDOBA,140459600,LAS HERAS 1381 17 DE OCTUBRE JESUS MARIA (AL LADO DE IPEM 294)
673,CEDER LA CALERA,CEDER LA CALERA,LA CALERA,COLON,CÓRDOBA,140461000,D.LOBATO S/N°  MATADERO LA CALERA
674,CEDER LABORDE,CEDER LABORDE,LABORDE,UNION,CÓRDOBA,140560100,SAN MARTIN ESQ.LAS HERAS  CENTRO LABORDE
675,CEDER LABOULAYE,CEDER LABOULAYE,LABOULAYE,PRESIDENTE ROQUE SAENZ PEÑA,CÓRDOBA,140571900,ABADIA 125  LABOULAYE
676,CEDER LAGUNA LARGA,CEDER LAGUNA LARGA,LAGUNA LARGA,RIO SEGUNDO,CÓRDOBA,140461100,MENDOZA 777  LAGUNA LARGA
677,CEDER LAS PERDICES,CEDER LAS PERDICES,LAS PERDICES,TERCERO ARRIBA,CÓRDOBA,140467200,SANTA ROSA 650  LAS PERDICES
678,CEDER MARCOS JUAREZ,CEDER MARCOS JUAREZ,MARCOS JUAREZ,MARCOS JUAREZ,CÓRDOBA,140467600,HIPOLITO IRIGOYEN 959
679,CEDER MINA CLAVERO,CEDER MINA CLAVERO,MINA CLAVERO,SAN ALBERTO,CÓRDOBA,140546700,LAS MORAS 609 VILLA LUJAN MINA CLAVERO
680,CEDER MIRAMAR,CEDER MIRAMAR,MIRAMAR,SAN JUSTO,CÓRDOBA,140461300,JUAN B. JUSTO 138  MIRAMAR
681,CEDER OBISPO TREJO,CEDER OBISPO TREJO,OBISPO TREJO,RIO PRIMERO,CÓRDOBA,140459700,BVAR. 25 DE MAYO 67 CENTRO OBISPO TREJO
682,CEDER PUNILLA,CEDER PUNILLA,VILLA GIARDINO,PUNILLA,CÓRDOBA,140460800,CAÑADA DE LA MERCED Y LA GRUTA S/N  LA GRUTA VILLA GIARDINO
683,CEDER RIO CEBALLOS,CEDER RIO CEBALLOS,RIO CEBALLOS,COLON,CÓRDOBA,140459300,ELADIO S. FESSIA 73 ÑU PORA RIO CEBALLOS
684,CEDER RIO CUARTO,CEDER RIO CUARTO,RIO CUARTO,RIO CUARTO,CÓRDOBA,140462700,BELGRANO 1135 SANTA ROSA RIO CUARTO
685,CEDER RIO TERCERO,CEDER RIO TERCERO,RIO TERCERO,TERCERO ARRIBA,CÓRDOBA,140459200,SAN AGUSTIN 755 MEDIA LUNA RIO TERCERO
686,CEDER SALSACATE,CEDER SALSACATE,SALSACATE,POCHO,CÓRDOBA,140571800,AVENIDA SAN MARTIN 350 EL SALADO RUTA PROVINCIAL Nº 15
687,CEDER SAN FRANCISCO,CEDER SAN FRANCISCO,SAN FRANCISCO,SAN JUSTO,CÓRDOBA,140467100,BELGRANO 2158 CENTRO SAN FRANCISCO
688,CEDER SAN FRANCISCO DEL CHAÑAR,CEDER SAN FRANCISCO DEL CHAÑAR,SAN FRANCISCO DEL CHAÑAR,SOBREMONTE,CÓRDOBA,140467000,ALBERDI S/N°   SAN FRANCISCO DEL CHAÑAR
689,CEDER SAN JOSE DE LA DORMIDA,CEDER SAN JOSE DE LA DORMIDA,SAN JOSE DE LA DORMIDA,TULUMBA,CÓRDOBA,140582600,HIPOLITO YRIGOYEN 466  SAN JOSE DE LA DORMIDA
690,CEDER VILLA ALLENDE,CEDER VILLA ALLENDE,VILLA ALLENDE,COLON,CÓRDOBA,140460900,DERQUI 597 CONDOR BAJO VILLA ALLENDE
691,CEDER VILLA CARLOS PAZ,CEDER VILLA CARLOS PAZ,VILLA CARLOS PAZ,PUNILLA,CÓRDOBA,140460200,CARLOS GARDEL 50 MIGUEL MUÑOZ B VILLA CARLOS PAZ
692,CEDER VILLA DOLORES,CEDER VILLA DOLORES,VILLA DOLORES,SAN JAVIER,CÓRDOBA,140467500,AV. SAN MARTIN 851 9 DE JULIO VILLA DOLORES
693,CEDER VILLA HUIDOBRO,CEDER VILLA HUIDOBRO,VILLA HUIDOBRO,GENERAL ROCA,CÓRDOBA,140553700,AV CARLOS PELLEGRINI 220 NORTE VILLA HUIDOBRO - GENERAL ROCA
694,CEDER VILLA MARIA,CEDER VILLA MARIA,VILLA MARIA,GENERAL SAN MARTIN,CÓRDOBA,140462800,LISANDRO DE LA TORRE 173 CENTRO VILLA MARIA
695,CEFERINO NAMUNCURA,CEFERINO NAMUNCURA,LOS CERROS,SAN ALBERTO,CÓRDOBA,140144600,CALLE PUBLICA S/N°   LOS CERROS P/PAMPA DE ACHALA
696,CEFERINO NAMUNCURA,CEFERINO NAMUNCURA,CAMPO MURPHY,MARCOS JUAREZ,CÓRDOBA,140316400,CALLE PUBLICA S/N°   CAMPO MURPHY P/COLONIA ITALIANA
697,CEFERINO NAMUNCURA,CEFERINO NAMUNCURA,MACHA,TOTORAL,CÓRDOBA,140380600,CALLE PUBLICA S/N   MACHA
302,C.E.N.M.A. Nº 107,CENMA 107,CORDOBA,CAPITAL,CÓRDOBA,140011900,TRANSITO CACERES DE ALLENDE 250 CENTRO B° CENTRO
303,C.E.N.M.A. Nº 107 ANEXO COLINAS DE BELLA VISTA,CENMA 107 ANEXO COLINAS DE BELLA VISTA,CORDOBA,CAPITAL,CÓRDOBA,140011901,LA PAMPA 1600 COLINAS DE BELLA VISTA B°COLINAS DE BELLA VISTA
304,C.E.N.M.A. Nº 107 ANEXO SEDE CAPITAL HUMANO,CENMA 107 ANEXO SEDE CAPITAL HUMANO,CORDOBA,CAPITAL,CÓRDOBA,140011902,ROSARIO DE SANTA FE 650 CENTRO B° CENTRO
305,C.E.N.M.A. Nº 107 ANEXO SEDE EDUCACION A DISTANCIA,CENMA 107 ANEXO SEDE EDUCACION A DISTANCIA,CORDOBA,CAPITAL,CÓRDOBA,140011903,ENTRE RIOS 450 CENTRO B° CENTRO
306,C.E.N.M.A. Nº 107 ANEXO SEDE EDUCACION A DISTANCIA N° 2,CENMA 107 ANEXO SEDE EDUCACION A DISTANCIA 2,CORDOBA,CAPITAL,CÓRDOBA,140011904,SANTIAGO DEL ESTERO  151 CENTRO B° CENTRO
307,C.E.N.M.A. Nº 111,CENMA 111,CORDOBA,CAPITAL,CÓRDOBA,140288200,LA PLATA 990 JUNIORS B° JUNIORS
308,C.E.N.M.A. Nº 111 ANEXO ATILIO LOPEZ,CENMA 111 ANEXO ATILIO LOPEZ,CORDOBA,CAPITAL,CÓRDOBA,140288211,SANTIAGO MORALES 4400 FERREYRA B° FERREYRA (CERCA DEL CAMINO INTERFABRICA E INTERSECCION CON RUTA NACIONAL N°9)
309,C.E.N.M.A. Nº 111 ANEXO B° VILLA RIVADAVIA,CENMA 111 ANEXO B VILLA RIVADAVIA,CORDOBA,CAPITAL,CÓRDOBA,140288216,CAMINO SAN ANTONIO KM 9 1/2   VILLA RIVADAVIA B°VILLA RIVADAVIA - CAMINO SAN ANTONIO KM 9 1/2
310,C.E.N.M.A. Nº 111 ANEXO BARRIO AMPLIACION FERREYRA,CENMA 111 ANEXO BARRIO AMPLIACION FERREYRA,CORDOBA,CAPITAL,CÓRDOBA,140288210,JUAN RAMON ROJAS S/N  AMPLIACION FERREYRA B° AMPLIACION FERREYRA
311,C.E.N.M.A. Nº 111 ANEXO BARRIO OÑA,CENMA 111 ANEXO BARRIO OÑA,CORDOBA,CAPITAL,CÓRDOBA,140288213,AMBOY  3230 OÑA B°OÑA
312,C.E.N.M.A. Nº 111 ANEXO BARRIO SANTA CATALINA,CENMA 111 ANEXO BARRIO SANTA CATALINA,CORDOBA,CAPITAL,CÓRDOBA,140288209,PEDRO LUIS DE CABRERA 3070 JARDIN
261,C.E.N.M.A. N° 111 ANEXO CIUDAD DE MIS SUEÑOS,CENMA 111 ANEXO CIUDAD DE MIS SUEÑOS,CORDOBA,CAPITAL,CÓRDOBA,140288205,CALLE PUBLICA  CIUDAD DE MIS SUEÑOS BARRIO CIUDAD DE MIS SUEÑOS
314,C.E.N.M.A. Nº 111 ANEXO SEDE Bº JUNIORS,CENMA 111 ANEXO SEDE B JUNIORS,CORDOBA,CAPITAL,CÓRDOBA,140288214,FACUNDO ZUVIRIA 1776 JUNIORS B° JUNIORS
313,C.E.N.M.A. Nº 111 ANEXO SEDE BARRIO JARDIN,CENMA 111 ANEXO SEDE BARRIO JARDIN,CORDOBA,CAPITAL,CÓRDOBA,140288215,CELSO BARRIOS ESQ AV. PABLO RICHIERI  JARDIN B° JARDIN
315,C.E.N.M.A. Nº 111 ANEXO SEDE Si.Re.LyF,CENMA 111 ANEXO SEDE Si Re LyF,CORDOBA,CAPITAL,CÓRDOBA,140288212,ITUZAINGO  548 NUEVA CORDOBA BARRIO NUEVA CORDOBA
316,C.E.N.M.A. Nº 125,CENMA 125,CORDOBA,CAPITAL,CÓRDOBA,140429300,MAESTRO LOPEZ ESQ. CRUZ ROJA- UTN  CIUDAD UNIVERSITARIA BARRIO CIUDAD UNIVERSITARIA
262,C.E.N.M.A. N° 125 ANEXO B° IRUPE,CENMA 125 ANEXO B IRUPE,CORDOBA,CAPITAL,CÓRDOBA,140429302,OSTIA 4200 IRUPE B° IRUPE
317,C.E.N.M.A. Nº 125 ANEXO BARRIO ITUZAINGO,CENMA 125 ANEXO BARRIO ITUZAINGO,CORDOBA,CAPITAL,CÓRDOBA,140429303,STEPHENSON 6900 ITUZAINGO BARRIO ITUZAINGO
318,C.E.N.M.A. Nº 125 ANEXO SEDE Bº LAS FLORES,CENMA 125 ANEXO SEDE B LAS FLORES,CORDOBA,CAPITAL,CÓRDOBA,140429305,BERNARDINELLI 3578 LAS FLORES B° LAS FLORES
319,C.E.N.M.A. Nº 128 BRINCKMANN,CENMA 128 BRINCKMANN,BRINCKMANN,SAN JUSTO,CÓRDOBA,140340000,DR. PITT FUNES 547 BARRIO BERTOSSI
263,C.E.N.M.A. N° 128 BRINCKMANN ANEXO FREYRE,CENMA 128 BRINCKMANN ANEXO FREYRE,FREYRE,SAN JUSTO,CÓRDOBA,140340001,BV. BELGRANO 169 CENTRO FREYRE
264,C.E.N.M.A. N° 128 BRINCKMANN ANEXO SEDE COLONIA PROSPERIDAD,CENMA 128 BRINCKMANN ANEXO SEDE COLONIA PROSPERIDAD,COLONIA PROSPERIDAD,SAN JUSTO,CÓRDOBA,140340006,JUAREZ CELMAN 357 CENTRO COLONIA PROSPERIDAD - SAN JUSTO
320,C.E.N.M.A. Nº 128 BRINCKMANN ANEXO SEDE COLONIA VIGNAUD,CENMA 128 BRINCKMANN ANEXO SEDE COLONIA VIGNAUD,COLONIA VIGNAUD,SAN JUSTO,CÓRDOBA,140340007,ANA PASSADORE 611 CENTRO BARRIO CENTRO - COLONIA VIGNAUD
265,C.E.N.M.A. N° 128 BRINCKMANN ANEXO SEDE LA PAQUITA,CENMA 128 BRINCKMANN ANEXO SEDE LA PAQUITA,LA PAQUITA,SAN JUSTO,CÓRDOBA,140340003,ECUADOR 297  LA PAQUITA - SAN JUSTO
321,C.E.N.M.A. Nº 128 BRINCKMANN ANEXO SEDE PORTEÑA,CENMA 128 BRINCKMANN ANEXO SEDE PORTEÑA,PORTEÑA,SAN JUSTO,CÓRDOBA,140340010,AVENIDA CORDOBA 110 GORCHS PORTEÑA
266,C.E.N.M.A. N° 128 BRINCKMANN ANEXO SEDE QUEBRACHO HERRADO,CENMA 128 BRINCKMANN ANEXO SEDE QUEBRACHO HERRADO,QUEBRACHO HERRADO,SAN JUSTO,CÓRDOBA,140340004,SARMIENTO 157  QUEBRACHO HERRADO - SAN JUSTO
322,C.E.N.M.A. Nº 128 BRINCKMANN ANEXO SEDE SEEBER,CENMA 128 BRINCKMANN ANEXO SEDE SEEBER,SEEBER,SAN JUSTO,CÓRDOBA,140340008,9 DE JULIO 230  SEEBER
323,C.E.N.M.A. Nº 135,CENMA 135,CORDOBA,CAPITAL,CÓRDOBA,140236400,SANTA ROSA 1299 ALBERDI B° ALBERDI (ATRAS DE LA CENTRAL DE POLICIA)
324,C.E.N.M.A. Nº 135 ANEXO Bº AMPLIACION LAS PALMAS,CENMA 135 ANEXO B AMPLIACION LAS PALMAS,CORDOBA,CAPITAL,CÓRDOBA,140236402,MANUELA CACIGAS 650 AMPLIACION LAS PALMAS B° AMPLIACION LAS PALMAS
267,C.E.N.M.A. N° 135 ANEXO SEDE ALECYT,CENMA 135 ANEXO SEDE ALECYT,CORDOBA,CAPITAL,CÓRDOBA,140236405,9 DE JULIO 975 ALBERDI B° ALBERDI
325,C.E.N.M.A. Nº 135 ANEXO SEDE SACRA,CENMA 135 ANEXO SEDE SACRA,CORDOBA,CAPITAL,CÓRDOBA,140236404,SANTIAGO DEL ESTERO 333 CENTRO B° CENTRO
326,C.E.N.M.A. Nº 135 ANEXO SEDE SACRA Bº PARQUE LICEO 2º SECCION,CENMA 135 ANEXO SEDE SACRA B PARQUE LICEO 2 SECCION,CORDOBA,CAPITAL,CÓRDOBA,140236407,JOAQUIN CASTELLANOS 4672
327,C.E.N.M.A. Nº 151,CENMA 151,CORDOBA,CAPITAL,CÓRDOBA,140395000,LA CORUÑA 1416 CRISOL SUR BARRIO CRISOL SUR
328,C.E.N.M.A. Nº 151 ANEXO Bº CERVECEROS,CENMA 151 ANEXO B CERVECEROS,CORDOBA,CAPITAL,CÓRDOBA,140395002,RAMON  VILLAFAÑE 2900 CERVECEROS B°  CERVECEROS
268,C.E.N.M.A. N° 151  ANEXO Bº EMPALME,CENMA 151 ANEXO B EMPALME,CORDOBA,CAPITAL,CÓRDOBA,140395001,JUAN LLERENA 5561 SAN JAVIER BARRIO SAN JAVIER
329,C.E.N.M.A. Nº 151 ANEXO SEDE B° AMPLIACION SAN PABLO,CENMA 151 ANEXO SEDE B AMPLIACION SAN PABLO,CORDOBA,CAPITAL,CÓRDOBA,140395004,COPINA  2900 AMPLIACION SAN PABLO
330,C.E.N.M.A. Nº 161 ANEXO PILAR,CENMA 161 ANEXO PILAR,PILAR,RIO SEGUNDO,CÓRDOBA,140242501,RAFAEL NUÑEZ 1058  PILAR
269,C.E.N.M.A. N° 161 ANEXO TOLEDO,CENMA 161 ANEXO TOLEDO,TOLEDO,SANTA MARIA,CÓRDOBA,140242502,BOLIVAR 429  TOLEDO
331,C.E.N.M.A. Nº 161 RIO SEGUNDO,CENMA 161 RIO SEGUNDO,RIO SEGUNDO,RIO SEGUNDO,CÓRDOBA,140242500,SAN MARTIN   RIO SEGUNDO
270,C.E.N.M.A. N° 161 RIO SEGUNDO ANEXO SEDE LOZADA,CENMA 161 RIO SEGUNDO ANEXO SEDE LOZADA,LOZADA,SANTA MARIA,CÓRDOBA,140242503,SARMIENTO 441  LOZADA
332,C.E.N.M.A. No 168,CENMA 168,CORDOBA,CAPITAL,CÓRDOBA,140245900,ROQUE SAENZ PEÑA 1211 COFICO BARRIO COFICO
333,C.E.N.M.A. No 168 ANEXO SEDE SIN.PE.CAF.,CENMA 168 ANEXO SEDE SIN PE CAF,CORDOBA,CAPITAL,CÓRDOBA,140245901,SUCRE 466 CENTRO B° CENTRO
334,C.E.N.M.A. Nº 172 LA FRANCIA,CENMA 172 LA FRANCIA,LA FRANCIA,SAN JUSTO,CÓRDOBA,140357100,PASCUAL LENCINAS ESQ. BV. CÓRDOBA 101  LA FRANCIA
335,C.E.N.M.A. Nº 172 LA FRANCIA ANEXO COLONIA MARINA,CENMA 172 LA FRANCIA ANEXO COLONIA MARINA,COLONIA MARINA,SAN JUSTO,CÓRDOBA,140357101,SARMIENTO 583  COLONIA MARINA
336,C.E.N.M.A. Nº 172 LA FRANCIA ANEXO DEVOTO,CENMA 172 LA FRANCIA ANEXO DEVOTO,DEVOTO,SAN JUSTO,CÓRDOBA,140357102,SARMIENTO 325  DEVOTO
337,C.E.N.M.A. Nº 172 LA FRANCIA ANEXO SEDE SAN BARTOLOME,CENMA 172 LA FRANCIA ANEXO SEDE SAN BARTOLOME,COLONIA SAN BARTOLOME,SAN JUSTO,CÓRDOBA,140357106,LEANDRO N. ALEM 95  COLONIA SAN BARTOLOME
338,C.E.N.M.A. Nº 172 LA FRANCIA ANEXO SEDE VILLA CONCEPCION EL TIO,CENMA 172 LA FRANCIA ANEXO SEDE VILLA CONCEPCION EL TIO,VILLA CONCEPCION DEL TIO,SAN JUSTO,CÓRDOBA,140357105,SAN MARTIN  483  VILLA CONCEPCION DEL TIO
339,C.E.N.M.A. Nº 186,CENMA 186,VILLA DEL ROSARIO,RIO SEGUNDO,CÓRDOBA,140327300,CORRIENTES 852 CENTRO VILLA DEL ROSARIO
340,C.E.N.M.A. Nº 186 ANEXO CALCHIN OESTE,CENMA 186 ANEXO CALCHIN OESTE,CALCHIN OESTE,RIO SEGUNDO,CÓRDOBA,140327307,AVENIDA ALMAFUERTE   CALCHIN OESTE
345,C.E.N.M.A. Nº 186 ANEXO COSTASACATE,CENMA 186 ANEXO COSTASACATE,COSTASACATE,RIO SEGUNDO,CÓRDOBA,140327309,25 DE MAYO S/N°   COSTASACATE
341,C.E.N.M.A. Nº 186 ANEXO DE CALCHIN,CENMA 186 ANEXO DE CALCHIN,CALCHIN,RIO SEGUNDO,CÓRDOBA,140327301,SANTA TERESA 250  CALCHIN
342,C.E.N.M.A. Nº 186 ANEXO LAS JUNTURAS,CENMA 186 ANEXO LAS JUNTURAS,LAS JUNTURAS,RIO SEGUNDO,CÓRDOBA,140327304,ESPAÑA 337 CENTRO BARRIO CENTRO - LAS JUNTURAS
343,C.E.N.M.A. Nº 186 ANEXO MATORRALES,CENMA 186 ANEXO MATORRALES,MATORRALES,RIO SEGUNDO,CÓRDOBA,140327308,CORRIENTES  237  MATORRALES
346,C.E.N.M.A. Nº 186 ANEXO SEDE JOSE M. ALLADIO,CENMA 186 ANEXO SEDE JOSE M ALLADIO,LUQUE,RIO SEGUNDO,CÓRDOBA,140327306,AVENIDA CORDOBA 325  LUQUE - RIO SEGUNDO
344,C.E.N.M.A. Nº 186 ANEXO SEDE LUQUE,CENMA 186 ANEXO SEDE LUQUE,LUQUE,RIO SEGUNDO,CÓRDOBA,140327303,25 DE MAYO 582 CENTRO BARRIO CENTRO - LUQUE
347,C.E.N.M.A. Nº 19,CENMA 19,CORDOBA,CAPITAL,CÓRDOBA,140074100,ANA MARIA JANER 1551 PUEYRREDON
349,C.E.N.M.A. Nº 19 ANEXO Bº YOFRE H,CENMA 19 ANEXO B YOFRE H,CORDOBA,CAPITAL,CÓRDOBA,140074101,MARTIN ALLENDE 2005 YOFRE H
348,C.E.N.M.A. Nº 19 ANEXO SEDE MERCADO DE ABASTO,CENMA 19 ANEXO SEDE MERCADO DE ABASTO,CORDOBA,CAPITAL,CÓRDOBA,140074102,AV. DE LA SEMILLERIA S/N  PALMAR B° PALMAR (MERCADO DE ABASTO)
350,C.E.N.M.A. Nº 191 ALEJO LEDESMA,CENMA 191 ALEJO LEDESMA,ALEJO LEDESMA,MARCOS JUAREZ,CÓRDOBA,140412200,HIPOLITO IRIGOYEN 757 CENTRO ALEJO LEDESMA
351,C.E.N.M.A. Nº 191 ALEJO LEDESMA ANEXO BENJAMIN GOULD,CENMA 191 ALEJO LEDESMA ANEXO BENJAMIN GOULD,BENJAMIN GOULD,UNION,CÓRDOBA,140412203,AV.FUERZA AEREA ARGENTINA 278 CENTRO BENJAMIN GOULD
352,C.E.N.M.A. Nº 191 ALEJO LEDESMA ANEXO GUATIMOZIN,CENMA 191 ALEJO LEDESMA ANEXO GUATIMOZIN,GUATIMOZIN,MARCOS JUAREZ,CÓRDOBA,140412202,ENTRE RIOS NORTE  PEIRANO GUATIMOZIN
353,C.E.N.M.A. Nº 191 ALEJO LEDESMA ANEXO PUEBLO ITALIANO,CENMA 191 ALEJO LEDESMA ANEXO PUEBLO ITALIANO,PUEBLO ITALIANO,UNION,CÓRDOBA,140412201,BUENOS AIRES 474 CENTRO PUEBLO ITALIANO
354,C.E.N.M.A. Nº 195,CENMA 195,MORTEROS,SAN JUSTO,CÓRDOBA,140110800,MARCONI 69 CENTRO MORTEROS
355,C.E.N.M.A. Nº 196,CENMA 196,MONTE MAIZ,UNION,CÓRDOBA,140260700,SALTA 1771 CENTRO MONTE MAIZ
271,C.E.N.M.A. N° 196 ANEXO LABORDE,CENMA 196 ANEXO LABORDE,LABORDE,UNION,CÓRDOBA,140260701,BELGRANO 428 CENTRO LABORDE
356,C.E.N.M.A. Nº 196 ANEXO PASCANAS,CENMA 196 ANEXO PASCANAS,PASCANAS,UNION,CÓRDOBA,140260704,ESPAÑA 16 CENTRO PASCANAS
272,C.E.N.M.A. N° 196 ANEXO SEDE AGROMETAL INGERSOLL,CENMA 196 ANEXO SEDE AGROMETAL INGERSOLL,MONTE MAIZ,UNION,CÓRDOBA,140260705,MISIONES  1974 MONTERREY MONTE MAIZ
273,C.E.N.M.A. N° 196 ANEXO SEDE COLONIA ITALIANA,CENMA 196 ANEXO SEDE COLONIA ITALIANA,COLONIA ITALIANA,MARCOS JUAREZ,CÓRDOBA,140260703,ISLAS MALVINAS   COLONIA ITALIANA
274,C.E.N.M.A. N° 196 ANEXO SEDE WENCESLAO ESCALANTE,CENMA 196 ANEXO SEDE WENCESLAO ESCALANTE,WENCESLAO ESCALANTE,UNION,CÓRDOBA,140260702,ITALIA 1234  WENCESLAO ESCALANTE
357,C.E.N.M.A. Nº 201,CENMA 201,BELL VILLE,UNION,CÓRDOBA,140049400,ENTRE RIOS 457 CENTRO BELL VILLE
358,C.E.N.M.A. Nº 201 ANEXO ALTO ALEGRE,CENMA 201 ANEXO ALTO ALEGRE,ALTO ALEGRE,UNION,CÓRDOBA,140049408,JULIO A ROCA  115  ALTO ALEGRE
275,C.E.N.M.A. N° 201 ANEXO BALLESTEROS (EX IPEM 139),CENMA 201 ANEXO BALLESTEROS (EX IPEM 139),BALLESTEROS,UNION,CÓRDOBA,140049405,ANSELMO G. VAZQUEZ 522 CENTRO BALLESTEROS
359,C.E.N.M.A. Nº 201 ANEXO CINTRA,CENMA 201 ANEXO CINTRA,CINTRA,UNION,CÓRDOBA,140049402,BELGRANO 548 CENTRO CINTRA
276,C.E.N.M.A. N° 201 ANEXO MORRISON (EX IPEM 173),CENMA 201 ANEXO MORRISON (EX IPEM 173),MORRISON,UNION,CÓRDOBA,140049406,MENDOZA 206 NORTE MORRISON
277,C.E.N.M.A. N° 201 ANEXO SAN ANTONIO DE LITIN,CENMA 201 ANEXO SAN ANTONIO DE LITIN,SAN ANTONIO DE LITIN,UNION,CÓRDOBA,140049401,LIBERTAD 342  SAN ANTONIO DE LITIN
360,C.E.N.M.A. Nº 201 ANEXO SEDE MAINERO,CENMA 201 ANEXO SEDE MAINERO,BELL VILLE,UNION,CÓRDOBA,140049407,"BV, COLON 1240 ESTACION BELL VILLE"
278,C.E.N.M.A. N° 201 ANEXO SEDE MONTE LEÑA,CENMA 201 ANEXO SEDE MONTE LEÑA,MONTE LEÑA,UNION,CÓRDOBA,140049403,CARDO 146  MONTE LEÑA
279,C.E.N.M.A. N° 201 ANEXO SEDE SAN MARCOS SUD,CENMA 201 ANEXO SEDE SAN MARCOS SUD,SAN MARCOS SUD,UNION,CÓRDOBA,140049404,LIBERTAD S/N   SAN MARCOS SUD
361,C.E.N.M.A. Nº 202,CENMA 202,SAMPACHO,RIO CUARTO,CÓRDOBA,140060800,INTENDENTE D'ANDREA 86 AMADEO SABATTINI SAMPACHO
280,C.E.N.M.A. N° 202 ANEXO SEDE BULNES,CENMA 202 ANEXO SEDE BULNES,BULNES,RIO CUARTO,CÓRDOBA,140060802,AVENIDA RIVADAVIA  CENTRO BULNES
362,C.E.N.M.A. Nº 211 DR. RENE FAVALORO,CENMA 211 DOCTOR RENE FAVALORO,EMBALSE,CALAMUCHITA,CÓRDOBA,140248400,CAMINO A LA CRUZ  LOS HOTELES EMBALSE P/CAMINO A LA CRUZ
281,C.E.N.M.A. N° 211 DR. RENE FAVALORO ANEXO DE VILLA DEL DIQUE,CENMA 211 DOCTOR RENE FAVALORO ANEXO DE VILLA DEL DIQUE,VILLA DEL DIQUE,CALAMUCHITA,CÓRDOBA,140248401,SARMIENTO 363  VILLA DEL DIQUE
363,C.E.N.M.A. Nº 211 DR. RENE FAVALORO ANEXO LA CRUZ,CENMA 211 DOCTOR RENE FAVALORO ANEXO LA CRUZ,LA CRUZ,CALAMUCHITA,CÓRDOBA,140248405,SARMIENTO 236  LA CRUZ
282,C.E.N.M.A. N° 211 DR. RENE FAVALORO ANEXO SEDE VILLA AMANCAY,CENMA 211 DOCTOR RENE FAVALORO ANEXO SEDE VILLA AMANCAY,VILLA AMANCAY,CALAMUCHITA,CÓRDOBA,140248402,CALLE N° 6   VILLA AMANCAY
364,C.E.N.M.A. Nº 211 DR. RENE FAVALORO ANEXO SEDE VILLA RUMIPAL,CENMA 211 DOCTOR RENE FAVALORO ANEXO SEDE VILLA RUMIPAL,VILLA RUMIPAL,CALAMUCHITA,CÓRDOBA,140248406,SABATTINI
365,C.E.N.M.A. Nº 212,CENMA 212,JUSTINIANO POSSE,UNION,CÓRDOBA,140147700,9 DE JULIO 979 CENTRO JUSTINIANO POSSE - MANZANA HISTORICA
366,C.E.N.M.A. Nº 212 ANEXO AMADEO SABATTINI,CENMA 212 ANEXO AMADEO SABATTINI,ORDOÑEZ,UNION,CÓRDOBA,140147701,CALLE 10 119  ORDOÑEZ
367,C.E.N.M.A. Nº 212 ANEXO MARIA ISABEL SAPPIA,CENMA 212 ANEXO MARIA ISABEL SAPPIA,IDIAZABAL,UNION,CÓRDOBA,140147702,SARMIENTO 325 CENTRO IDIAZABAL - UNION
368,C.E.N.M.A. Nº 214,CENMA 214,CAMILO ALDAO,MARCOS JUAREZ,CÓRDOBA,140160200,BOULEVAR JOSE MARIA ALDAO 1160  CAMILO ALDAO
283,C.E.N.M.A. N° 214 ANEXO CRUZ ALTA,CENMA 214 ANEXO CRUZ ALTA,CRUZ ALTA,MARCOS JUAREZ,CÓRDOBA,140160202,SAN MARTIN 1487 RIVADAVIA CRUZ ALTA
369,C.E.N.M.A. Nº 215,CENMA 215,CORDOBA,CAPITAL,CÓRDOBA,140270900,TRAFALGAR 875 ALTA CORDOBA B° ALTA CORDOBA
374,C.E.N.M.A. Nº 215 ANEXO Nº 6,CENMA 215 ANEXO 6,BOUWER,SANTA MARIA,CÓRDOBA,140270906,CAMINO A DESPEÑADEROS KM 7 ½   CAMINO A DESPEÑADEROS KM 7 ½
370,C.E.N.M.A. Nº 215 ANEXO B°AMPLIACION RESIDENCIAL AMERICA,CENMA 215 ANEXO BAMPLIACION RESIDENCIAL AMERICA,CORDOBA,CAPITAL,CÓRDOBA,140270903,JAMAICA 915 AMPLIACION RESIDENCIAL AMERICA B° AMPLIACION RESIDENCIAL AMERICA
371,C.E.N.M.A. Nº 215 ANEXO ESTEBAN ECHEVERRIA,CENMA 215 ANEXO ESTEBAN ECHEVERRIA,CORDOBA,CAPITAL,CÓRDOBA,140270902,COLOMBRES ESQ. ZAPIOLA  SAN MARTIN B° SAN MARTIN
372,C.E.N.M.A. Nº 215 ANEXO EXTENSION AULICA Bº  MARCELO T. DE ALVEAR,CENMA 215 ANEXO EXTENSION AULICA B MARCELO T DE ALVEAR,CORDOBA,CAPITAL,CÓRDOBA,140270904,PABLO NERUDA 50 VILLA AZALAIS OESTE B° VILLA AZALAIS OESTE
373,C.E.N.M.A. Nº 215 ANEXO EXTENSION AULICA JUAN JOSE PASO,CENMA 215 ANEXO EXTENSION AULICA JUAN JOSE PASO,CORDOBA,CAPITAL,CÓRDOBA,140270905,PLATON 3030 ANA MARIA ZUMARAN Bº ANA MARIA ZUMARAN
375,C.E.N.M.A. Nº 215 ANEXO SEDE Bº AMPLIACION RESIDENCIAL AMERICA,CENMA 215 ANEXO SEDE B AMPLIACION RESIDENCIAL AMERICA,CORDOBA,CAPITAL,CÓRDOBA,140270907,JOSE FRANCO 541 AMPLIACION RESIDENCIAL AMERICA B° AMPLIACION RESIDENCIAL AMERICA
376,C.E.N.M.A. Nº 215 ANEXO SEDE Bº GENERAL BUSTOS (A.SABATTINI),CENMA 215 ANEXO SEDE B GENERAL BUSTOS (A SABATTINI),CORDOBA,CAPITAL,CÓRDOBA,140270901,PABLO NERUDA 50 VILLA AZALAIS OESTE B° VILLA AZALAIS OESTE
377,C.E.N.M.A. Nº 216,CENMA 216,VILLA ALLENDE,COLON,CÓRDOBA,140429400,GOYCOECHEA 150 CENTRO VILLA ALLENDE
378,C.E.N.M.A. Nº 216 ANEXO SALDAN,CENMA 216 ANEXO SALDAN,SALDAN,COLON,CÓRDOBA,140429402,VELEZ SARSFIELD 647 CENTRO SALDAN
379,C.E.N.M.A. Nº 216 ANEXO SEDE EDUCACION A DISTANCIA PARQUE EDUCATIVO NOROESTE,CENMA 216 ANEXO SEDE EDUCACION A DISTANCIA PARQUE EDUCATIVO NOROESTE,VILLA ALLENDE,COLON,CÓRDOBA,140429406,MACHA S/N  B°VILLA ALLENDE PARQUE VILLA ALLENDE
380,C.E.N.M.A. Nº 216 ANEXO VILLA ALLENDE ANEXO SEDE EDUCACION A DISTANCIA,CENMA 216 ANEXO VILLA ALLENDE ANEXO SEDE EDUCACION A DISTANCIA,VILLA ALLENDE,COLON,CÓRDOBA,140429405,GOYCOECHEA 150  VILLA ALLENDE - COLON
381,C.E.N.M.A. Nº 216 ANEXO VILLA RIVERA INDARTE,CENMA 216 ANEXO VILLA RIVERA INDARTE,CORDOBA,CAPITAL,CÓRDOBA,140429407,QUILLOAMIRA ESQ LABORDE  VILLA RIVERA INDARTE
382,C.E.N.M.A. Nº 217,CENMA 217,VILLA CARLOS PAZ,PUNILLA,CÓRDOBA,140239500,SAN MARTIN 255 CENTRO VILLA CARLOS PAZ
284,C.E.N.M.A. N° 217 ANEXO ICHO CRUZ,CENMA 217 ANEXO ICHO CRUZ,VILLA RIO ICHO CRUZ,PUNILLA,CÓRDOBA,140239505,SAN MARTIN   ICHO CRUZ
383,C.E.N.M.A. Nº 217 ANEXO SEDE COOPI,CENMA 217 ANEXO SEDE COOPI,VILLA CARLOS PAZ,PUNILLA,CÓRDOBA,140239506,PARAGUAY 1260 LOS ALGARROBOS
285,C.E.N.M.A. N° 217 ANEXO TANTI,CENMA 217 ANEXO TANTI,TANTI,PUNILLA,CÓRDOBA,140239501,RUTA PROVINCIAL  38 SAN MIGUEL SAN FRANCISCO 33 - BOMBEROS VOLUNTARIOS
286,C.E.N.M.A. N° 217 ANEXO VILLA STA.CRUZ DEL LAGO,CENMA 217 ANEXO VILLA SANTA CRUZ DEL LAGO,VILLA SANTA CRUZ DEL LAGO,PUNILLA,CÓRDOBA,140239502,LAS AZUCENAS S/N  CENTRO VILLA SANTA CRUZ DEL LAGO
384,C.E.N.M.A. Nº 23,CENMA 23,CORDOBA,CAPITAL,CÓRDOBA,140294900,JULIAN PAZ 1851 VILLA CABRERA B° VILLA CABRERA
385,C.E.N.M.A. Nº 23 ANEXO BARRIO MARQUES DE SOBREMONTE,CENMA 23 ANEXO BARRIO MARQUES DE SOBREMONTE,CORDOBA,CAPITAL,CÓRDOBA,140294905,FRANCISCO SUAREZ 3760 MARQUEZ DE SOBREMONTE-ANEXO B° MARQUES DE SOBREMONTE-ANEXO
386,C.E.N.M.A. Nº 232,CENMA 232,CORDOBA,CAPITAL,CÓRDOBA,140194200,LA RIOJA 1450 ALBERDI B° ALBERDI-(LA RIOJA 1450 2°PISO)
388,C.E.N.M.A. Nº 232 ANEXO EXTENSION AULICA Bº LA FRANCE,CENMA 232 ANEXO EXTENSION AULICA B LA FRANCE,CORDOBA,CAPITAL,CÓRDOBA,140194206,AVENIDA CARDEÑOSA 2815 LA FRANCE Bº LA FRANCE
287,C.E.N.M.A. N° 232 ANEXO LOS BOULEVARES,CENMA 232 ANEXO LOS BOULEVARES,CORDOBA,CAPITAL,CÓRDOBA,140194205,AVENIDA LOS ALEMANES 4200 LOS BOULEVARES BARRIO LOS BOULEVARES
288,C.E.N.M.A. N° 232 ANEXO SEDE SELC,CENMA 232 ANEXO SEDE SELC,CORDOBA,CAPITAL,CÓRDOBA,140194204,DEAN FUNES 64 CENTRO B° CENTRO
387,C.E.N.M.A. Nº 232 ANEXO U.N.C. SEDE A DISTANCIA,CENMA 232 ANEXO UNC SEDE A DISTANCIA,CORDOBA,CAPITAL,CÓRDOBA,140194202,VALPARAISO  CIUDAD UNIVERSITARIA
389,C.E.N.M.A. Nº 24,CENMA 24,RIO CUARTO,RIO CUARTO,CÓRDOBA,140176400,BAIGORRIA 463 CENTRO RIO CUARTO
289,C.E.N.M.A. N° 24 ANEXO B° ROQUE SAENZ PEÑA,CENMA 24 ANEXO B ROQUE SAENZ PEÑA,RIO CUARTO,RIO CUARTO,CÓRDOBA,140176407,LA RIOJA 1600 PROGRESO RIO CUARTO
290,C.E.N.M.A. N° 24 ANEXO BARRIO ALBERDI,CENMA 24 ANEXO BARRIO ALBERDI,RIO CUARTO,RIO CUARTO,CÓRDOBA,140176406,Belisario Roldan 535 ALBERDI RIO CUARTO
291,C.E.N.M.A. N° 24 ANEXO SEDE HOLMERG,CENMA 24 ANEXO SEDE HOLMERG,SANTA CATALINA,RIO CUARTO,CÓRDOBA,140176408,AVENIDA BUENOS AIRES 725 CENTRO SANTA CATALINA (HOLMBERG)
292,C.E.N.M.A. N° 24 ANEXO SEDE MUNICIPALIDAD DE RIO CUARTO,CENMA 24 ANEXO SEDE MUNICIPALIDAD DE RIO CUARTO,RIO CUARTO,RIO CUARTO,CÓRDOBA,140176402,PJE CONCEPCION 650 CENTRO RIO CUARTO
390,C.E.N.M.A. Nº 242,CENMA 242,VILLA DE MARIA,RIO SECO,CÓRDOBA,140429600,RECONQUISTA ESQ.ING.LEOPOLDO CARO   VILLA MARIA DE RIO SECO
391,C.E.N.M.A. Nº 242 ANEXO SEDE EUFRASIO LOZA LOS HOYOS,CENMA 242 ANEXO SEDE EUFRASIO LOZA LOS HOYOS,LOS HOYOS,RIO SECO,CÓRDOBA,140429613,CALLE PUBLICA   LOS HOYOS
392,C.E.N.M.A. Nº 242 ANEXO SEDE GUTEMBERG,CENMA 242 ANEXO SEDE GUTEMBERG,GUTEMBERG,RIO SECO,CÓRDOBA,140429614,CALLE PUBLICA S/N    GUTEMBERG
393,C.E.N.M.A. Nº 242 ANEXO SEDE RAYO CORTADO,CENMA 242 ANEXO SEDE RAYO CORTADO,RAYO CORTADO,RIO SECO,CÓRDOBA,140429605,CALLE PUBLICA   RAYO CORTADO
394,C.E.N.M.A. Nº 243,CENMA 243,CORONEL MOLDES,RIO CUARTO,CÓRDOBA,140176300,GENERAL PAZ 550 JARDIN CORONEL MOLDES
395,C.E.N.M.A. Nº 243  ANEXO SEDE AGEC,CENMA 243 ANEXO SEDE AGEC,RIO CUARTO,RIO CUARTO,CÓRDOBA,140176301,CABRERA 331 CENTRO RIO CUARTO
91,C.E.N.M.A Nº 285 VICUÑA MACKENNA,CENMA 285 VICUÑA MACKENNA,VICUÑA MACKENNA,RIO CUARTO,CÓRDOBA,140092000,ARTURO ILLIA  261 SUR
293,C.E.N.M.A. N° 285 VICUÑA MACKENNA ANEXO GENERAL LEVALLE,CENMA 285 VICUÑA MACKENNA ANEXO GENERAL LEVALLE,GENERAL LEVALLE,PRESIDENTE ROQUE SAENZ PEÑA,CÓRDOBA,140092003,PELEGRINI 331 CENTRO GENERAL LEVALLE
92,C.E.N.M.A Nº 285 VICUÑA MACKENNA ANEXO JOVITA,CENMA 285 VICUÑA MACKENNA ANEXO JOVITA,JOVITA,GENERAL ROCA,CÓRDOBA,140092005,GUEMES 220  JOVITA
294,C.E.N.M.A. N° 285 VICUÑA MACKENNA ANEXO LA CAUTIVA,CENMA 285 VICUÑA MACKENNA ANEXO LA CAUTIVA,LA CAUTIVA,RIO CUARTO,CÓRDOBA,140092001,INTENDENTE JOSE BONILLA   LA CAUTIVA
93,C.E.N.M.A Nº 285 VICUÑA MACKENNA ANEXO MATTALDI,CENMA 285 VICUÑA MACKENNA ANEXO MATTALDI,MATTALDI,GENERAL ROCA,CÓRDOBA,140092004,TUCUMAN 225 CENTRO MATTALDI
396,C.E.N.M.A. Nº 291,CENMA 291,MONTE BUEY,MARCOS JUAREZ,CÓRDOBA,140409900,MARIANO MORENO  480  MONTE BUEY
397,C.E.N.M.A. Nº 291 ANEXO DE INRIVILLE,CENMA 291 ANEXO DE INRIVILLE,INRIVILLE,MARCOS JUAREZ,CÓRDOBA,140409901,SARMIENTO 220  INRIVILLE
398,C.E.N.M.A. Nº 291 ANEXO LOS SURGENTES,CENMA 291 ANEXO LOS SURGENTES,LOS SURGENTES,MARCOS JUAREZ,CÓRDOBA,140409902,AVENIDA RIVADAVIA 278  LOS SURGENTES - MARCOS JUAREZ
80,C.E.N.M.A  Nº 295,CENMA 295,MALAGUEÑO,SANTA MARIA,CÓRDOBA,140013400,M.N. DE FERREYRA 198 CENTRO MALAGUEÑO
399,C.E.N.M.A. Nº 295 ANEXO Bº COLINAS DE VILLA CARLOS PAZ,CENMA 295 ANEXO B COLINAS DE VILLA CARLOS PAZ,VILLA CARLOS PAZ,PUNILLA,CÓRDOBA,140013401,ROMA  COLINAS VILLA CARLOS PAZ
94,C.E.N.M.A Nº 295 ANEXO SEDE VILLA SAN NICOLAS,CENMA 295 ANEXO SEDE VILLA SAN NICOLAS,MALAGUEÑO,SANTA MARIA,CÓRDOBA,140013404,SEGUNDO DURATI RODRIGUEZ ESQ AV CARLOS PAZ  VILLA SAN NICOLAS
400,C.E.N.M.A. Nº 296 JOSE ALBERTO RAMON,CENMA 296 JOSE ALBERTO RAMON,NOETINGER,UNION,CÓRDOBA,140373700,SARMIENTO 152 CENTRO NOETINGER
405,C.E.N.M.A. Nº 297 ANEXO ALTOS DE CHIPION,CENMA 297 ANEXO ALTOS DE CHIPION,ALTOS DE CHIPION,SAN JUSTO,CÓRDOBA,140192401,SARMIENTO 543  ALTOS DE CHIPION
401,C.E.N.M.A. Nº 297 INTE. WALTER DOMINGO TRUJILLO,CENMA 297 INTENDENTE WALTER DOMINGO TRUJILLO,BALNEARIA,SAN JUSTO,CÓRDOBA,140192400,25 DE MAYO 271
402,C.E.N.M.A. Nº 297 INTE. WALTER DOMINGO TRUJILLO ANEXO EXTENSION AULICA MIRAMAR,CENMA 297 INTENDENTE WALTER DOMINGO TRUJILLO ANEXO EXTENSION AULICA MIRAMAR,MIRAMAR,SAN JUSTO,CÓRDOBA,140192402,JERONIMO LUIS DE CABRERA   MIRAMAR
403,C.E.N.M.A. Nº 297 INTE. WALTER DOMINGO TRUJILLO ANEXO SEDE LA PARA,CENMA 297 INTENDENTE WALTER DOMINGO TRUJILLO ANEXO SEDE LA PARA,LA PARA,RIO PRIMERO,CÓRDOBA,140192403,MARIANO MORENO  1020 CENTRO 
404,C.E.N.M.A. Nº 297 INTE. WALTER DOMINGO TRUJILLO ANEXO SEDE MARULL,CENMA 297 INTENDENTE WALTER DOMINGO TRUJILLO ANEXO SEDE MARULL,MARULL,SAN JUSTO,CÓRDOBA,140192404,SAENZ PEÑA 275  MARULL
406,C.E.N.M.A. Nº 298,CENMA 298,ADELIA MARIA,RIO CUARTO,CÓRDOBA,140188700,HIPOLITO IRIGOYEN 525  ADELIA MARIA
295,C.E.N.M.A. N° 298 ANEXO MONTE DE LOS GAUCHOS,CENMA 298 ANEXO MONTE DE LOS GAUCHOS,MONTE DE LOS GAUCHOS,RIO CUARTO,CÓRDOBA,140188702,AMADEO SABATTINI 408  MONTE LOS GAUCHOS
407,C.E.N.M.A. Nº 298 ANEXO SAN BASILIO,CENMA 298 ANEXO SAN BASILIO,SAN BASILIO,RIO CUARTO,CÓRDOBA,140188701,AV. SAN MARTIN 595  SAN BASILIO
408,C.E.N.M.A. Nº 309,CENMA 309,LA CALERA,COLON,CÓRDOBA,140408300,AVENIDA SAN MARTIN 772 CENTRO LA CALERA
445,C.E.N.M.A. No. 346,CENMA 346,UCACHA,JUAREZ CELMAN,CÓRDOBA,140101900,JOSE MARIA PAZ 72 CENTRO UCACHA
446,C.E.N.M.A. No. 346 ANEXO BENGOLEA,CENMA 346 ANEXO BENGOLEA,BENGOLEA,JUAREZ CELMAN,CÓRDOBA,140101901,SAN MARTIN 626  BENGOLEA
448,C.E.N.M.A. No. 346 ANEXO SEDE CHARRAS,CENMA 346 ANEXO SEDE CHARRAS,CHARRAS,JUAREZ CELMAN,CÓRDOBA,140101905,SARMIENTO 92 CENTRO CHARRAS
447,C.E.N.M.A. No. 346 ANEXO SEDE LA LAGUNA,CENMA 346 ANEXO SEDE LA LAGUNA,LA LAGUNA,GENERAL SAN MARTIN,CÓRDOBA,140101903,SAN MARTIN 262  LA LAGUNA
409,C.E.N.M.A. Nº 60 ARROYITO,CENMA 60 ARROYITO,ARROYITO,SAN JUSTO,CÓRDOBA,140393700,MARCELINO BERNARDI 351  ARROYITO
296,C.E.N.M.A. N° 60 ARROYITO ANEXO EL TIO,CENMA 60 ARROYITO ANEXO EL TIO,EL TIO,SAN JUSTO,CÓRDOBA,140393702,CAPITAN GABRIEL DEL VALLE 152
410,C.E.N.M.A. Nº 60 ARROYITO ANEXO EXTENSION AULICA TRANSITO,CENMA 60 ARROYITO ANEXO EXTENSION AULICA TRANSITO,TRANSITO,SAN JUSTO,CÓRDOBA,140393703,LEOPOLDO LUGONES 88  TRANSITO
297,C.E.N.M.A. N° 60 ARROYITO ANEXO LA TORDILLA,CENMA 60 ARROYITO ANEXO LA TORDILLA,LA TORDILLA O COLONIA LA TORDILLA,SAN JUSTO,CÓRDOBA,140393701,8 DE SEPTIEMBRE 107  LA TORDILLA
411,C.E.N.M.A. Nº 60 ARROYITO ANEXO SEDE EL FUERTECITO,CENMA 60 ARROYITO ANEXO SEDE EL FUERTECITO,EL FUERTECITO,SAN JUSTO,CÓRDOBA,140393706,ALICIA ROSSI DE COMBA 441  EL FUERTECITO
412,C.E.N.M.A. Nº 61,CENMA 61,ALCIRA,RIO CUARTO,CÓRDOBA,140388500,GRAL. ROCA 643 CENTRO ALCIRA GIGENA
298,C.E.N.M.A. N° 61 ANEXO DE RIO DE LOS SAUCES,CENMA 61 ANEXO DE RIO DE LOS SAUCES,RIO DE LOS SAUCES,CALAMUCHITA,CÓRDOBA,140388501,SARMIENTO S/N°   RIO DE LOS SAUCES
413,C.E.N.M.A. Nº 61 ANEXO ELENA,CENMA 61 ANEXO ELENA,ELENA,RIO CUARTO,CÓRDOBA,140388504,TUCUMAN 72  ELENA
414,C.E.N.M.A. Nº 61 ANEXO SEDE BERROTARAN,CENMA 61 ANEXO SEDE BERROTARAN,BERROTARAN,RIO CUARTO,CÓRDOBA,140388505,SARMIENTO  445 NORTE BERROTARAN
415,C.E.N.M.A. Nº 61 ANEXO SEDE CAÑADA DEL SAUCE,CENMA 61 ANEXO SEDE CAÑADA DEL SAUCE,CAÑADA DEL SAUCE,CALAMUCHITA,CÓRDOBA,140388503,FRANCISCO CESAR S/N°   CAÑADA DEL SAUCE
416,C.E.N.M.A. Nº 61 ANEXO SEDE LAS CALERAS,CENMA 61 ANEXO SEDE LAS CALERAS,LAS CALERAS,CALAMUCHITA,CÓRDOBA,140388502,PRESIDENTE PERON S/N°   LAS CALERAS
417,C.E.N.M.A. Nº 70 COMPAÑERO HUGO ESTANISLAO OCHOA,CENMA 70 COMPAÑERO HUGO ESTANISLAO OCHOA,CORDOBA,CAPITAL,CÓRDOBA,140061800,SANTA ROSA 650 ALBERDI B° ALBERDI
419,C.E.N.M.A. Nº 70 COMPAÑERO HUGO ESTANISLAO OCHOA ANEXO Bº ARTURO CAPDEVILA,CENMA 70 COMPAÑERO HUGO ESTANISLAO OCHOA ANEXO B ARTURO CAPDEVILA,CORDOBA,CAPITAL,CÓRDOBA,140061801,AVENIDA FEDERICO RAUCH 2790 ARTURO CAPDEVILA
418,C.E.N.M.A. Nº 70 COMPAÑERO HUGO ESTANISLAO OCHOA ANEXO BARRIO CIUDAD OBISPO ANGELELLI,CENMA 70 COMPAÑERO HUGO ESTANISLAO OCHOA ANEXO BARRIO CIUDAD OBISPO ANGELELLI,CORDOBA,CAPITAL,CÓRDOBA,140061802,CALLE PUBLICA S/N  CIUDAD OBISPO ANGELELLI B° CIUDAD OBISPO ANGELELLI (CNO.SAN ANTONIO KM 8)
420,C.E.N.M.A. Nº 70 COMPAÑERO HUGO ESTANISLAO OCHOA ANEXO SEDE CEB B° CAPDEVILA,CENMA 70 COMPAÑERO HUGO ESTANISLAO OCHOA ANEXO SEDE CEB B CAPDEVILA,CORDOBA,CAPITAL,CÓRDOBA,140061803,AVENIDA FEDERICO RAUCH  2708
421,C.E.N.M.A. Nº 71,CENMA 71,CORDOBA,CAPITAL,CÓRDOBA,140046000,JUAN BARRIENTOS ESQ FORMOSA  LAS VIOLETAS
422,C.E.N.M.A. Nº 71 ANEXO BARRIO PARQUE REPUBLICA,CENMA 71 ANEXO BARRIO PARQUE REPUBLICA,CORDOBA,CAPITAL,CÓRDOBA,140046004,LLAQUELEN 5500 PARQUE REPUBLICA BARRIO PARQUE REPUBLICA
299,C.E.N.M.A. N° 71 ANEXO EXTENSION AULICA Bº LOS ROBLES,CENMA 71 ANEXO EXTENSION AULICA B LOS ROBLES,CORDOBA,CAPITAL,CÓRDOBA,140046003,CALLE PUBLICA  LOS ROBLES B° LOS ROBLES
423,C.E.N.M.A. Nº 71 ANEXO SEDE Bº PARQUE REPUBLICA,CENMA 71 ANEXO SEDE B PARQUE REPUBLICA,CORDOBA,CAPITAL,CÓRDOBA,140046007,CHOCORI  1194 PARQUE REPUBLICA
424,C.E.N.M.A. Nº 73 DR. ARTURO JAURETCHE,CENMA 73 DOCTOR ARTURO JAURETCHE,RIO CUARTO,RIO CUARTO,CÓRDOBA,140140900,SOBREMONTE 1357 CENTRO RIO CUARTO
300,C.E.N.M.A. N° 73 DR. ARTURO JAURETCHE ANEXO N° 01,CENMA 73 DOCTOR ARTURO JAURETCHE ANEXO 1,RIO CUARTO,RIO CUARTO,CÓRDOBA,140140904,AV.SABATTINI 2652 GENERAL PAZ RIO CUARTO
427,C.E.N.M.A. Nº 73 DR. ARTURO JAURETCHE ANEXO Bº SAN MARTIN,CENMA 73 DOCTOR ARTURO JAURETCHE ANEXO B SAN MARTIN,RIO CUARTO,RIO CUARTO,CÓRDOBA,140140915,"RUY DIAZ GUZMAN 499 SAN MARTIN JUNTO AL PUENTE COLGANTE DEL BICENTENARIO, RIBERA NORTE"
426,C.E.N.M.A. Nº 73 DR. ARTURO JAURETCHE ANEXO BARRIO PIZARRO,CENMA 73 DOCTOR ARTURO JAURETCHE ANEXO BARRIO PIZARRO,RIO CUARTO,RIO CUARTO,CÓRDOBA,140140912,GERONIMO DEL BARCO 3075 PIZARRO
425,C.E.N.M.A. Nº 73 DR. ARTURO JAURETCHE ANEXO CIUDAD NUEVA,CENMA 73 DOCTOR ARTURO JAURETCHE ANEXO CIUDAD NUEVA,RIO CUARTO,RIO CUARTO,CÓRDOBA,140140911,DR.CARLOS GAUDARD 3480 CIUDAD NUEVA
428,C.E.N.M.A. Nº 73 DR. ARTURO JAURETCHE ANEXO SEDE EDUCACION A DISTANCIA,CENMA 73 DOCTOR ARTURO JAURETCHE ANEXO SEDE EDUCACION A DISTANCIA,RIO CUARTO,RIO CUARTO,CÓRDOBA,140140906,SOBREMONTE 1353 CENTRO RIO CUARTO
429,C.E.N.M.A. Nº 73 DR. ARTURO JAURETCHE ANEXO SEDE LAS ALBAHACAS,CENMA 73 DOCTOR ARTURO JAURETCHE ANEXO SEDE LAS ALBAHACAS,LAS ALBAHACAS,RIO CUARTO,CÓRDOBA,140140913,MORENO S/N   LAS ALBAHACAS
430,C.E.N.M.A. Nº 73 DR. ARTURO JAURETCHE ANEXO SEDE LIBERO PIERINI,CENMA 73 DOCTOR ARTURO JAURETCHE ANEXO SEDE LIBERO PIERINI,RIO CUARTO,RIO CUARTO,CÓRDOBA,140140914,AV ESPAÑA 171 CENTRO
431,C.E.N.M.A. Nº 81 VILLA HUIDOBRO,CENMA 81 VILLA HUIDOBRO,VILLA HUIDOBRO,GENERAL ROCA,CÓRDOBA,140157600,ELSA VENTURINI 327 CENTRO VILLA HUIDOBRO
432,C.E.N.M.A. Nº 81 VILLA HUIDOBRO ANEXO ITALO,CENMA 81 VILLA HUIDOBRO ANEXO ITALO,ITALO,GENERAL ROCA,CÓRDOBA,140157601,LAVALLE 186  ITALO
433,C.E.N.M.A. Nº 94,CENMA 94,CORDOBA,CAPITAL,CÓRDOBA,140227600,AV. COLON 2772 ALTO ALBERDI B° ALTO ALBERDI
301,C.E.N.M.A. N° 94 ANEXO EXTENSION AULICA Bº ROSEDAL,CENMA 94 ANEXO EXTENSION AULICA B ROSEDAL,CORDOBA,CAPITAL,CÓRDOBA,140227604,OCTAVIANO NAVARRO  ROSEDAL ANEXO B° ROSEDAL ANEXO
434,C.E.N.M.A. Nº 94 ANEXO HIPOLITO VIEYTES,CENMA 94 ANEXO HIPOLITO VIEYTES,CORDOBA,CAPITAL,CÓRDOBA,140227605,JUAN HIPOLITO VIEYTES 185 ALTO ALBERDI B° ALTO ALBERDI
435,C.E.N.M.A. Nº 94 ANEXO SEDE Bº VILLA SIBURU,CENMA 94 ANEXO SEDE B VILLA SIBURU,CORDOBA,CAPITAL,CÓRDOBA,140227606,FRANCISCO BODEREAU 3670 VILLA SIBURU FUNCIONA EN CIC
436,C.E.N.M.A. Nº 96,CENMA 96,VILLA MARIA,GENERAL SAN MARTIN,CÓRDOBA,140131200,SANTA FE 643 CENTRO SUR VILLA MARIA
438,C.E.N.M.A. Nº 96 ANEXO AUSONIA,CENMA 96 ANEXO AUSONIA,AUSONIA,GENERAL SAN MARTIN,CÓRDOBA,140131210,COLON ESQUINA RIVADAVIA
439,C.E.N.M.A. Nº 96 ANEXO ETRURIA,CENMA 96 ANEXO ETRURIA,ETRURIA,GENERAL SAN MARTIN,CÓRDOBA,140131209,BV. SARMIENTO 320
440,C.E.N.M.A. Nº 96 ANEXO EXTENSION AULICA BARRIO SAN MARTIN,CENMA 96 ANEXO EXTENSION AULICA BARRIO SAN MARTIN,VILLA MARIA,GENERAL SAN MARTIN,CÓRDOBA,140131206,BUENOS AIRES 2314 SAN MARTIN VILLA MARIA
441,C.E.N.M.A. Nº 96 ANEXO SEDE C.E.C,CENMA 96 ANEXO SEDE CEC,VILLA MARIA,GENERAL SAN MARTIN,CÓRDOBA,140131207,BUENOS AIRES  1341  VILLA MARIA
442,C.E.N.M.A. Nº 96 ANEXO SEDE COMBINADA EN LINEA,CENMA 96 ANEXO SEDE COMBINADA EN LINEA,VILLA MARIA,GENERAL SAN MARTIN,CÓRDOBA,140131212,AV ALVEAR 2300 LAS PLAYAS
443,C.E.N.M.A. Nº 96 ANEXO SEDE UOM,CENMA 96 ANEXO SEDE UOM,VILLA MARIA,GENERAL SAN MARTIN,CÓRDOBA,140131213,BUENOS AIRES 1471
437,C.E.N.M.A. Nº 96 ANEXO TIO PUJIO,CENMA 96 ANEXO TIO PUJIO,TIO PUJIO,GENERAL SAN MARTIN,CÓRDOBA,140131201,JUAN DOMINGO PERON 66  TIO PUJIO
444,C.E.N.M.A. Nº 96 VILLA MARIA ANEXO CENCAR,CENMA 96 VILLA MARIA ANEXO CENCAR,VILLA NUEVA,GENERAL SAN MARTIN,CÓRDOBA,140131211,DEAN FUNES 757 TRÁNSITO CABANILLAS VILLA NUEVA
95,C.E.N.M.A. AGUSTIN TOSCO,CENMA AGUSTIN TOSCO,CORDOBA,CAPITAL,CÓRDOBA,140333600,DEAN FUNES 417 CENTRO B° CENTRO
96,C.E.N.M.A. AGUSTIN TOSCO ANEXO SEDE Bº GUIÑAZU,CENMA AGUSTIN TOSCO ANEXO SEDE B GUIÑAZU,CORDOBA,CAPITAL,CÓRDOBA,140333604,CORTADA DEL ROSARIO 657 GUIÑAZU 
97,C.E.N.M.A. AIME PAINE,CENMA AIME PAINE,SACANTA,SAN JUSTO,CÓRDOBA,140042600,BELGRANO 960 SAN JOSE SACANTA
98,C.E.N.M.A. AIME PAINE ANEXO ALICIA,CENMA AIME PAINE ANEXO ALICIA,ALICIA,SAN JUSTO,CÓRDOBA,140042604,LA RIOJA 526  ALICIA
99,C.E.N.M.A. AIME PAINE ANEXO EL ARAÑADO,CENMA AIME PAINE ANEXO EL ARAÑADO,EL ARAÑADO,SAN JUSTO,CÓRDOBA,140042601,25 DE MAYO 381  EL ARAÑADO
100,C.E.N.M.A. AIME PAINE ANEXO SEDE EL FORTIN,CENMA AIME PAINE ANEXO SEDE EL FORTIN,EL FORTIN,SAN JUSTO,CÓRDOBA,140042603,BOULEVAR  HORACIO SHEDDEN   EX ESTACION DEL FERROCARRIL
102,C.E.N.M.A. AIME PAINE ANEXO SEDE LAS VARAS,CENMA AIME PAINE ANEXO SEDE LAS VARAS,LAS VARAS,SAN JUSTO,CÓRDOBA,140042606,FALUCHO Y SHANCAY   LAS VARAS
101,C.E.N.M.A. AIME PAINE ANEXO SEDE LAS VARILLAS,CENMA AIME PAINE ANEXO SEDE LAS VARILLAS,LAS VARILLAS,SAN JUSTO,CÓRDOBA,140042605,SARGENTO CABRAL 521  LAS VARILLAS
103,C.E.N.M.A. ALEJANDRO CARBO,CENMA ALEJANDRO CARBO,CORDOBA,CAPITAL,CÓRDOBA,140509800,RIO GRANDE  RESIDENCIAL SANTA ROSA B° RESIDENCIAL SANTA ROSA
104,C.E.N.M.A. ALEJANDRO CARBO ANEXO BARRIO CABILDO,CENMA ALEJANDRO CARBO ANEXO BARRIO CABILDO,CORDOBA,CAPITAL,CÓRDOBA,140509802,USHUAIA 2150 CABILDO B° CABILDO
105,C.E.N.M.A. ALEJANDRO CARBO ANEXO VILLA LIBERTADOR,CENMA ALEJANDRO CARBO ANEXO VILLA LIBERTADOR,CORDOBA,CAPITAL,CÓRDOBA,140509801,CARMELO IBARRA  VILLA EL LIBERTADOR B° VILLA EL LIBERTADOR
106,C.E.N.M.A. ALEJANDRO ROCA,CENMA ALEJANDRO ROCA,ALEJANDRO ROCA,JUAREZ CELMAN,CÓRDOBA,140100900,VELEZ SARSFIELD 625  ALEJANDRO ROCA
107,C.E.N.M.A. ALEJANDRO ROCA ANEXO REDUCCION,CENMA ALEJANDRO ROCA ANEXO REDUCCION,REDUCCION,JUAREZ CELMAN,CÓRDOBA,140100901,MANUEL DE LA LASTRA  623 CENTRO REDUCCION
108,C.E.N.M.A. ALMAFUERTE,CENMA ALMAFUERTE,ALMAFUERTE,TERCERO ARRIBA,CÓRDOBA,140305800,URUGUAY 55 LAS HERAS ALMAFUERTE
109,C.E.N.M.A. ALMAFUERTE ANEXO Bº VILLA EL SALTO,CENMA ALMAFUERTE ANEXO B VILLA EL SALTO,ALMAFUERTE,TERCERO ARRIBA,CÓRDOBA,140305805,ROSARIO VERA PEÑALOZA  10 VILLA EL SALTO ALMAFUERTE
110,C.E.N.M.A. ALMAFUERTE ANEXO EXTENSION AULICA SAN AGUSTIN,CENMA ALMAFUERTE ANEXO EXTENSION AULICA SAN AGUSTIN,SAN AGUSTIN,CALAMUCHITA,CÓRDOBA,140305803,ROQUE SAENZ PEÑA 118  SAN AGUSTIN - CALAMUCHITA
111,C.E.N.M.A. ALMAFUERTE ANEXO LOS CONDORES,CENMA ALMAFUERTE ANEXO LOS CONDORES,LOS CONDORES,CALAMUCHITA,CÓRDOBA,140305801,SARMIENTO 528 CENTRO LOS CONDORES
112,C.E.N.M.A. ALMAFUERTE ANEXO SEDE EDUCACION A DISTANCIA,CENMA ALMAFUERTE ANEXO SEDE EDUCACION A DISTANCIA,ALMAFUERTE,TERCERO ARRIBA,CÓRDOBA,140305802,CATAMARCA S/N  BELGRANO ALMAFUERTE
113,C.E.N.M.A. ALMAFUERTE ANEXO SEDE FABRICA MILITAR,CENMA ALMAFUERTE ANEXO SEDE FABRICA MILITAR,RIO TERCERO,TERCERO ARRIBA,CÓRDOBA,140305804,MENDOZA S/N  EL LIBERTADOR FABRICA MILITAR DE RÍO TERCERO
114,C.E.N.M.A. ALTA GRACIA,CENMA ALTA GRACIA,ALTA GRACIA,SANTA MARIA,CÓRDOBA,140082000,INTENDENTE LUIS PERALTA 80 CAMARA ALTA GRACIA
115,C.E.N.M.A. ALTA GRACIA ANEXO SEDE ANISACATE,CENMA ALTA GRACIA ANEXO SEDE ANISACATE,ANIZACATE,SANTA MARIA,CÓRDOBA,140082001,SALOMON PALACIOS 180  ANISACATE (RUTA A JOSE DE LA QUINTANA)
116,C.E.N.M.A. ALTA GRACIA ANEXO VILLA OVIEDO,CENMA ALTA GRACIA ANEXO VILLA OVIEDO,ALTA GRACIA,SANTA MARIA,CÓRDOBA,140082006,SANTA MARIA 1494 VILLA OVIEDO ALTA GRACIA
117,C.E.N.M.A. ANTONIO SOBRAL,CENMA ANTONIO SOBRAL,LABOULAYE,PRESIDENTE ROQUE SAENZ PEÑA,CÓRDOBA,140454600,INTENDENTE FENOGLIO 344 SANTA RITA LABOULAYE
118,C.E.N.M.A. ANTONIO SOBRAL ANEXO BARRIO PUEYRREDON,CENMA ANTONIO SOBRAL ANEXO BARRIO PUEYRREDON,LABOULAYE,PRESIDENTE ROQUE SAENZ PEÑA,CÓRDOBA,140454604,GUILLERMO GRANT 198 PUEYRREDON
119,C.E.N.M.A. ANTONIO SOBRAL ANEXO LA CESIRA,CENMA ANTONIO SOBRAL ANEXO LA CESIRA,LA CESIRA,PRESIDENTE ROQUE SAENZ PEÑA,CÓRDOBA,140454605,ALVEAR 220 CENTRO LA CESIRA
120,C.E.N.M.A. ANTONIO SOBRAL ANEXO MELO,CENMA ANTONIO SOBRAL ANEXO MELO,MELO,PRESIDENTE ROQUE SAENZ PEÑA,CÓRDOBA,140454606,25 DE MAYO    MELO P/RUTA PROV. Nº 4
121,C.E.N.M.A. ANTONIO SOBRAL ANEXO RIO BAMBA,CENMA ANTONIO SOBRAL ANEXO RIO BAMBA,RIO BAMBA,PRESIDENTE ROQUE SAENZ PEÑA,CÓRDOBA,140454608,JOSEFA GORLERO   RIO BAMBA
122,C.E.N.M.A. ANTONIO SOBRAL ANEXO SEDE LABOULAYE,CENMA ANTONIO SOBRAL ANEXO SEDE LABOULAYE,LABOULAYE,PRESIDENTE ROQUE SAENZ PEÑA,CÓRDOBA,140454603,AVENIDA QUINTANA  BELGRANO LABOULAYE
123,C.E.N.M.A. ANTONIO SOBRAL ANEXO SERRANO,CENMA ANTONIO SOBRAL ANEXO SERRANO,SERRANO,PRESIDENTE ROQUE SAENZ PEÑA,CÓRDOBA,140454607,AVENIDA OSTENDORP  CENTRO SERRANO
124,C.E.N.M.A. ANTONIO SOBRAL ANEXO VILLA ROSSI,CENMA ANTONIO SOBRAL ANEXO VILLA ROSSI,VILLA ROSSI,PRESIDENTE ROQUE SAENZ PEÑA,CÓRDOBA,140454609,DR. LUIS ROSSI   VILLA ROSSI
125,C.E.N.M.A. ASIMRA,CENMA ASIMRA,CORDOBA,CAPITAL,CÓRDOBA,140235600,DR.MANUEL LUCERO 560 ALTA CORDOBA B° ALTA CORDOBA
126,C.E.N.M.A. ASIMRA ANEXO Bº PATRICIOS,CENMA ASIMRA ANEXO B PATRICIOS,CORDOBA,CAPITAL,CÓRDOBA,140235602,3 DE JUNIO 2343 PATRICIOS B° PATRICIOS
127,C.E.N.M.A. ASIMRA ANEXO DR. JORGE WASHINGTON ABALOS,CENMA ASIMRA ANEXO DOCTOR JORGE WASHINGTON ABALOS,CORDOBA,CAPITAL,CÓRDOBA,140235604,AV. JUAN B. JUSTO 8500 MARIA LASTENIA B° MARIA LASTENIA - CAMINO A JESUS MARIA KM. 81/2
128,C.E.N.M.A. ASIMRA ANEXO REGINO MADERS,CENMA ASIMRA ANEXO REGINO MADERS,CORDOBA,CAPITAL,CÓRDOBA,140235605,MAURICIO YARADOLA 600 GENERAL BUSTOS B° GENERAL BUSTOS
129,C.E.N.M.A. ASIMRA ANEXO SEDE N° II,CENMA ASIMRA ANEXO SEDE N II,CORDOBA,CAPITAL,CÓRDOBA,140235606,ENTRE RIOS 680 GUEMES B° GUEMES
130,C.E.N.M.A. ASIMRA ANEXO VILLA LOS LLANOS,CENMA ASIMRA ANEXO VILLA LOS LLANOS,JUAREZ CELMAN,COLON,CÓRDOBA,140235601,LOS EUCALIPTUS  VILLA LOS LLANOS BARRIO VILLA LOS LLANOS - JUAREZ CELMAN
131,C.E.N.M.A. B º S.M.A.T.A.,CENMA B SMATA,CORDOBA,CAPITAL,CÓRDOBA,140542700,CALLE PUBLICA S/N°  SMATA BARRIO SMATA MANZANA T - LOTE 17
132,C.E.N.M.A. B º S.M.A.T.A. ANEXO SEDE SMATA,CENMA B SMATA ANEXO SEDE SMATA,CORDOBA,CAPITAL,CÓRDOBA,140542701,27 DE ABRIL 633 CENTRO B° CENTRO ( EN EL 2DO.PISO)
133,C.E.N.M.A. BANDA NORTE,CENMA BANDA NORTE,RIO CUARTO,RIO CUARTO,CÓRDOBA,140545600,MANCO CAPAC 50 BANDA NORTE RIO CUARTO
134,C.E.N.M.A. BANDA NORTE ANEXO BARRIO IPV,CENMA BANDA NORTE ANEXO BARRIO IPV,RIO CUARTO,RIO CUARTO,CÓRDOBA,140545602,FELIPE NERI GUERRA 615 IPV RIO CUARTO
135,C.E.N.M.A. BANDA NORTE ANEXO LAS ACEQUIAS,CENMA BANDA NORTE ANEXO LAS ACEQUIAS,LAS ACEQUIAS,RIO CUARTO,CÓRDOBA,140545601,MAIPU 515 CENTRO RIO CUARTO /A  UNA CUADRA DE LA MUNICIPALIDAD)
136,C.E.N.M.A. BARRIO ACOSTA,CENMA BARRIO ACOSTA,CORDOBA,CAPITAL,CÓRDOBA,140553300,ENTRE RIOS 5000 ACOSTA B° ACOSTA
137,C.E.N.M.A. BARRIO ACOSTA ANEXO SEDE EVITA,CENMA BARRIO ACOSTA ANEXO SEDE EVITA,CORDOBA,CAPITAL,CÓRDOBA,140553301,SUIPACHA 2309 PUEYRREDON BARRIO PUEYRREDON
138,C.E.N.M.A. BARRIO ACOSTA ANEXO SEDE UNIVERSIDAD PROVINCIAL DE CÓRDOBA (UPC),CENMA BARRIO ACOSTA ANEXO SEDE UNIVERSIDAD PROVINCIAL DE CÓRDOBA (UPC),CORDOBA,CAPITAL,CÓRDOBA,140553302,AV. PABLO RICHIERI 1955 ROGELIO MARTINEZ B° ROGELIO MARTINEZ
139,C.E.N.M.A. BARRIO CAMARA,CENMA BARRIO CAMARA,ALTA GRACIA,SANTA MARIA,CÓRDOBA,140551900,JOSE HERNANDEZ 201 CAMARA ALTA GRACIA - ENSAG
140,C.E.N.M.A. BARRIO CAMARA ANEXO POTRERO DE GARAY,CENMA BARRIO CAMARA ANEXO POTRERO DE GARAY,POTRERO DE GARAY,SANTA MARIA,CÓRDOBA,140551901,CALLE PUBLICA
141,C.E.N.M.A. BARRIO CAMARA ANEXO SEDE PARQUE SANTA ANA,CENMA BARRIO CAMARA ANEXO SEDE PARQUE SANTA ANA,VILLA PARQUE SANTA ANA,SANTA MARIA,CÓRDOBA,140551903,AVENIDA RIVADAVIA   VILLA PARQUE SANTA ANA
142,C.E.N.M.A. BARRIO CAMARA ANEXO VILLA DEL PRADO,CENMA BARRIO CAMARA ANEXO VILLA DEL PRADO,VILLA DEL PRADO,SANTA MARIA,CÓRDOBA,140551902,OLGA DIAZ   VILLA DEL PRADO - SANTA MARIA
143,C.E.N.M.A. BARRIO PARQUE FUTURA,CENMA BARRIO PARQUE FUTURA,CORDOBA,CAPITAL,CÓRDOBA,140554200,BARBADOS 3200 PARQUE FUTURA BARRIO PARQUE FUTURA
144,C.E.N.M.A. BARRIO PARQUE FUTURA ANEXO SEDE COMUNIDAD RENÓ,CENMA BARRIO PARQUE FUTURA ANEXO SEDE COMUNIDAD RENÓ,CORDOBA,CAPITAL,CÓRDOBA,140554201,CALLE PUBLICA ESQ. PASAJE HENRY ARAN  CERVECEROS B° CERVECEROS
145,C.E.N.M.A. BATERIA LIBERTAD,CENMA BATERIA LIBERTAD,CORDOBA,CAPITAL,CÓRDOBA,140564800,POTRERILLOS S/N  LOMAS DE SUQUIA
146,C.E.N.M.A. BATERIA LIBERTAD ANEXO SEDE AGENCIA CORDOBA DEPORTE,CENMA BATERIA LIBERTAD ANEXO SEDE AGENCIA CORDOBA DEPORTE,CORDOBA,CAPITAL,CÓRDOBA,140564802,AV. COLON 778
147,C.E.N.M.A. BATERIA LIBERTAD ANEXO SEDE Bº SAN IGNACIO,CENMA BATERIA LIBERTAD ANEXO SEDE B SAN IGNACIO,CORDOBA,CAPITAL,CÓRDOBA,140564801,TACUARI 5208 SAN IGNACIO
148,C.E.N.M.A. BIALET MASSE,CENMA BIALET MASSE,BIALET MASSE,PUNILLA,CÓRDOBA,140564100,SAN MARTIN 675 CENTRO PUNILLA
149,C.E.N.M.A. BIALET MASSE ANEXO SEDE COMUNA SAN ROQUE,CENMA BIALET MASSE ANEXO SEDE COMUNA SAN ROQUE,SAN ROQUE,PUNILLA,CÓRDOBA,140564101,CEFERINO NAMUNCURA ESQ EVA PERON   COMUNA SAN ROQUE
150,C.E.N.M.A. BIALET MASSE ANEXO SEDE COMUNA SAN ROQUE EXT. AULICA PARQUE SIQUIMAN,CENMA BIALET MASSE ANEXO SEDE COMUNA SAN ROQUE EXTENSION AULICA PARQUE SIQUIMAN,VILLA PARQUE SIQUIMAN,PUNILLA,CÓRDOBA,140564102,RUTA 38 S/N
151,C.E.N.M.A. BRIGADIER JUAN I. DE SAN MARTIN,CENMA BRIGADIER JUAN I DE SAN MARTIN,CORDOBA,CAPITAL,CÓRDOBA,140511400,ESMERALDA 4980 VILLA ADELA B° VILLA ADELA
152,C.E.N.M.A. BRIGADIER JUAN I. DE SAN MARTIN ANEXO Bº LOS GRANADOS,CENMA BRIGADIER JUAN I DE SAN MARTIN ANEXO B LOS GRANADOS,CORDOBA,CAPITAL,CÓRDOBA,140511402,JOSE ISEAS 1550 LOS GRANADOS B° LOS GRANADOS
153,C.E.N.M.A. BRIGADIER JUAN I. DE SAN MARTIN ANEXO Bº SACCHI,CENMA BRIGADIER JUAN I DE SAN MARTIN ANEXO B SACCHI,CORDOBA,CAPITAL,CÓRDOBA,140511404,EL DORADO 6052 SACHI COMPARTE CON CUE 140226400
154,C.E.N.M.A. BRIGADIER JUAN I. DE SAN MARTIN ANEXO SEDE Bº VILLA LA TELA,CENMA BRIGADIER JUAN I DE SAN MARTIN ANEXO SEDE B VILLA LA TELA,CORDOBA,CAPITAL,CÓRDOBA,140511405,AV. PEDRO ZANNI 5025 VILLA LA TELA
155,C.E.N.M.A. BRIGADIER JUAN I. DE SAN MARTIN ANEXO VILLA UNION,CENMA BRIGADIER JUAN I DE SAN MARTIN ANEXO VILLA UNION,CORDOBA,CAPITAL,CÓRDOBA,140511401,BRADLEY Y TRES CRUCES  VILLA UNION B° VILLA UNION
156,C.E.N.M.A. CASA DE GOBIERNO,CENMA CASA DE GOBIERNO,CORDOBA,CAPITAL,CÓRDOBA,140278200,GENERAL TOMAS GUIDO 114 SAN MARTIN B° SAN MARTIN
158,C.E.N.M.A. CASA DE GOBIERNO ANEXO B° PATRICIOS OESTE,CENMA CASA DE GOBIERNO ANEXO B PATRICIOS OESTE,CORDOBA,CAPITAL,CÓRDOBA,140278206,MADRE MARIA BRIGIDA PASTORINO 3579 PATRICIOS OESTE B° PATRICIOS OESTE
159,C.E.N.M.A. CASA DE GOBIERNO ANEXO ESPACIO ILLIA,CENMA CASA DE GOBIERNO ANEXO ESPACIO ILLIA,CORDOBA,CAPITAL,CÓRDOBA,140278207,AV. GENERAL PAZ 539 CENTRO B° CENTRO
157,C.E.N.M.A. CASA DE GOBIERNO ANEXO  SEDE B° ALTOS DE GENERAL PAZ,CENMA CASA DE GOBIERNO ANEXO SEDE B ALTOS DE GENERAL PAZ,CORDOBA,CAPITAL,CÓRDOBA,140278208,JOSE GARIBALDI 710 ALTO GENERAL PAZ B° ALTOS GENERAL PAZ(CERCA DEL HOSP.CORDOBA)
160,C.E.N.M.A. CASA DE GOBIERNO ANEXO SEDE SURBAC,CENMA CASA DE GOBIERNO ANEXO SEDE SURBAC,CORDOBA,CAPITAL,CÓRDOBA,140278203,ROMA 337 GENERAL PAZ B° GENERAL PAZ
161,C.E.N.M.A. COLONIA CAROYA,CENMA COLONIA CAROYA,COLONIA CAROYA,COLON,CÓRDOBA,140347400,GORIZIA SUR 198 CENTRO COLONIA CAROYA
162,C.E.N.M.A. COLONIA CAROYA ANEXO SEDE CASA MUNICIPAL,CENMA COLONIA CAROYA ANEXO SEDE CASA MUNICIPAL,COLONIA CAROYA,COLON,CÓRDOBA,140347406,SANTIAGO APOSTOL 1100  COLONIA CAROYA
163,C.E.N.M.A. COLONIA CAROYA ANEXO SEDE COLONIA CAROYA,CENMA COLONIA CAROYA ANEXO SEDE COLONIA CAROYA,COLONIA CAROYA,COLON,CÓRDOBA,140347404,JOSE ALFREDO NANINI S/Nª  CENTRO COLONIA CAROYA
164,C.E.N.M.A. COLONIA CAROYA ANEXO SEDE COLONIA TIROLESA,CENMA COLONIA CAROYA ANEXO SEDE COLONIA TIROLESA,COLONIA TIROLESA,COLON,CÓRDOBA,140347405,ARTURO ILLIA 505  COLONIA TIROLESA
165,C.E.N.M.A. COLONIA CAROYA ANEXO SEDE EDUCACION A DISTANCIA TINOCO,CENMA COLONIA CAROYA ANEXO SEDE EDUCACION A DISTANCIA TINOCO,TINOCO,COLON,CÓRDOBA,140347407,CALLE PUBLICA S/N   CENTRO
81,C.E.N.M.A CORONEL OLMEDO,CENMA CORONEL OLMEDO,CORDOBA,CAPITAL,CÓRDOBA,140549000,BENJAMIN VICTORICA S/N°  CORONEL OLMEDO B° CORONEL OLMEDO
82,C.E.N.M.A CORONEL OLMEDO ANEXO Bº YAPEYU,CENMA CORONEL OLMEDO ANEXO B YAPEYU,CORDOBA,CAPITAL,CÓRDOBA,140549001,AV. 24 DE SEPTIEMBRE 2400 YAPEYU B°YAPEYU
83,C.E.N.M.A CORONEL OLMEDO ANEXO SEDE B° CARCANO,CENMA CORONEL OLMEDO ANEXO SEDE B CARCANO,CORDOBA,CAPITAL,CÓRDOBA,140549007,PRUDENCIO MURGIONDO 4437 CARCANO
84,C.E.N.M.A CORONEL OLMEDO ANEXO SEDE B° CIUDAD DE MI ESPERANZA,CENMA CORONEL OLMEDO ANEXO SEDE B CIUDAD DE MI ESPERANZA,CORDOBA,CAPITAL,CÓRDOBA,140549006,AV. GENERAL PAZ S/N  CIUDAD DE MI ESPERANZA
85,C.E.N.M.A CORONEL OLMEDO ANEXO SEDE Bº NUESTRO HOGAR III,CENMA CORONEL OLMEDO ANEXO SEDE B NUESTRO HOGAR III,CORDOBA,CAPITAL,CÓRDOBA,140549003,MZA 73  NUESTRO HOGAR III
86,C.E.N.M.A CORONEL OLMEDO ANEXO SEDE Bº YAPEYU,CENMA CORONEL OLMEDO ANEXO SEDE B YAPEYU,CORDOBA,CAPITAL,CÓRDOBA,140549002,SINSACATE 2405 YAPEYU B°YAPEYU
87,C.E.N.M.A CORONEL OLMEDO ANEXO SEDE CHACRA DE LA MERCED,CENMA CORONEL OLMEDO ANEXO SEDE CHACRA DE LA MERCED,CORDOBA,CAPITAL,CÓRDOBA,140549005,CALLE PUBLICA S/N  CHACRA DE LA MERCED CAMINO CHACRA DE LA MERCED KM 9
88,C.E.N.M.A CORRAL DE PALOS,CENMA CORRAL DE PALOS,CORDOBA,CAPITAL,CÓRDOBA,140571400,PASAJE ERNESTO GUASTONI 3472 BRIGADIER SAN MARTIN B° BRIGADIER SAN MARTIN
89,C.E.N.M.A CORRAL DE PALOS ANEXO SEDE EDUCACION A DISTANCIA,CENMA CORRAL DE PALOS ANEXO SEDE EDUCACION A DISTANCIA,CORDOBA,CAPITAL,CÓRDOBA,140571401,OBISPO CASTELLANOS 2514 BRIGADIER SAN MARTIN B° BRIGADIER SAN MARTIN
90,C.E.N.M.A CORRAL DE PALOS ANEXO SEDE PARQUE EDUCATIVO SURESTE,CENMA CORRAL DE PALOS ANEXO SEDE PARQUE EDUCATIVO SURESTE,CORDOBA,CAPITAL,CÓRDOBA,140571402,NAZARIO BENAVIDEZ ESQ. FRANCISCO UZAL 5400 AVELLANEDA B° AVELLANEDA
166,C.E.N.M.A. COSQUIN,CENMA COSQUIN,COSQUIN,PUNILLA,CÓRDOBA,140079200,SAN JUAN 900 CENTRO
167,C.E.N.M.A. COSQUIN ANEXO CASA GRANDE,CENMA COSQUIN ANEXO CASA GRANDE,CASA GRANDE,PUNILLA,CÓRDOBA,140079205,RUTA NACIONAL Nº38   KM 47 RUTA NACIONAL 38
168,C.E.N.M.A. COSQUIN ANEXO SEDE EDUCACION A DISTANCIA,CENMA COSQUIN ANEXO SEDE EDUCACION A DISTANCIA,COSQUIN,PUNILLA,CÓRDOBA,140079207,SAN MARTIN Y SARMIENTO  CENTRO
169,C.E.N.M.A. COSQUIN ANEXO VALLE HERMOSO,CENMA COSQUIN ANEXO VALLE HERMOSO,VALLE HERMOSO,PUNILLA,CÓRDOBA,140079201,GOBERNADOR NUÑEZ  CENTRO VALLE HERMOSO
170,C.E.N.M.A. COSQUIN ANEXO VILLA GIARDINO,CENMA COSQUIN ANEXO VILLA GIARDINO,VILLA GIARDINO,PUNILLA,CÓRDOBA,140079204,LOS COCOS 314  VILLA GIARDINO
171,C.E.N.M.A. CRUZ DEL EJE,CENMA CRUZ DEL EJE,CRUZ DEL EJE,CRUZ DEL EJE,CÓRDOBA,140071300,SARMIENTO 471 CENTRO CRUZ DEL EJE
173,C.E.N.M.A. CRUZ DEL EJE ANEXO Nº 1,CENMA CRUZ DEL EJE ANEXO 1,CRUZ DEL EJE,CRUZ DEL EJE,CÓRDOBA,140071304,RONDEAU 10 RESIDENCIAL AMERICA CRUZ DEL EJE
172,C.E.N.M.A. CRUZ DEL EJE ANEXO SAN MARCOS SIERRAS,CENMA CRUZ DEL EJE ANEXO SAN MARCOS SIERRAS,SAN MARCOS SIERRA,CRUZ DEL EJE,CÓRDOBA,140071302,LIBERTAD 1043 CENTRO SAN MARCOS SIERRAS
174,C.E.N.M.A. CRUZ DEL EJE ANEXO SEDE SAN CARLOS MINAS,CENMA CRUZ DEL EJE ANEXO SEDE SAN CARLOS MINAS,SAN CARLOS MINAS,MINAS,CÓRDOBA,140071301,MONSEÑOR LEAL  CENTRO
175,C.E.N.M.A. CUESTAS CARNERO,CENMA CUESTAS CARNERO,CORDOBA,CAPITAL,CÓRDOBA,140524300,EL CRESPIN 3747 GENERAL ARENALES B° GENERAL ARENALES
176,C.E.N.M.A. CUESTAS CARNERO ANEXO MAESTRO MOYANO,CENMA CUESTAS CARNERO ANEXO MAESTRO MOYANO,CORDOBA,CAPITAL,CÓRDOBA,140524303,CALLE PUBLICA  EL CHINGOLO
177,C.E.N.M.A. CUESTAS CARNERO ANEXO SEDE Bº CENTRO AMERICA,CENMA CUESTAS CARNERO ANEXO SEDE B CENTRO AMERICA,CORDOBA,CAPITAL,CÓRDOBA,140524302,FERDINAND DE LESSEPS 140 CENTRO AMERICA B° CENTRO AMERICA
178,C.E.N.M.A. DE B° MALDONADO,CENMA DE B MALDONADO,CORDOBA,CAPITAL,CÓRDOBA,140528900,PEDERNERA 952 SAN VICENTE B° SAN VICENTE
179,C.E.N.M.A. DE B° MALDONADO ANEXO CENTRO VECINAL,CENMA DE B MALDONADO ANEXO CENTRO VECINAL,CORDOBA,CAPITAL,CÓRDOBA,140528904,BLAS PARERA S/N  MALDONADO B° MALDONADO
180,C.E.N.M.A. DE B° MALDONADO ANEXO SEDE BARRANQUITAS,CENMA DE B MALDONADO ANEXO SEDE BARRANQUITAS,CORDOBA,CAPITAL,CÓRDOBA,140528905,ORTIZ DE OCAMPO S/N  CAMPO DE LA RIBERA B° CAMPO DE LA RIBERA
181,C.E.N.M.A. DE Bª MALDONADO ANEXO SEDE MULLER,CENMA DE B MALDONADO ANEXO SEDE MULLER,CORDOBA,CAPITAL,CÓRDOBA,140528902,OBISPO CASTELLANO 256 MULLER B° MULLER
182,C.E.N.M.A. DE Bº MALDONADO ANEXO SEDE VILLA BUSTOS,CENMA DE B MALDONADO ANEXO SEDE VILLA BUSTOS,CORDOBA,CAPITAL,CÓRDOBA,140528903,BENJAMIN VIEL 2387 VILLA BUSTOS B° VILLA BUSTOS
183,C.E.N.M.A. DE ONCATIVO,CENMA DE ONCATIVO,ONCATIVO,RIO SEGUNDO,CÓRDOBA,140329500,RIVADAVIA 795 CENTRO ONCATIVO
184,C.E.N.M.A. DE ONCATIVO ANEXO SEDE LAGUNA LARGA,CENMA DE ONCATIVO ANEXO SEDE LAGUNA LARGA,LAGUNA LARGA,RIO SEGUNDO,CÓRDOBA,140329503,JUAN DOMINGO PERON 340 ARTURO ILLIA LAGUNA LARGA
185,C.E.N.M.A. DE ONCATIVO ANEXO SEDE MANFREDI,CENMA DE ONCATIVO ANEXO SEDE MANFREDI,MANFREDI,RIO SEGUNDO,CÓRDOBA,140329506,BV. MITRE   COMPARTE EDIFICIO CON ESTACION DE TRENES
186,C.E.N.M.A. DE SAN JOSE DE LA DORMIDA,CENMA DE SAN JOSE DE LA DORMIDA,SAN JOSE DE LA DORMIDA,TULUMBA,CÓRDOBA,140486200,GUAYASCATE S/N   SAN JOSE DE LA DORMIDA
187,C.E.N.M.A. DE SAN JOSE DE LA DORMIDA ANEXO SEDE PUESTO DE CASTRO,CENMA DE SAN JOSE DE LA DORMIDA ANEXO SEDE PUESTO DE CASTRO,PUESTO DE CASTRO,RIO SECO,CÓRDOBA,140486205,CALLE PUBLICA S/N°   PUESTO DE CASTRO
188,C.E.N.M.A. DE SAN JOSE DE LA DORMIDA ANEXO SEDE ROSARIO DEL SALADILLO,CENMA DE SAN JOSE DE LA DORMIDA ANEXO SEDE ROSARIO DEL SALADILLO,VILLA ROSARIO DEL SALADILLO,TULUMBA,CÓRDOBA,140486206,CALLE PUBLICA S/N°   ROSARIO DEL SALADILLO
189,C.E.N.M.A. DE SAN JOSE DE LA DORMIDA ANEXO SEDE SEBASTIAN EL CANO,CENMA DE SAN JOSE DE LA DORMIDA ANEXO SEDE SEBASTIAN EL CANO,SEBASTIAN ELCANO,RIO SECO,CÓRDOBA,140486204,CALLE PUBLICA S/N    SEBASTIAN ELCANO
190,C.E.N.M.A. DEAN FUNES,CENMA DEAN FUNES,DEAN FUNES,ISCHILIN,CÓRDOBA,140295900,ALMIRANTE BROWN 355 CENTRO
191,C.E.N.M.A. DEAN FUNES,CENMA DEAN FUNES,CORDOBA,CAPITAL,CÓRDOBA,140511200,PERU 10 NUEVA CORDOBA BARRIO NUEVA CORDOBA
192,C.E.N.M.A. DEAN FUNES ANEXO CAMINO SAN CARLOS,CENMA DEAN FUNES ANEXO CAMINO SAN CARLOS,CORDOBA,CAPITAL,CÓRDOBA,140511202,CAMINO SAN CARLOS K 8 1/2  SAN CARLOS B° SAN CARLOS
193,C.E.N.M.A. DEAN FUNES ANEXO EXTENSION AULICA Bº KENNEDY,CENMA DEAN FUNES ANEXO EXTENSION AULICA B KENNEDY,CORDOBA,CAPITAL,CÓRDOBA,140511203,RIMINI 636 KENNEDY BARRIO KENNEDY
194,C.E.N.M.A. DEAN FUNES ANEXO QUILINO,CENMA DEAN FUNES ANEXO QUILINO,QUILINO,ISCHILIN,CÓRDOBA,140295901,MARIANO MORENO 220
195,C.E.N.M.A. DEAN FUNES ANEXO SAN JOSE DE LAS SALINAS,CENMA DEAN FUNES ANEXO SAN JOSE DE LAS SALINAS,SAN JOSE DE LAS SALINAS,TULUMBA,CÓRDOBA,140295903,ONCATIVO   SAN JOSE DE LAS SALINAS
196,C.E.N.M.A. DEAN FUNES ANEXO SEDE CONCEJO DELIBERANTE,CENMA DEAN FUNES ANEXO SEDE CONCEJO DELIBERANTE,CORDOBA,CAPITAL,CÓRDOBA,140511205,PASAJE DE COMERCIO 447 CENTRO B° CENTRO
197,C.E.N.M.A. DEAN FUNES ANEXO SEDE EDUCACION A DISTANCIA,CENMA DEAN FUNES ANEXO SEDE EDUCACION A DISTANCIA,DEAN FUNES,ISCHILIN,CÓRDOBA,140295904,DORREGO 325 OBRAS SANITARIAS DEAN FUNES
198,C.E.N.M.A. DEAN FUNES ANEXO SEDE HOSPITAL MISERICORDIA,CENMA DEAN FUNES ANEXO SEDE HOSPITAL MISERICORDIA,CORDOBA,CAPITAL,CÓRDOBA,140511204,BELGRANO 1502 GUEMES B° GUEMES
199,C.E.N.M.A. DEAN FUNES ANEXO SEDE LA CONCEPCION,CENMA DEAN FUNES ANEXO SEDE LA CONCEPCION,LA CONCEPCION,CRUZ DEL EJE,CÓRDOBA,140295905,CALLE PUBLICA   LA CONCEPCION
200,C.E.N.M.A. DEAN FUNES ANEXO SEDE LAS PALMAS,CENMA DEAN FUNES ANEXO SEDE LAS PALMAS,LAS PALMAS,CAPITAL,CÓRDOBA,140295906,CALLE PUBLICA  CENTRO 
201,C.E.N.M.A. DESPEÑADEROS,CENMA DESPEÑADEROS,DESPEÑADEROS,SANTA MARIA,CÓRDOBA,140564900,TUCUMAN 37 LOS PINOS
202,C.E.N.M.A. DESPEÑADEROS ANEXO LOS MOLINOS,CENMA DESPEÑADEROS ANEXO LOS MOLINOS,LOS MOLINOS,CALAMUCHITA,CÓRDOBA,140564901,CALLE PUBLICA S/N   LOS MOLINOS
203,C.E.N.M.A. DR. FRANCISCO RAVETTI,CENMA DOCTOR FRANCISCO RAVETTI,SAN FRANCISCO,SAN JUSTO,CÓRDOBA,140512400,MISIONES 716 ROQUE SAENZ PEÑA SAN FRANCISCO
204,C.E.N.M.A. DR. FRANCISCO RAVETTI ANEXO SATURNINO MARIA LASPIUR,CENMA DOCTOR FRANCISCO RAVETTI ANEXO SATURNINO MARIA LASPIUR,SATURNINO MARIA LASPIUR,SAN JUSTO,CÓRDOBA,140512403,SARMIENTO 4  SATURNINO MARIA LASPIUR
205,C.E.N.M.A. DR. FRANCISCO RAVETTI ANEXO SEDE PARQUE INDUSTRIAL,CENMA DOCTOR FRANCISCO RAVETTI ANEXO SEDE PARQUE INDUSTRIAL,SAN FRANCISCO,SAN JUSTO,CÓRDOBA,140512402,PASAJE CHAMPAGNAT 57 CENTRO SAN FRANCISCO
206,C.E.N.M.A. GENERAL CABRERA,CENMA GENERAL CABRERA,GENERAL CABRERA,JUAREZ CELMAN,CÓRDOBA,140429800,MAIPU 962 ARGENTINO GENERAL CABRERA
207,C.E.N.M.A. GENERAL CABRERA ANEXO CARNERILLO,CENMA GENERAL CABRERA ANEXO CARNERILLO,CARNERILLO,JUAREZ CELMAN,CÓRDOBA,140429801,PASTORA VILDOZA DE AGUIRRE 13 CENTRO CARNERILLO
208,C.E.N.M.A. HERNANDO,CENMA HERNANDO,HERNANDO,TERCERO ARRIBA,CÓRDOBA,140258700,9 DE JULIO 369 LA TERMINAL HERNANDO
209,C.E.N.M.A. HERNANDO ANEXO DALMACIO VELEZ SARFIELD,CENMA HERNANDO ANEXO DALMACIO VELEZ SARFIELD,DALMACIO VELEZ SARSFIELD,TERCERO ARRIBA,CÓRDOBA,140258701,INT. LEONARDO RUIZ   DALMACIO VELEZ
210,C.E.N.M.A. HERNANDO ANEXO LAS PERDICES,CENMA HERNANDO ANEXO LAS PERDICES,LAS PERDICES,TERCERO ARRIBA,CÓRDOBA,140258703,SARMIENTO 724 CENTRO LAS PERDICES
211,C.E.N.M.A. HUINCA RENANCO,CENMA HUINCA RENANCO,HUINCA RENANCO,GENERAL ROCA,CÓRDOBA,140363800,GÜEMES 380 VILLA TORROBA HUINCA RENANCO
212,C.E.N.M.A. HUINCA RENANCO  ANEXO DE DEL CAMPILLO,CENMA HUINCA RENANCO ANEXO DE DEL CAMPILLO,DEL CAMPILLO,GENERAL ROCA,CÓRDOBA,140363801,CARLOS GARDEL 653 ENRIQUE COOK DEL CAMPILLO
213,C.E.N.M.A. HUINCA RENANCO ANEXO DE VILLA VALERIA,CENMA HUINCA RENANCO ANEXO DE VILLA VALERIA,VILLA VALERIA,GENERAL ROCA,CÓRDOBA,140363802,SAN JOSE DE CALASANZ S/N   VILLA VALERIA
214,C.E.N.M.A. ISLA VERDE,CENMA ISLA VERDE,ISLA VERDE,MARCOS JUAREZ,CÓRDOBA,140546400,LIBERTAD  1043 SAN CAYETANO
215,C.E.N.M.A. ISLA VERDE ANEXO CAVANAGH,CENMA ISLA VERDE ANEXO CAVANAGH,CAVANAGH,MARCOS JUAREZ,CÓRDOBA,140546401,ALMIRANTE BROWN 454  CAVANAGH - MARCOS JUAREZ
216,C.E.N.M.A. ISLA VERDE ANEXO GENERAL BALDISSERA,CENMA ISLA VERDE ANEXO GENERAL BALDISSERA,GENERAL BALDISSERA,MARCOS JUAREZ,CÓRDOBA,140546402,SARMIENTO 152  GENERAL BALDISSERA - MARCOS JUAREZ
217,C.E.N.M.A. JESUS MARIA,CENMA JESUS MARIA,JESUS MARIA,COLON,CÓRDOBA,140368800,CORDOBA 1050 CENTRO JESUS MARIA
218,C.E.N.M.A. JESUS MARIA ANEXO ESTACION GENERAL PAZ,CENMA JESUS MARIA ANEXO ESTACION GENERAL PAZ,GENERAL PAZ,COLON,CÓRDOBA,140368804,BUENOS AIRES    ESTACION GENERAL PAZ
219,C.E.N.M.A. JESUS MARIA ANEXO SEDE EDUCACION A DISTANCIA,CENMA JESUS MARIA ANEXO SEDE EDUCACION A DISTANCIA,JESUS MARIA,COLON,CÓRDOBA,140368805,LAPRIDA 649 CENTRO BARRIO CENTRO - JESUS MARIA
220,C.E.N.M.A. JESUS MARIA ANEXO SEDE PROGRAMA DE EMPLEADOS,CENMA JESUS MARIA ANEXO SEDE PROGRAMA DE EMPLEADOS,JESUS MARIA,COLON,CÓRDOBA,140368806,TACUARI  17 DE OCTUBRE JESUS MARIA
221,C.E.N.M.A. JESUS MARIA ANEXO SINSACATE,CENMA JESUS MARIA ANEXO SINSACATE,SINSACATE,TOTORAL,CÓRDOBA,140368803,CAMINO REAL  PEDRO NOBILE SINSACATE
222,C.E.N.M.A. LA CARLOTA,CENMA LA CARLOTA,LA CARLOTA,JUAREZ CELMAN,CÓRDOBA,140334200,GENERAL PAZ 320  LA CARLOTA
223,C.E.N.M.A. LA CARLOTA ANEXO DE LOS CISNES,CENMA LA CARLOTA ANEXO DE LOS CISNES,LOS CISNES,JUAREZ CELMAN,CÓRDOBA,140334201,ENTRE RIOS 229  LOS CISNES
224,C.E.N.M.A. LA CARLOTA ANEXO SANTA EUFEMIA,CENMA LA CARLOTA ANEXO SANTA EUFEMIA,SANTA EUFEMIA,JUAREZ CELMAN,CÓRDOBA,140334203,EDELWEIS PAZ 572
225,C.E.N.M.A. LA CARLOTA ANEXO SEDE HUANCHILLA,CENMA LA CARLOTA ANEXO SEDE HUANCHILLA,HUANCHILLAS,JUAREZ CELMAN,CÓRDOBA,140334202,CARLOS A MAYOL   HUANCHILLA - JUAREZ CELMAN
226,C.E.N.M.A. LA CARLOTA ANEXO VIAMONTE,CENMA LA CARLOTA ANEXO VIAMONTE,VIAMONTE,UNION,CÓRDOBA,140334204,NICOLAS AVELLANEDA 169 CENTRO VIAMONTE
227,C.E.N.M.A. LA FALDA,CENMA LA FALDA,LA FALDA,PUNILLA,CÓRDOBA,140120600,AVENIDA EDEN 445 CENTRO LA FALDA
228,C.E.N.M.A. LA FALDA ANEXO CAPILLA DEL MONTE (EX IPEM 88),CENMA LA FALDA ANEXO CAPILLA DEL MONTE (EX IPEM 88),CAPILLA DEL MONTE,PUNILLA,CÓRDOBA,140120604,HIPOLITO IRIGOYEN 450  CAPILLA DEL MONTE
229,C.E.N.M.A. LA FALDA ANEXO LA CUMBRE,CENMA LA FALDA ANEXO LA CUMBRE,LA CUMBRE,PUNILLA,CÓRDOBA,140120602,ALBERDI 277 CENTRO LA CUMBRE
230,C.E.N.M.A. LA FALDA ANEXO SEDE CHARBONIER,CENMA LA FALDA ANEXO SEDE CHARBONIER,CHARBONIER,PUNILLA,CÓRDOBA,140120606,CALLE PUBLICA    RUTA Nº 38- KM 93
231,C.E.N.M.A. LA FALDA ANEXO SEDE HUERTA GRANDE,CENMA LA FALDA ANEXO SEDE HUERTA GRANDE,HUERTA GRANDE,PUNILLA,CÓRDOBA,140120603,ARRUABARRENA  CENTRO HUERTA GRANDE - ESTACIÓN FERROCARRIL
232,C.E.N.M.A. LA FALDA ANEXO SEDE PARAJE TIU MAYU,CENMA LA FALDA ANEXO SEDE PARAJE TIU MAYU,RIO TIU MAYU,PUNILLA,CÓRDOBA,140120607,RUTA PROVINCIAL E66   PARAJE TIU MAYU
233,C.E.N.M.A. LA FALDA ANEXO SEDE PARAJE TIU MAYU EXT. AULICA LOS COCOS,CENMA LA FALDA ANEXO SEDE PARAJE TIU MAYU EXTENSION AULICA LOS COCOS,LOS COCOS,PUNILLA,CÓRDOBA,140120608,INT. BAUTISTA MAFFASSANTI S/N  CENTRO
234,C.E.N.M.A. LEONES,CENMA LEONES,LEONES,MARCOS JUAREZ,CÓRDOBA,140352400,DR. AMADEO BERTINI 693  LEONES
236,C.E.N.M.A. LEONES ANEXO GENERAL ROCA,CENMA LEONES ANEXO GENERAL ROCA,GENERAL ROCA,MARCOS JUAREZ,CÓRDOBA,140352402,SANTA ROSA 749  GENERAL ROCA
235,C.E.N.M.A. LEONES ANEXO MARCOS JUAREZ,CENMA LEONES ANEXO MARCOS JUAREZ,MARCOS JUAREZ,MARCOS JUAREZ,CÓRDOBA,140352401,INTENDENTE LOINAS 10 VILLA EL PANAL MARCOS JUAREZ
237,C.E.N.M.A. MALVINAS ARGENTINAS,CENMA MALVINAS ARGENTINAS,MALVINAS ARGENTINAS,COLON,CÓRDOBA,140517400,JUJUY   2° SECCION
238,C.E.N.M.A. MALVINAS ARGENTINAS ANEXO MONTECRISTO,CENMA MALVINAS ARGENTINAS ANEXO MONTECRISTO,MONTECRISTO,RIO PRIMERO,CÓRDOBA,140517401,AVENIDA SAN MARTIN 288
239,C.E.N.M.A. MANUEL ANSELMO OCAMPO,CENMA MANUEL ANSELMO OCAMPO,VILLA MARIA,GENERAL SAN MARTIN,CÓRDOBA,140512600,CATAMARCA 650 CENTRO VILLA MARIA
241,C.E.N.M.A. MANUEL ANSELMO OCAMPO ANEXO Nº3,CENMA MANUEL ANSELMO OCAMPO ANEXO 3,VILLA MARIA,GENERAL SAN MARTIN,CÓRDOBA,140512605,GENERAL DEHEZA 1100  VILLA MARIA
240,C.E.N.M.A. MANUEL ANSELMO OCAMPO ANEXO ARROYO CABRAL,CENMA MANUEL ANSELMO OCAMPO ANEXO ARROYO CABRAL,ARROYO CABRAL,GENERAL SAN MARTIN,CÓRDOBA,140512603,RIVADAVIA 410  ARROYO CABRAL
242,C.E.N.M.A. MANUEL ANSELMO OCAMPO ANEXO ROSARIO VERA PEÑALOZA,CENMA MANUEL ANSELMO OCAMPO ANEXO ROSARIO VERA PEÑALOZA,VILLA MARIA,GENERAL SAN MARTIN,CÓRDOBA,140512601,CARLOS PELLEGRINI 1050 25 DE MAYO VILLA MARIA
243,C.E.N.M.A. MANUEL ANSELMO OCAMPO ANEXO SEDE POLO DE LA MUJER,CENMA MANUEL ANSELMO OCAMPO ANEXO SEDE POLO DE LA MUJER,VILLA MARIA,GENERAL SAN MARTIN,CÓRDOBA,140512604,INDEPENDENCIA ESQ RAMIRO SUAREZ
244,C.E.N.M.A. MANUEL ANSELMO OCAMPO ANEXO TICINO,CENMA MANUEL ANSELMO OCAMPO ANEXO TICINO,TICINO,GENERAL SAN MARTIN,CÓRDOBA,140512602,MENDOZA 249  TICINO
245,C.E.N.M.A. MANUEL ANSELMO OCAMPO EXTENSIÓN ÁULICA ARROYO ALGODÓN,CENMA MANUEL ANSELMO OCAMPO EXTENSIÓN ÁULICA ARROYO ALGODÓN,ARROYO ALGODON,GENERAL SAN MARTIN,CÓRDOBA,140512606,CORDOBA
246,C.E.N.M.A. MANUEL BELGRANO,CENMA MANUEL BELGRANO,CRUZ DEL EJE,CRUZ DEL EJE,CÓRDOBA,140542600,PELLEGRINI 445 CENTRO CRUZ DEL EJE
247,C.E.N.M.A. MANUEL BELGRANO ANEXO EXTENSIÓN ÁULICA MALVINAS ARGENTINAS,CENMA MANUEL BELGRANO ANEXO EXTENSIÓN ÁULICA MALVINAS ARGENTINAS,CRUZ DEL EJE,CRUZ DEL EJE,CÓRDOBA,140542603,AVELLANEDA 384 LEOPOLDO HERRERA CRUZ DEL EJE
248,C.E.N.M.A. MANUEL BELGRANO ANEXO SEDE EDUCACION A DISTANCIA,CENMA MANUEL BELGRANO ANEXO SEDE EDUCACION A DISTANCIA,CRUZ DEL EJE,CRUZ DEL EJE,CÓRDOBA,140542601,MORENO 1565
249,C.E.N.M.A. MANUEL BELGRANO ANEXO SEDE PASO VIEJO,CENMA MANUEL BELGRANO ANEXO SEDE PASO VIEJO,PASO VIEJO,CRUZ DEL EJE,CÓRDOBA,140542602,CALLE PUBLICA
250,C.E.N.M.A. MANUEL DORREGO,CENMA MANUEL DORREGO,CORDOBA,CAPITAL,CÓRDOBA,140510700,PUNTA DEL SAUCE 1551 TALLERES ESTE BARRIO TALLERES ESTE
251,C.E.N.M.A. MANUEL DORREGO ANEXO SEDE HOSPITAL ONCOLOGICO,CENMA MANUEL DORREGO ANEXO SEDE HOSPITAL ONCOLOGICO,CORDOBA,CAPITAL,CÓRDOBA,140510702,FERROVIARIOS 1348 CRISOL B° CRISOL
252,C.E.N.M.A. MARCOS JUAREZ,CENMA MARCOS JUAREZ,MARCOS JUAREZ,MARCOS JUAREZ,CÓRDOBA,140512700,SANTIAGO DEL ESTERO 529  MARCOS JUAREZ
253,C.E.N.M.A. MARCOS JUAREZ ANEXO EXTENSION AULICA N°01,CENMA MARCOS JUAREZ ANEXO EXTENSION AULICA N01,MARCOS JUAREZ,MARCOS JUAREZ,CÓRDOBA,140512702,SAN JUAN 1090 SUR MARCOS JUAREZ P/RUTA PROVINCIAL NRO 12
254,C.E.N.M.A. MARCOS JUAREZ ANEXO SEDE EDUCACION A DISTANCIA,CENMA MARCOS JUAREZ ANEXO SEDE EDUCACION A DISTANCIA,MARCOS JUAREZ,MARCOS JUAREZ,CÓRDOBA,140512701,HIPOLITO IRIGOYEN ESQ. ROSARIO DE SANTA FE   MARCOS JUAREZ
255,C.E.N.M.A. MINA CLAVERO,CENMA MINA CLAVERO,MINA CLAVERO,SAN ALBERTO,CÓRDOBA,140349600,AVENIDA MITRE 1213 CENTRO MINA CLAVERO
256,C.E.N.M.A. MINA CLAVERO ANEXO EXTENSION AULICA VILLA CURA BROCHERO,CENMA MINA CLAVERO ANEXO EXTENSION AULICA VILLA CURA BROCHERO,VILLA CURA BROCHERO,SAN ALBERTO,CÓRDOBA,140349605,RUTA 15  TANQUE VILLA CURA BROCHERO - SAN ALBERTO
257,C.E.N.M.A. MINA CLAVERO ANEXO SEDE AMBUL,CENMA MINA CLAVERO ANEXO SEDE AMBUL,AMBUL,SAN ALBERTO,CÓRDOBA,140349601,DOMINGO FAUSTINO SARMIENTO S/N   AMBUL
258,C.E.N.M.A. MINA CLAVERO ANEXO SEDE LAS CALLES,CENMA MINA CLAVERO ANEXO SEDE LAS CALLES,LAS CALLES,SAN ALBERTO,CÓRDOBA,140349603,EL ALGARROBO   LAS CALLES
259,C.E.N.M.A. MINA CLAVERO ANEXO SEDE SALSACATE,CENMA MINA CLAVERO ANEXO SEDE SALSACATE,SALSACATE,POCHO,CÓRDOBA,140349607,CALLE PUBLICA
260,C.E.N.M.A. MINA CLAVERO ANEXO SEDE SAN LORENZO,CENMA MINA CLAVERO ANEXO SEDE SAN LORENZO,SAN LORENZO,SAN ALBERTO,CÓRDOBA,140349608,CALLE PUBLICA
449,C.E.N.M.A. OLIVA,CENMA OLIVA,OLIVA,TERCERO ARRIBA,CÓRDOBA,140430100,FRANCIA 60 SAGRADO CORAZON BARRIO SAGRADO CORAZON - OLIVA
450,C.E.N.M.A. OLIVA ANEXO JAMES CRAIK,CENMA OLIVA ANEXO JAMES CRAIK,JAMES CRAIK,TERCERO ARRIBA,CÓRDOBA,140430101,JOSE M. SALGUERO    JAMES CRAIK
451,C.E.N.M.A. OLIVA ANEXO SEDE COLAZO,CENMA OLIVA ANEXO SEDE COLAZO,COLAZO,RIO SEGUNDO,CÓRDOBA,140430102,AV OESTE   206  (RUTA PCIAL. N° 10)
452,C.E.N.M.A. PARQUE LICEO 2° SECCION,CENMA PARQUE LICEO 2 SECCION,CORDOBA,CAPITAL,CÓRDOBA,140542800,BARTOLOME HIDALGO  1400 PARQUE LICEO 2DA. SECCION B° PARQUE LICEO 2DA. SECCION
453,C.E.N.M.A. PARQUE LICEO 2° SECCION ANEXO CIUDAD DE LOS CUARTETOS,CENMA PARQUE LICEO 2 SECCION ANEXO CIUDAD DE LOS CUARTETOS,CORDOBA,CAPITAL,CÓRDOBA,140542803,CALLE PUBLICA  CIUDAD DE LOS CUARTETOS BARRIO CIUDAD DE LOS CUARTETOS
454,C.E.N.M.A. PARQUE LICEO 2° SECCION ANEXO REMEDIOS DE ESCALADA,CENMA PARQUE LICEO 2 SECCION ANEXO REMEDIOS DE ESCALADA,CORDOBA,CAPITAL,CÓRDOBA,140542807,MARIA LOYOLA 350 REMEDIOS DE ESCALADA B° REMEDIOS DE ESCALADA
455,C.E.N.M.A. PARQUE LICEO 2° SECCION ANEXO SEDE CONSEJO PROVINCIAL DE LA MUJER,CENMA PARQUE LICEO 2 SECCION ANEXO SEDE CONSEJO PROVINCIAL DE LA MUJER,CORDOBA,CAPITAL,CÓRDOBA,140542802,ARTURO CAPDEVILA 1521 VILLA AZALAIS B° VILLA AZALAIS
456,C.E.N.M.A. PARQUE LICEO 2° SECCION ANEXO SEDE EDUCACION A DISTANCIA,CENMA PARQUE LICEO 2 SECCION ANEXO SEDE EDUCACION A DISTANCIA,CORDOBA,CAPITAL,CÓRDOBA,140542806,BARTOLOME HIDALGO 1200 PARQUE LICEO 2DA. SECCION B° PARQUE LICEO 2DA. SECCION
457,C.E.N.M.A. PARQUE LICEO 2° SECCION ANEXO SEDE UNION FERROVIARIA,CENMA PARQUE LICEO 2 SECCION ANEXO SEDE UNION FERROVIARIA,CORDOBA,CAPITAL,CÓRDOBA,140542805,JUAN A. LAVALLEJA 1700 ALTA CORDOBA B° ALTA CORDOBA
458,C.E.N.M.A. PERIFERICOS DE ARGUELLO,CENMA PERIFERICOS DE ARGUELLO,CORDOBA,CAPITAL,CÓRDOBA,140544800,MONTUFAR Y CORONADO   QUINTAS DE ARGUELLO B° QUINTAS DE ARGUELLO (AV DONATO ALVAREZ AL 9200)
459,C.E.N.M.A. PERIFERICOS DE ARGUELLO ANEXO BARRIO I.P.V.,CENMA PERIFERICOS DE ARGUELLO ANEXO BARRIO IPV,CORDOBA,CAPITAL,CÓRDOBA,140544801,JULIO BEJANELE  I.P.V.
460,C.E.N.M.A. PERIFERICOS DE ARGUELLO ANEXO BARRIO VILLA CORNU,CENMA PERIFERICOS DE ARGUELLO ANEXO BARRIO VILLA CORNU,CORDOBA,CAPITAL,CÓRDOBA,140544802,AV. CENTRAL DEL LOTEO S/N°  16 DE NOVIEMBRE B° 16 DE NOVIEMBRE
461,C.E.N.M.A. PERIFERICOS DE ARGUELLO ANEXO SEDE B° COOPERATIVA 3 DE NOVIEMBRE,CENMA PERIFERICOS DE ARGUELLO ANEXO SEDE B COOPERATIVA 3 DE NOVIEMBRE,CORDOBA,CAPITAL,CÓRDOBA,140544805,MANZANA 2 LOTE 28  COOPERATIVA 3 DE NOVIEMBRE B°COOPERATIVA 3 DE NOVIEMBRE
462,C.E.N.M.A. PERIFERICOS DE ARGUELLO ANEXO SEDE BARRIO VILLA URQUIZA,CENMA PERIFERICOS DE ARGUELLO ANEXO SEDE BARRIO VILLA URQUIZA,CORDOBA,CAPITAL,CÓRDOBA,140544803,LA TABLADA 4699 VILLA URQUIZA BARRIO VILLA URQUIZA
463,C.E.N.M.A. PERIFERICOS DE ARGUELLO ANEXO SEDE EDUCACION A DISTANCIA,CENMA PERIFERICOS DE ARGUELLO ANEXO SEDE EDUCACION A DISTANCIA,CORDOBA,CAPITAL,CÓRDOBA,140544804,JUAN CASSOULET 7787 IPV ARGUELLO NORTE B° IPV ARGUELLO NORTE
464,C.E.N.M.A. POLICIA DE LA PROVINCIA DE CORDOBA,CENMA POLICIA DE LA PROVINCIA DE CORDOBA,CORDOBA,CAPITAL,CÓRDOBA,140011800,AV. HUMBERTO PRIMO 147 CENTRO B° CENTRO
465,C.E.N.M.A. POZO DEL MOLLE,CENMA POZO DEL MOLLE,POZO DEL MOLLE,RIO SEGUNDO,CÓRDOBA,140249400,BELGRANO 225  POZO DEL MOLLE
466,C.E.N.M.A. POZO DEL MOLLE ANEXO CARRILOBO,CENMA POZO DEL MOLLE ANEXO CARRILOBO,CARRILOBO,RIO SEGUNDO,CÓRDOBA,140249405,BELGRANO 277  CARRILOBO
467,C.E.N.M.A. POZO DEL MOLLE ANEXO DE LA PLAYOSA,CENMA POZO DEL MOLLE ANEXO DE LA PLAYOSA,LA PLAYOSA,GENERAL SAN MARTIN,CÓRDOBA,140249401,ENTRE RIOS 639  LA PLAYOSA
468,C.E.N.M.A. PROFESORA MARIA SALEME BURNICHON,CENMA PROFESORA MARIA SALEME BURNICHON,CORDOBA,CAPITAL,CÓRDOBA,140333400,ITUZAINGO 483 NUEVA CORDOBA BARRIO NUEVA CORDOBA
469,C.E.N.M.A. PROFESORA MARIA SALEME BURNICHON ANEXO N° 01,CENMA PROFESORA MARIA SALEME BURNICHON ANEXO 1,BOUWER,SANTA MARIA,CÓRDOBA,140333401,RUTA 36 KM 798 1/2   PARAJE ALTO EL DURAZNO KM 798 - RUTA 36 - CNO.DESPEÑADEROS
470,C.E.N.M.A. PROFESORA MARIA SALEME BURNICHON ANEXO N° 02,CENMA PROFESORA MARIA SALEME BURNICHON ANEXO 2,BOUWER,SANTA MARIA,CÓRDOBA,140333402,CALLE PUBLICA   PARAJE ALTO EL DURAZNO KM 798 - RUTA 36 - CNO.DESPEÑADEROS
471,C.E.N.M.A. PROFESORA MARIA SALEME BURNICHON ANEXO N° 04,CENMA PROFESORA MARIA SALEME BURNICHON ANEXO 4,BOUWER,SANTA MARIA,CÓRDOBA,140333404,CALLE PUBLICA   PARAJE ALTO EL DURAZNO KM 798 - RUTA 36 - CNO.DESPEÑADEROS
472,C.E.N.M.A. PROFESORA MARIA SALEME BURNICHON ANEXO N° 05,CENMA PROFESORA MARIA SALEME BURNICHON ANEXO 5,BOUWER,SANTA MARIA,CÓRDOBA,140333405,CALLE PUBLICA   PARAJE ALTO EL DURAZNO KM 798 - RUTA 36 - CNO.DESPEÑADEROS
473,C.E.N.M.A. PROFESORA MARIA SALEME BURNICHON ANEXO N° 06,CENMA PROFESORA MARIA SALEME BURNICHON ANEXO 6,BOUWER,SANTA MARIA,CÓRDOBA,140333406,CALLE PUBLICA   PARAJE ALTO EL DURAZNO KM 798 - RUTA 36 - CNO.DESPEÑADEROS
474,C.E.N.M.A. PROFESORA MARIA SALEME BURNICHON ANEXO N° 09,CENMA PROFESORA MARIA SALEME BURNICHON ANEXO 9,CORDOBA,CAPITAL,CÓRDOBA,140333409,TRANSITO CACERES DE ALLENDE 250 CENTRO B° CENTRO
476,C.E.N.M.A. PROFESORA MARIA SALEME BURNICHON ANEXO SEDE N° 03,CENMA PROFESORA MARIA SALEME BURNICHON ANEXO SEDE 3,BOUWER,SANTA MARIA,CÓRDOBA,140333403,CAMINO A 60 CUADRAS KM 14 1/2   CNO. A 60 CUADRAS- KM 14 1/2
475,"C.E.N.M.A. PROFESORA MARIA SALEME BURNICHON ANEXO SEDE CNO CAPILLA DE LOS REMEDIOS KM 8,5","CENMA PROFESORA MARIA SALEME BURNICHON ANEXO SEDE CNO CAPILLA DE LOS REMEDIOS KM 8,5",MONTECRISTO,RIO PRIMERO,CÓRDOBA,140333412,"CNO CAPILLA DE LOS REMEDIOS KM 8,5   COMPARTE EDIFICIO CON ESTABLECIMIENTO PENITENCIARIO NRO 4"
477,C.E.N.M.A. PROFESORA MARIA SALEME BURNICHON ANEXO SEDE PARQUE EDUCATIVO NORTE,CENMA PROFESORA MARIA SALEME BURNICHON ANEXO SEDE PARQUE EDUCATIVO NORTE,CORDOBA,CAPITAL,CÓRDOBA,140333413,DEL MOLINO & EL ACUEDUCTO  MARQUEZ ANEXO
478,C.E.N.M.A. REMEDIOS DE ESCALADA DE SAN MARTIN,CENMA REMEDIOS DE ESCALADA DE SAN MARTIN,RIO CUARTO,RIO CUARTO,CÓRDOBA,140512500,CONSTITUCION 1040 CENTRO RIO CUARTO
479,C.E.N.M.A. REMEDIOS DE ESCALADA DE SAN MARTIN  ANEXO BARRIO ALBERDI,CENMA REMEDIOS DE ESCALADA DE SAN MARTIN ANEXO BARRIO ALBERDI,RIO CUARTO,RIO CUARTO,CÓRDOBA,140512502,TOMAS ANCHORENA  ALBERDI
480,C.E.N.M.A. REMEDIOS DE ESCALADA DE SAN MARTIN  ANEXO BARRIO OBRERO,CENMA REMEDIOS DE ESCALADA DE SAN MARTIN ANEXO BARRIO OBRERO,RIO CUARTO,RIO CUARTO,CÓRDOBA,140512503,MALABIA Y ADELIA MARIA S/N°  OBRERO
482,C.E.N.M.A. REMEDIOS DE ESCALADA DE SAN MARTIN ANEXO LAS DELICIAS,CENMA REMEDIOS DE ESCALADA DE SAN MARTIN ANEXO LAS DELICIAS,RIO CUARTO,RIO CUARTO,CÓRDOBA,140512504,FRAY QUIRICO PORRECA 1310
481,C.E.N.M.A. REMEDIOS DE ESCALADA DE SAN MARTIN  ANEXO SEDE LAS HIGUERAS,CENMA REMEDIOS DE ESCALADA DE SAN MARTIN ANEXO SEDE LAS HIGUERAS,LAS HIGUERAS,RIO CUARTO,CÓRDOBA,140512501,ESPAÑA 36 CENTRO
483,C.E.N.M.A. RIO CEBALLOS,CENMA RIO CEBALLOS,RIO CEBALLOS,COLON,CÓRDOBA,140546500,KENNEDY  486 CENTRO RIO CEBALLOS
484,C.E.N.M.A. RIO CEBALLOS ANEXO LA GRANJA,CENMA RIO CEBALLOS ANEXO LA GRANJA,LA GRANJA,COLON,CÓRDOBA,140546501,AVENIDA LOS FRESNOS    AVENIDA LOS FRESNOS (RUTA E-53)
485,C.E.N.M.A. RIO PRIMERO,CENMA RIO PRIMERO,RIO PRIMERO,RIO PRIMERO,CÓRDOBA,140429900,12 DE OCTUBRE 115  RIO PRIMERO
486,C.E.N.M.A. RIO PRIMERO ANEXO SEDE CAPILLA DE LOS REMEDIOS,CENMA RIO PRIMERO ANEXO SEDE CAPILLA DE LOS REMEDIOS,CAPILLA DE LOS REMEDIOS,RIO PRIMERO,CÓRDOBA,140429902,MARTIN DE GUEMES   CAPILLA DE LOS REMEDIOS
487,C.E.N.M.A. RIO PRIMERO ANEXO SEDE PIQUILLIN,CENMA RIO PRIMERO ANEXO SEDE PIQUILLIN,PIQUILLIN,RIO PRIMERO,CÓRDOBA,140429901,FRAY MAMERTO ESQUIU SUR   PIQUILLIN
488,C.E.N.M.A. RIO PRIMERO ANEXO SEDE SANTIAGO TEMPLE,CENMA RIO PRIMERO ANEXO SEDE SANTIAGO TEMPLE,SANTIAGO TEMPLE,RIO SEGUNDO,CÓRDOBA,140429904,GUILLERMO CID
489,C.E.N.M.A. RIO TERCERO,CENMA RIO TERCERO,RIO TERCERO,TERCERO ARRIBA,CÓRDOBA,140395500,SCALABRINI ORTIZ  LAS VIOLETAS RIO TERCERO
490,C.E.N.M.A. RIO TERCERO ANEXO CORRALITO,CENMA RIO TERCERO ANEXO CORRALITO,CORRALITO,TERCERO ARRIBA,CÓRDOBA,140395505,PABLO PIZZURNO 149  CORRALITO - TERCERO ARRIBA
491,C.E.N.M.A. RIO TERCERO ANEXO DE TANCACHA,CENMA RIO TERCERO ANEXO DE TANCACHA,TANCACHA,TERCERO ARRIBA,CÓRDOBA,140395502,BARTOLOME MITRE 451 SUR TANCACHA
492,C.E.N.M.A. RIO TERCERO ANEXO SEDE VILLA ASCASUBI,CENMA RIO TERCERO ANEXO SEDE VILLA ASCASUBI,VILLA ASCASUBI,TERCERO ARRIBA,CÓRDOBA,140395501,MALVINAS ARGENTINAS 695  VILLA ASCASUBI
497,C.E.N.M.A. SALUD,CENMA SALUD,CORDOBA,CAPITAL,CÓRDOBA,140278300,DEAN FUNES 417 CENTRO B° CENTRO
498,C.E.N.M.A. SAN FRANCISCO,CENMA SAN FRANCISCO,SAN FRANCISCO,SAN JUSTO,CÓRDOBA,140549600,JOSE HERNANDEZ 3088 COTTOLENGO
499,C.E.N.M.A. SAN FRANCISCO ANEXO N° 1,CENMA SAN FRANCISCO ANEXO 1,SAN FRANCISCO,SAN JUSTO,CÓRDOBA,140549601,GENERAL SAVIO 602  SNA FRANCISCO
500,C.E.N.M.A. SAN FRANCISO DEL CHAÑAR,CENMA SAN FRANCISO DEL CHAÑAR,SAN FRANCISCO DEL CHAÑAR,SOBREMONTE,CÓRDOBA,140578900,SARMIENTO 385  SAN FRANCISCO DEL CHAÑAR
501,C.E.N.M.A. SAN JOSE DE LA DORMIDA ANEXO LA ARRIAS,CENMA SAN JOSE DE LA DORMIDA ANEXO LA ARRIAS,LAS ARRIAS,TULUMBA,CÓRDOBA,140486201,CRUZ DEL EJE S/N   LAS ARRIAS
502,C.E.N.M.A. SAN JOSE DE LA DORMIDA ANEXO SEDE CHURQUI CAÑADA,CENMA SAN JOSE DE LA DORMIDA ANEXO SEDE CHURQUI CAÑADA,CHURQUI CAÑADA,TULUMBA,CÓRDOBA,140486203,CALLE PUBLICA S/N    CHURQUI CAÑADA
503,C.E.N.M.A. SAN JOSE DE LA DORMIDA ANEXO VILLA TULUMBA,CENMA SAN JOSE DE LA DORMIDA ANEXO VILLA TULUMBA,VILLA TULUMBA,TULUMBA,CÓRDOBA,140486202,SUBOF. MARIO ENRIQUE FLORES S/N°   VILLA TULUMBA
504,C.E.N.M.A. SAN PEDRO,CENMA SAN PEDRO,SAN PEDRO,SAN ALBERTO,CÓRDOBA,140578300,CECILIA FUNES 150  SAN PEDRO
506,C.E.N.M.A. SAN PEDRO ANEXO Nº 1,CENMA SAN PEDRO ANEXO 1,VILLA DOLORES,SAN JAVIER,CÓRDOBA,140578301,CURA BROCHERO 1530 LA FERIA VILLA DOLORES
505,C.E.N.M.A. SAN PEDRO ANEXO LOS CERRILLOS,CENMA SAN PEDRO ANEXO LOS CERRILLOS,LOS CERRILLOS,SAN JAVIER,CÓRDOBA,140578302,BELGRANO 50 CENTRO LOS CERRILLOS
507,C.E.N.M.A. SAN PEDRO ANEXO SAN JOSE,CENMA SAN PEDRO ANEXO SAN JOSE,SAN JOSE,SAN JAVIER,CÓRDOBA,140578303,SAN MARTIN  CENTRO
508,C.E.N.M.A. SAN PEDRO ANEXO SAN VICENTE,CENMA SAN PEDRO ANEXO SAN VICENTE,SAN VICENTE,SAN ALBERTO,CÓRDOBA,140578305,JOSE GABRIEL BROCHERO   COMPARTE EDIFICIO CON EL CENTRO INTEGRADOR COMUNITARIO CIC
509,C.E.N.M.A. SAN PEDRO ANEXO SEDE CHANCANI,CENMA SAN PEDRO ANEXO SEDE CHANCANI,CHANCANI,POCHO,CÓRDOBA,140578304,CALLE PUBLICA
510,C.E.N.M.A. SAN PEDRO ANEXO VILLA SARMIENTO,CENMA SAN PEDRO ANEXO VILLA SARMIENTO,VILLA SARMIENTO,SAN ALBERTO,CÓRDOBA,140578306,LIBERTAD S/N  CENTRO VILLA SARMIENTO
511,C.E.N.M.A. SANTA ROSA DE CALAMUCHITA,CENMA SANTA ROSA DE CALAMUCHITA,SANTA ROSA DE CALAMUCHITA,CALAMUCHITA,CÓRDOBA,140484500,LIBERTAD 470 CENTRO SANTA ROSA DE CALAMUCHITA
512,C.E.N.M.A. SANTA ROSA DE CALAMUCHITA ANEXO LOS REARTES,CENMA SANTA ROSA DE CALAMUCHITA ANEXO LOS REARTES,LOS REARTES,CALAMUCHITA,CÓRDOBA,140484503,AVENIDA SAN MARTIN   LOS REARTES
513,C.E.N.M.A. SANTA ROSA DE CALAMUCHITA ANEXO SEDE YACANTO,CENMA SANTA ROSA DE CALAMUCHITA ANEXO SEDE YACANTO,VILLA YACANTO,CALAMUCHITA,CÓRDOBA,140484504,TUCUMAN S/N  LA HUERTILLA VILLA YACANTO
514,C.E.N.M.A. SANTA ROSA DE CALAMUCHITA ANEXO VILLA GENERAL BELGRANO,CENMA SANTA ROSA DE CALAMUCHITA ANEXO VILLA GENERAL BELGRANO,VILLA GENERAL BELGRANO,CALAMUCHITA,CÓRDOBA,140484502,AV. SAN MARTIN 35 CENTRO VILLA GENERAL BELGRANO
515,C.E.N.M.A. SANTA ROSA DE RIO PRIMERO ANEXO OBISPO TREJO,CENMA SANTA ROSA DE RIO PRIMERO ANEXO OBISPO TREJO,OBISPO TREJO,RIO PRIMERO,CÓRDOBA,140009102,GENERAL PAZ 788  OBISPO TREJO
516,C.E.N.M.A. SANTA ROSA DE RIO PRIMERO ANEXO SEDE,CENMA SANTA ROSA DE RIO PRIMERO ANEXO SEDE,SANTA ROSA DE RIO PRIMERO,RIO PRIMERO,CÓRDOBA,140009105,SAN MARTIN 916  VILLA SANTA ROSA
517,C.E.N.M.A. SANTA ROSA DE RIO PRIMERO ANEXO SEDE LA PUERTA,CENMA SANTA ROSA DE RIO PRIMERO ANEXO SEDE LA PUERTA,LA PUERTA,RIO PRIMERO,CÓRDOBA,140009104,LAS HERAS   LA PUERTA
518,C.E.N.M.A. SANTA ROSA DE RIO PRIMERO ANEXO SEDE VILLA FONTANA,CENMA SANTA ROSA DE RIO PRIMERO ANEXO SEDE VILLA FONTANA,VILLA FONTANA,RIO PRIMERO,CÓRDOBA,140009108,RIVADAVIA 435  140185600 Esc. J. M. Estrada
493,C.E.N.M.A. S.E.P. ANEXO SEDE CORDOBA,CENMA SEP ANEXO SEDE CORDOBA,CORDOBA,CAPITAL,CÓRDOBA,140483000,AV. DUARTE QUIROS 583 CENTRO B° CENTRO (FRENTE A TRIBUNALES)
494,C.E.N.M.A. S.E.P. ANEXO SEDE CRUZ DEL EJE,CENMA SEP ANEXO SEDE CRUZ DEL EJE,CRUZ DEL EJE,CRUZ DEL EJE,CÓRDOBA,140483002,SOLDADO ROMERO 249  CRUZ DEL EJE
495,C.E.N.M.A. S.E.P. ANEXO SEDE DEAN FUNES,CENMA SEP ANEXO SEDE DEAN FUNES,DEAN FUNES,ISCHILIN,CÓRDOBA,140483001,SANTA FE 61 CENTRO DEAN FUNES
496,C.E.N.M.A. S.E.P. ANEXO SEDE HUINCA RENANCO,CENMA SEP ANEXO SEDE HUINCA RENANCO,HUINCA RENANCO,GENERAL ROCA,CÓRDOBA,140483003,FORMOSA 141 CENTRO HUINCA RENANCO
519,C.E.N.M.A. STA ROSA DE CALAMUCHITA ANEXO EXT AULICA LA CUMBRECITA,CENMA STA ROSA DE CALAMUCHITA ANEXO EXTENSION AULICA LA CUMBRECITA,LA CUMBRECITA,CALAMUCHITA,CÓRDOBA,140484501,CALLE PUBLICA   LA CUMBRECITA
520,C.E.N.M.A. STA ROSA DE RIO PRIMERO,CENMA STA ROSA DE RIO PRIMERO,SANTA ROSA DE RIO PRIMERO,RIO PRIMERO,CÓRDOBA,140009100,9 DE JULIO 455 CENTRO SANTA ROSA DE RIO PRIMERO
521,C.E.N.M.A. TEODORO ASTEGGIANO,CENMA TEODORO ASTEGGIANO,SAN FRANCISCO,SAN JUSTO,CÓRDOBA,140542900,RESISTENCIA 1080 PARQUE SAN FRANCISCO
522,C.E.N.M.A. UNQUILLO,CENMA UNQUILLO,UNQUILLO,COLON,CÓRDOBA,140545700,SPILIMBERGO 300 CENTRO UNQUILLO
523,C.E.N.M.A. UNQUILLO ANEXO SALSIPUEDES,CENMA UNQUILLO ANEXO SALSIPUEDES,SALSIPUEDES,COLON,CÓRDOBA,140545701,GENERAL PAZ 1583 EL TALITA
524,C.E.N.M.A. UNQUILLO SEDE EDUCACION A DISTANCIA,CENMA UNQUILLO SEDE EDUCACION A DISTANCIA,SALSIPUEDES,COLON,CÓRDOBA,140545703,25 DE MAYO S/N  EL PUEBLITO
525,C.E.N.M.A. VILLA DE SOTO,CENMA VILLA DE SOTO,VILLA DE SOTO,CRUZ DEL EJE,CÓRDOBA,140034500,AV. 25 DE MAYO 31 SAN MARTIN VILLA DE SOTO
527,C.E.N.M.A. VILLA DE SOTO ANEXO SEDE ESTANCIA DE GUADALUPE,CENMA VILLA DE SOTO ANEXO SEDE ESTANCIA DE GUADALUPE,ESTANCIA DE GUADALUPE,MINAS,CÓRDOBA,140034505,PUBLICA   ESTANCIA DE GUADALUPE
528,C.E.N.M.A. VILLA DE SOTO ANEXO SEDE LA HIGUERA,CENMA VILLA DE SOTO ANEXO SEDE LA HIGUERA,LA HIGUERA,CRUZ DEL EJE,CÓRDOBA,140034506,CALLE PUBLICA   Escuela J. San Martin 140031000
529,C.E.N.M.A. VILLA DE SOTO ANEXO SEDE LOS ESCALONES,CENMA VILLA DE SOTO ANEXO SEDE LOS ESCALONES,LOS ESCALONES,CRUZ DEL EJE,CÓRDOBA,140034503,CALLE PUBLICA   EL QUICHO ESCUELA RUBEN DARIO
526,C.E.N.M.A. VILLA DE SOTO ANEXO SERREZUELA,CENMA VILLA DE SOTO ANEXO SERREZUELA,SERREZUELA,CRUZ DEL EJE,CÓRDOBA,140034501,AV. MALVINAS ARGENTINAS   SERREZUELA
530,C.E.N.M.A. VILLA DEL TOTORAL,CENMA VILLA DEL TOTORAL,VILLA DEL TOTORAL,TOTORAL,CÓRDOBA,140431700,REPUBLICA ARGENTINA   PADRE ABREGU VILLA DEL TOTORAL
531,C.E.N.M.A. VILLA DEL TOTORAL ANEXO LAS PEÑAS NORTE,CENMA VILLA DEL TOTORAL ANEXO LAS PEÑAS NORTE,LAS PEÑAS NORTE,TOTORAL,CÓRDOBA,140431704,CRIO. LIDORO CENTURION 324 CENTRO LAS PEÑAS NORTE
532,C.E.N.M.A. VILLA DEL TOTORAL ANEXO SEDE CAÑADA DE LUQUE,CENMA VILLA DEL TOTORAL ANEXO SEDE CAÑADA DE LUQUE,CAÑADA DE LUQUE,TOTORAL,CÓRDOBA,140431702,LISANDRO DE LA TORRE   CAÑADA DE LUQUE
533,C.E.N.M.A. VILLA DEL TOTORAL ANEXO SEDE CAPILLA DEL SITON,CENMA VILLA DEL TOTORAL ANEXO SEDE CAPILLA DEL SITON,CAPILLA DE SITON,TOTORAL,CÓRDOBA,140431706,8 DE DICIEMBRE
534,C.E.N.M.A. VILLA DEL TOTORAL ANEXO SEDE SARMIENTO,CENMA VILLA DEL TOTORAL ANEXO SEDE SARMIENTO,SARMIENTO,TOTORAL,CÓRDOBA,140431703,ESPAÑA  PADRE ABREGU SARMIENTO
535,C.E.N.M.A. VILLA DEL TOTORAL ANEXO SEDE U.O.Y.E.P.,CENMA VILLA DEL TOTORAL ANEXO SEDE UOYEP,VILLA DEL TOTORAL,TOTORAL,CÓRDOBA,140431705,27 DE ABRIL 208  VILLA DEL TOTORAL - TOTORAL
536,C.E.N.M.A. VILLA DOLORES,CENMA VILLA DOLORES,VILLA DOLORES,SAN JAVIER,CÓRDOBA,140174900,20 DE JUNIO 200 EL PORVENIR VILLA DOLORES
537,C.E.N.M.A. VILLA DOLORES  ANEXO SEDE CEMDO,CENMA VILLA DOLORES ANEXO SEDE CEMDO,VILLA DOLORES,SAN JAVIER,CÓRDOBA,140174909,EDISON 130 CENTRO
539,C.E.N.M.A. VILLA DOLORES ANEXO SEDE EDUCACION A DISTANCIA,CENMA VILLA DOLORES ANEXO SEDE EDUCACION A DISTANCIA,VILLA DOLORES,SAN JAVIER,CÓRDOBA,140174910,EDISON 130 CENTRO SAN JAVIER
540,C.E.N.M.A. VILLA DOLORES ANEXO SEDE LA PAZ,CENMA VILLA DOLORES ANEXO SEDE LA PAZ,LA PAZ,SAN JAVIER,CÓRDOBA,140174905,12 DE OCTUBRE  CENTRO LA PAZ
541,C.E.N.M.A. VILLA DOLORES ANEXO SEDE SAN JAVIER Y YACANTO,CENMA VILLA DOLORES ANEXO SEDE SAN JAVIER Y YACANTO,SAN JAVIER (YACANTO),SAN JAVIER,CÓRDOBA,140174906,CALLE PUBLICA (RUTA Nº 14)   SAN JAVIER Y YACANTO
538,C.E.N.M.A. VILLA DOLORES ANEXO VILLA DE LAS ROSAS,CENMA VILLA DOLORES ANEXO VILLA DE LAS ROSAS,VILLA DE LAS ROSAS,SAN JAVIER,CÓRDOBA,140174902,BELGRANO SUR 350 CENTRO VILLA DE LAS ROSAS
542,C.E.N.M.A. VILLA NUEVA,CENMA VILLA NUEVA,VILLA NUEVA,GENERAL SAN MARTIN,CÓRDOBA,140541700,DEAN FUNES 757 TRÁNSITO CABANILLAS VILLA NUEVA
543,C.E.N.M.A. VILLA NUEVA ANEXO SEDE EDUCACION A DISTANCIA,CENMA VILLA NUEVA ANEXO SEDE EDUCACION A DISTANCIA,VILLA NUEVA,GENERAL SAN MARTIN,CÓRDOBA,140541705,9 DE JULIO  1040
549,C.E.N.P.A. (FUNC.EN C.E. MISIONERO SALESIANO) ANEXO REDUCCION,CENPA (C E MISIONERO SALESIANO) ANEXO REDUCCION,REDUCCION,JUAREZ CELMAN,CÓRDOBA,140171701,JUAN BAUTISTA FASSI   VILLA REDUCCION
545,C.E.N.P.A. (FUNC:EN C.E. MISIONEROS SALESIANOS),CENPA (C E MISIONEROS SALESIANOS),ALEJANDRO ROCA,JUAREZ CELMAN,CÓRDOBA,140171700,VELEZ SARSFIELD 625  ALEJANDRO ROCA
544,C.E.N.P.A (FUNC. EN ESCUELA ALEM),CENPA (ESCUELA ALEM),NOETINGER,UNION,CÓRDOBA,140147400,ANDRES COSTA 486  NOETINGER
552,C.E.N.P.A. (FUNCIONA EN ESC. ARTEAGA),CENPA (ESCUELA ARTEAGA),CRUZ ALTA,MARCOS JUAREZ,CÓRDOBA,140392000,SAN MARTIN 1487 SAN MARTIN CRUZ ALTA
546,C.E.N.P.A. (FUNC:ESC.B.RIVADAVIA),CENPA (ESCUELA B RIVADAVIA),LAS VARILLAS,SAN JUSTO,CÓRDOBA,140494100,INDEPENDENCIA 294  LAS VARILLAS
547,C.E.N.P.A. (FUNC:ESC.CHACABUCO),CENPA (ESCUELA CHACABUCO),EL ARAÑADO,SAN JUSTO,CÓRDOBA,140496500,25 DE MAYO 381  EL ARA?DO
548,C.E.N.P.A. (FUNC:ESC.GRAL.SAN MARTIN DOC:MARTELLONO),CENPA (ESCUELA GENERAL SAN MARTIN DOC MARTELLONO),BALLESTEROS,UNION,CÓRDOBA,140495600,PDTE PERON 75 CENTRO BALLESTEROS
550,C.E.N.P.A. (FUNC.EN ESC.MANUEL BELGRANO),CENPA (ESCUELA MANUEL BELGRANO),LAS RABONAS,SAN ALBERTO,CÓRDOBA,140487600,CALLE PUBLICA   LAS RABONAS P/RUTA NAC.N?14
551,C.E.N.P.A. (FUNC.EN ESC.MARIANO MORENO  DOC: DONATO),CENPA (ESCUELA MARIANO MORENO DOC DONATO),MARCOS JUAREZ,MARCOS JUAREZ,CÓRDOBA,140313900,SAN JUAN 1090 SUR MARCOS JUAREZ P/RUTA PROVINCIAL NRO 12
638,C.E.N.P.A.(FUNC.EN ESC.P.ANTONIO SAENZ),CENPA (ESCUELA P ANTONIO SAENZ),LOS CALLEJONES,SAN ALBERTO,CÓRDOBA,140469100,CALLE PUBLICA   LOS CALLEJONES
553,C.E.N.P.A. (FUNCIONA EN LA ESCUELA VICTOR MERCANTE),CENPA (ESCUELA VICTOR MERCANTE),SAN JOSE DE LAS SALINAS,TULUMBA,CÓRDOBA,140364600,ONCATIVO
639,C.E.N.P.A.(FUNC.EN P.B.DE LAS CASAS DOC:SCARABELLI),CENPA (P B DE LAS CASAS DOC SCARABELLI),VILLA DE SOTO,CRUZ DEL EJE,CÓRDOBA,140034800,AVENIDA 25 DE MAYO 31 ALBERDI VILLA DE SOTO
613,C.E.N.P.A. N° 10 DE LAS ARRIAS,CENPA 10 DE LAS ARRIAS,LAS ARRIAS,TULUMBA,CÓRDOBA,140368900,CRUZ DEL EJE   FUNC.EN I.P.E.M N° 34
614,C.E.N.P.A. N° 11 DE SAN FRANCISCO DEL CHAÑAR,CENPA 11 DE SAN FRANCISCO DEL CHAÑAR,HOSPITAL JOSE J. PUENTE,SOBREMONTE,CÓRDOBA,140488200,CALLE PUBLICA S/N    HOSPITAL JOSE J.PUENTE (A 10 KM.DE SAN F.DEL CHAÑAR)
618,C.E.N.P.A. Nº 12,CENPA 12,ADELIA MARIA,RIO CUARTO,CÓRDOBA,140469200,HIPOLITO IRIGOYEN 125 CENTRO ADELIA MARIA
612,C.E.N.P.A. N 12 (FUNC:ESC.D.V.SARSFIELD DOC:LUNA),CENPA 12 (ESCUELA D V SARSFIELD DOC LUNA),BELL VILLE,UNION,CÓRDOBA,140049800,VELEZ SARSFIELD 499 SAN VICENTE BELL VILLE
615,C.E.N.P.A. N° 13 CASA DE LA CULTURA(DOC:BERSANO),CENPA 13 CASA DE LA CULTURA (DOC BERSANO),SAN MARCOS SUD,UNION,CÓRDOBA,140164000,SOBREMONTE S/N   SAN MARCOS SUD
619,C.E.N.P.A. Nº 23 DE MONTE BUEY,CENPA 23 DE MONTE BUEY,MONTE BUEY,MARCOS JUAREZ,CÓRDOBA,140137800,9 DE JULIO 351  MONTE BUEY
620,C.E.N.P.A. Nº 23 GENERAL SAN MARTIN,CENPA 23 GENERAL SAN MARTIN,SAN AGUSTIN,CALAMUCHITA,CÓRDOBA,140080100,ROQUE SAENZ PEÑA 118  SAN AGUSTIN
621,C.E.N.P.A. Nº 23 GENERAL SAN MARTIN ANEXO EXT. ÁULICA LOS MOLINOS,CENPA 23 GENERAL SAN MARTIN ANEXO EXTENSION ÁULICA LOS MOLINOS,LOS MOLINOS,CALAMUCHITA,CÓRDOBA,140080101,CALLE PUBLICA S/N   LOS MOLINOS
617,C.E.N.P.A. N°25 DE CAMILO ALDAO,CENPA 25 DE CAMILO ALDAO,CAMILO ALDAO,MARCOS JUAREZ,CÓRDOBA,140483900,BV.JOSE MARIA ALDAO 1160  CAMILO ALDAO
616,C.E.N.P.A. N° 712 (FUNC.EN ESC. RECONQUISTA DOC: RIO),CENPA 712 (FUNC EN ESCUELA RECONQUISTA DOC RIO),VILLA DEL ROSARIO,RIO SEGUNDO,CÓRDOBA,140211200,BV. CORDOBA 810  VILLA DEL ROSARIO
571,C.E.N.P.A. DE ALEJO LEDESMA,CENPA ALEJO LEDESMA,ALEJO LEDESMA,MARCOS JUAREZ,CÓRDOBA,140483800,LEANDRO N. ALEM 574 SAN CAYETANO ESTE ALEJO LEDESMA (FUNC. EN ESC.PRIM.D.F.SARMIENTO)
554,C.E.N.P.A. ALICIA,CENPA ALICIA,ALICIA,SAN JUSTO,CÓRDOBA,140581400,LA RIOJA  526  ALICIA
555,C.E.N.P.A. ASIMRA,CENPA ASIMRA,CORDOBA,CAPITAL,CÓRDOBA,140559300,ENTRE RIOS 680 GUEMES B° GUEMES
557,C.E.N.P.A. B (FUNC:ESC.GRANJA LOS AMIGOS),CENPA B (ESCUELA GRANJA LOS AMIGOS),VILLA MARIA,GENERAL SAN MARTIN,CÓRDOBA,140495000,PROLONG.VELEZ SARSFIELD  ZONA RURAL VILLA MARIA
558,C.E.N.P.A. B (FUNC:ESC.N.DE AYOHUMA),CENPA B (ESCUELA N DE AYOHUMA),MORRISON,UNION,CÓRDOBA,140495700,VICENTE LOPEZ S/N  SUR MORRISON
556,C.E.N.P.A. B (EX ESC.NOCT.R.GUTIERREZ DOC:RAMAYAL),CENPA B (EX ESCUELA NOCTURNA R GUTIERREZ DOC RAMAYAL),CANALS,UNION,CÓRDOBA,140494000,SANTIAGO DEL ESTERO 149 SUR CANALS
572,C.E.N.P.A. DE Bº CTALAMOCHITA,CENPA B CTALAMOCHITA,VILLA NUEVA,GENERAL SAN MARTIN,CÓRDOBA,140437500,MARCOS JUAREZ 580 CTALAMOCHITA VILLA NUEVA
559,C.E.N.P.A. B DE SAN ANTONIO DE LITIN,CENPA B DE SAN ANTONIO DE LITIN,SAN ANTONIO DE LITIN,UNION,CÓRDOBA,140499800,LIBERTAD 342  SAN ANTONIO DE LITIN
573,C.E.N.P.A. DE Bº EL PORVENIR (DOC.ROSAS),CENPA B EL PORVENIR (DOC ROSAS),VILLA DOLORES,SAN JAVIER,CÓRDOBA,140509400,JUAN DE GARAY 2157 EL PORVENIR VILLA DOLORES
574,C.E.N.P.A. DE Bº LOS ROBLES,CENPA B LOS ROBLES,CORDOBA,CAPITAL,CÓRDOBA,140492300,CALLE PUBLICA S/N  LOS ROBLES LOS ROBLES
575,C.E.N.P.A. DE Bº STRADA,CENPA B STRADA,SANTA ROSA DE CALAMUCHITA,CALAMUCHITA,CÓRDOBA,140502000,TACUARITA  VILLA STRADA SANTA ROSA DE CALAMUCHITA
560,C.E.N.P.A. BEATA TRANSITO DE CABANILLAS,CENPA BEATA TRANSITO DE CABANILLAS,TRANSITO,SAN JUSTO,CÓRDOBA,140496400,LEOPOLDO LUGONES 88  TRANSITO
561,C.E.N.P.A. BERNARDINO RIVADAVIA,CENPA BERNARDINO RIVADAVIA,PORTEÑA,SAN JUSTO,CÓRDOBA,140459400,SARMIENTO 217  PORTEÑA
562,C.E.N.P.A. C.A.P. Nº 6,CENPA CAP 6,VILLA CARLOS PAZ,PUNILLA,CÓRDOBA,140450600,PARAGUAY 480 ALTOS SAN PEDRO VILLA CARLOS PAZ
637,C.E.N.P.A. C.A.P. CASA DE LA CULTURA,CENPA CAP CASA DE LA CULTURA,ALTA GRACIA,SANTA MARIA,CÓRDOBA,140433500,URUGUAY 200 NORTE ALTA GRACIA
563,C.E.N.P.A. CAPILLA DE LOS REMEDIOS,CENPA CAPILLA DE LOS REMEDIOS,CAPILLA DE LOS REMEDIOS,RIO PRIMERO,CÓRDOBA,140537000,MARTIN M. DE GUEMES ESQ. RIVADAVIA   CAPILLA DE LOS REMEDIOS
564,C.E.N.P.A. CAPILLA DE LOS REMEDIOS ANEXO EXT. AUL. PIQUILLIN,CENPA CAPILLA DE LOS REMEDIOS ANEXO EXTENSION AULICA PIQUILLIN,PIQUILLIN,RIO PRIMERO,CÓRDOBA,140537001,FRAY MAMERTO ESQUIU   PIQUILLIN
565,C.E.N.P.A. CARNERILLO,CENPA CARNERILLO,CARNERILLO,JUAREZ CELMAN,CÓRDOBA,140562900,PASTORA VILDOZA DE AGUIRRE 13 CENTRO CARNERILLO
576,C.E.N.P.A. DE CAVANAGH N°1,CENPA CAVANAGH 1,CAVANAGH,MARCOS JUAREZ,CÓRDOBA,140484000,AV. BADENIA S/N   CAVANAGH (Funciona en ESCUELA ELLY POLEMAN DE REGENSBURGER)
566,C.E.N.P.A. CENTRO CULTURAL MUNICIPAL,CENPA CENTRO CULTURAL MUNICIPAL,MORTEROS,SAN JUSTO,CÓRDOBA,140373600,MARCONI 69 CENTRO MORTEROS - SAN JUSTO
567,C.E.N.P.A. CHANCANI,CENPA CHANCANI,CHANCANI,POCHO,CÓRDOBA,140532800,CALLE PUBLICA   CHANCANI
568,C.E.N.P.A. CORRALITO,CENPA CORRALITO,CORRALITO,TERCERO ARRIBA,CÓRDOBA,140123400,PABLO A. PIZZURNO 149  CORRALITO
569,C.E.N.P.A. CREER Y SER,CENPA CREER Y SER,CORDOBA,CAPITAL,CÓRDOBA,140505300,CALLE PUBLICA  LOS CORTADEROS Bº LOS CORTADEROS
570,C.E.N.P.A. CRUZ DEL EJE UNIDAD PENIT. N° 10,CENPA CRUZ DEL EJE UNIDAD PENIT 10,CRUZ DEL EJE,CRUZ DEL EJE,CÓRDOBA,140515100,RONDEAU 10 RESIDENCIAL AMERICA CRUZ DEL EJE
588,C.E.N.P.A. DOÑA ANITA GIAVENO DE SACAVINO,CENPA DOÑA ANITA GIAVENO DE SACAVINO,BRINCKMANN,SAN JUSTO,CÓRDOBA,140436100,DR. PITT FUNES 547 CENTRO BRINKMANN
589,C.E.N.P.A. DOÑA ANITA GIAVENO DE SACAVINO ANEXO EXTENSION AULICA CENTRO DE J.y P.,CENPA DOÑA ANITA GIAVENO DE SACAVINO ANEXO EXTENSION AULICA CENTRO DE J y P,BRINCKMANN,SAN JUSTO,CÓRDOBA,140436101,DR. PITT FUNES 1044  BRINKMANN
590,C.E.N.P.A. EL TIO,CENPA EL TIO,EL TIO,SAN JUSTO,CÓRDOBA,140551100,15 DE OCTUBRE 292  EL TIO - SAN JUSTO
591,C.E.N.P.A. EL TIO ANEXO EXTENSION AULICA LA FRANCIA,CENPA EL TIO ANEXO EXTENSION AULICA LA FRANCIA,LA FRANCIA,SAN JUSTO,CÓRDOBA,140551101,BOULEVAR CORDOBA 101
592,C.E.N.P.A. ESTANCIAS DE GUADALUPE,CENPA ESTANCIAS DE GUADALUPE,ESTANCIA DE GUADALUPE,MINAS,CÓRDOBA,140519100,CALLE PUBLICA
577,C.E.N.P.A. DE FREYRE(FUNC.ESC. F. AMEGHINO DOC:ROMERO),CENPA FREYRE (FUNC ESCUELA F AMEGHINO DOC ROMERO),FREYRE,SAN JUSTO,CÓRDOBA,140448700,BV. BELGRANO 169 PLAZA FREYRE
640,C.E.N.P.A.FUNCIONA EN ESCUELA GABRIELA MISTRAL VILLA STRADA EXTENSION AULICA VILLA DEL DIQUE,CENPA FUNCIONA EN ESCUELA GABRIELA MISTRAL VILLA STRADA EXTENSION AULICA VILLA DEL DIQUE,VILLA DEL DIQUE,CALAMUCHITA,CÓRDOBA,140502001,AV LOS NAVEGANTES ESQ CARRIL DE LOS CHILENOS
593,C.E.N.P.A. GENERAL JOSE DE SAN MARTIN,CENPA GENERAL JOSE DE SAN MARTIN,VILLA GENERAL BELGRANO,CALAMUCHITA,CÓRDOBA,140533200,AV. JULIO A ROCA 128 CENTRO Biblioteca Popular Manuel Belgrano
578,C.E.N.P.A. DE GRAL.CABRERA,CENPA GENERALCABRERA,GENERAL CABRERA,JUAREZ CELMAN,CÓRDOBA,140171300,MAIPU 962 ARGENTINO GENERAL CABRERA
594,C.E.N.P.A. GUARDERIA MUNICIPAL,CENPA GUARDERIA MUNICIPAL,ALMAFUERTE,TERCERO ARRIBA,CÓRDOBA,140094900,URUGUAY 55 CENTRO ALMAFUERTE
595,C.E.N.P.A. GUARDERIA MUNICIPAL EXT AULICA HOGAR DE DIA ADOLFO KOOP,CENPA GUARDERIA MUNICIPAL EXTENSION AULICA HOGAR DE DIA ADOLFO KOOP,ALMAFUERTE,TERCERO ARRIBA,CÓRDOBA,140094902,PARAGUAY ESQ CATAMARCA   ALMAFUERTE
579,C.E.N.P.A. DE GUATIMOZIN,CENPA GUATIMOZIN,GUATIMOZIN,MARCOS JUAREZ,CÓRDOBA,140218100,ENTRE RIOS NORTE S/N  PEIRANO GUATIMOZIN
596,C.E.N.P.A. HOGAR DE DIA JUAN C. VASQUEZ,CENPA HOGAR DE DIA JUAN C VASQUEZ,UCACHA,JUAREZ CELMAN,CÓRDOBA,140372800,MODESTO GIULIANI 60 CENTRO UCACHA
597,C.E.N.P.A. HOGAR DE DIA LA CASA DE DON GASPAR,CENPA HOGAR DE DIA LA CASA DE DON GASPAR,CORDOBA,CAPITAL,CÓRDOBA,140449700,BAILEN 41 YAPEYU B?YAPEYU
598,C.E.N.P.A. ICHO CRUZ,CENPA ICHO CRUZ,ICHO CRUZ,PUNILLA,CÓRDOBA,140551500,CALLE N° 7   SOLARES ICHO CRUZ
580,C.E.N.P.A. DE INRIVILLE (DOC: PELETTI),CENPA INRIVILLE (DOC PELETTI),INRIVILLE,MARCOS JUAREZ,CÓRDOBA,140507800,RIVADAVIA  220  INRIVILLE
599,C.E.N.P.A. ITALO VICTORIO GRANGETTO,CENPA ITALO VICTORIO GRANGETTO,DEVOTO,SAN JUSTO,CÓRDOBA,140097400,SARMIENTO 325  DEVOTO
600,C.E.N.P.A. JOSE GABRIEL BROCHERO,CENPA JOSE GABRIEL BROCHERO,SANTA ROSA DE RIO PRIMERO,RIO PRIMERO,CÓRDOBA,140008900,9 DE JULIO 455  SANTA ROSA DE RIO PRIMERO
601,C.E.N.P.A. JOSE GABRIEL BROCHERO,CENPA JOSE GABRIEL BROCHERO,VILLA CONCEPCION DEL TIO,SAN JUSTO,CÓRDOBA,140496300,TUCUMAN 483  VILLA CONCEPCIÓN DEL TIO
602,C.E.N.P.A. JOSE GABRIEL BROCHERO EXT. AULICA DIEGO DE ROJAS,CENPA JOSE GABRIEL BROCHERO EXTENSION AULICA DIEGO DE ROJAS,DIEGO DE ROJAS,RIO PRIMERO,CÓRDOBA,140008901,FIGUEROA ALCORTA S/N   DIEGO DE ROJAS
641,C.E.N.P.A.JOSE HERNANDEZ(FUNC.ESC. MAESTRO J.SALGUEIRO),CENPA JOSE HERNANDEZ (FUNC ESCUELA MAESTRO J SALGUEIRO),JAMES CRAIK,TERCERO ARRIBA,CÓRDOBA,140158400,PASTEUR 182 SUR JAMES CRAIK
603,C.E.N.P.A. LA CUMBRECITA,CENPA LA CUMBRECITA,LA CUMBRECITA,CALAMUCHITA,CÓRDOBA,140526300,CALLE PUBLICA   LA CUMBRECITA
604,C.E.N.P.A. LA PUERTA,CENPA LA PUERTA,LA PUERTA,RIO PRIMERO,CÓRDOBA,140545200,LAS HERAS   LA PUERTA
605,C.E.N.P.A. LA PUERTA ANEXO EXTENSION AULICA LAS SALADAS,CENPA LA PUERTA ANEXO EXTENSION AULICA LAS SALADAS,LAS SALADAS,RIO PRIMERO,CÓRDOBA,140545201,NICASIO MARTINEZ S/N   LAS SALADAS P/RÍO PRIMERO
606,C.E.N.P.A. LABORDE,CENPA LABORDE,LABORDE,UNION,CÓRDOBA,140536600,BELGRANO 428 CENTRO LABORDE
607,C.E.N.P.A. LAGUNA LARGA,CENPA LAGUNA LARGA,LAGUNA LARGA,RIO SEGUNDO,CÓRDOBA,140035600,NARCISO LAPRIDA S/N   LAGUNA LARGA
581,C.E.N.P.A. DE LOS CONDORES,CENPA LOS CONDORES,LOS CONDORES,CALAMUCHITA,CÓRDOBA,140498500,SARMIENTO 530 CENTRO LOS CONDORES
582,C.E.N.P.A. DE LOS REARTES,CENPA LOS REARTES,LOS REARTES,CALAMUCHITA,CÓRDOBA,140500300,PURA VILLAGRA ESQUINA BELGRANO  CENTRO LOS REARTES
608,C.E.N.P.A. LUQUE,CENPA LUQUE,LUQUE,RIO SEGUNDO,CÓRDOBA,140526200,25 DE MAYO 582
609,C.E.N.P.A. MARIA TERESA NAVARRO,CENPA MARIA TERESA NAVARRO,ARROYITO,SAN JUSTO,CÓRDOBA,140393100,RIVADAVIA  CENTRO ARROYITO
610,C.E.N.P.A. MARIA TERESA NAVARRO ANEXO EXTENSION AULICA HOGAR DE DIA AMANDA CAGNOLO,CENPA MARIA TERESA NAVARRO ANEXO EXTENSION AULICA HOGAR DE DIA AMANDA CAGNOLO,ARROYITO,SAN JUSTO,CÓRDOBA,140393101,SARGENTO CABRAL 400  ARROYITO
583,C.E.N.P.A. DE MINA CLAVERO,CENPA MINA CLAVERO,MINA CLAVERO,SAN ALBERTO,CÓRDOBA,140515600,AVENIDA MITRE 1251 CENTRO MINA CLAVERO
584,C.E.N.P.A. DE MONTE MAIZ,CENPA MONTE MAIZ,MONTE MAIZ,UNION,CÓRDOBA,140260900,SALTA 1771 CENTRO MONTE MAIZ
611,C.E.N.P.A. MYRIAM HAYQUEL DE ANDRES,CENPA MYRIAM HAYQUEL DE ANDRES,RIO PRIMERO,RIO PRIMERO,CÓRDOBA,140130700,12 DE OCTUBRE 115 CENTRO RIO PRIMERO
585,C.E.N.P.A. DE ONCATIVO,CENPA ONCATIVO,ONCATIVO,RIO SEGUNDO,CÓRDOBA,140372400,25 DE MAYO Y CASTELLI   ONCATIVO
586,C.E.N.P.A. DE ORDOÑEZ,CENPA ORDOÑEZ,ORDOÑEZ,UNION,CÓRDOBA,140355000,CALLE 10 119  ORDOÑEZ
622,C.E.N.P.A. PABLO RODRIGUEZ,CENPA PABLO RODRIGUEZ,BALNEARIA,SAN JUSTO,CÓRDOBA,140192300,25 DE MAYO 271  BALNEARIA
623,C.E.N.P.A. PABLO RODRIGUEZ ANEXO EXTENSIÓN AULICA MIRAMAR,CENPA PABLO RODRIGUEZ ANEXO EXTENSIÓN AULICA MIRAMAR,MIRAMAR,SAN JUSTO,CÓRDOBA,140192301,INDEPENDENCIA  288 CENTRO MIRAMAR
624,C.E.N.P.A. QUILINO,CENPA QUILINO,QUILINO,ISCHILIN,CÓRDOBA,140281900,MARIANO MORENO 220 JARDIN ESPINOSA QUILINO
625,C.E.N.P.A. RICARDO GUTIERREZ,CENPA RICARDO GUTIERREZ,OBISPO TREJO,RIO PRIMERO,CÓRDOBA,140435900,GENERAL PAZ 788  OBISPO TREJO
626,C.E.N.P.A. ROSALIA ANTONIA MENINO,CENPA ROSALIA ANTONIA MENINO,MARULL,SAN JUSTO,CÓRDOBA,140381400,AV. MARIANO MARULL 369  MARULL
627,C.E.N.P.A. ROSALIA ANTONIA MENINO ANEXO SEDE EXTENSION AULICA EN COMEDOR DE HOGAR DE DIA DON ARTURO,CENPA ROSALIA ANTONIA MENINO ANEXO SEDE EXTENSION AULICA EN COMEDOR DE HOGAR DE DIA DON ARTURO,MARULL,SAN JUSTO,CÓRDOBA,140381401,AV. MARIANO MORENO
587,C.E.N.P.A. DE SAN ANTONIO DE LITIN,CENPA SAN ANTONIO DE LITIN,SAN ANTONIO DE LITIN,UNION,CÓRDOBA,140483400,LIBERTAD 342  SAN ANTONIO DE LITIN
628,C.E.N.P.A. SERVICIO PENITEN. Nº5 A,CENPA SERVICIO PENITENCIARIO 5 A,VILLA MARIA,GENERAL SAN MARTIN,CÓRDOBA,140437400,GRAL. DEHEZA 1100 BELGRANO VILLA MARIA
631,C.E.N.P.A. SERVICIO PENITENCIARIO Nº5 B,CENPA SERVICIO PENITENCIARIO 5 B,VILLA MARIA,GENERAL SAN MARTIN,CÓRDOBA,140141200,GENERAL DEHEZA 1100 BELGRANO VILLA MARIA
630,C.E.N.P.A. SERVICIO PENITENCIARIO N°7,CENPA SERVICIO PENITENCIARIO 7,SAN FRANCISCO,SAN JUSTO,CÓRDOBA,140461400,GENERAL SAVIO 602  SAN FRANCISCO
629,C.E.N.P.A. SERVICIO PENITEN.N°8,CENPA SERVICIO PENITENCIARIO 8,VILLA DOLORES,SAN JAVIER,CÓRDOBA,140111800,CURA BROCHERO 1047 LA FERIA VILLA DOLORES
632,C.E.N.P.A. TTE. GRAL. JULIO A. ROCA,CENPA TENIENTE GENERAL JULIO A ROCA,SAN FRANCISCO,SAN JUSTO,CÓRDOBA,140108100,JOSE HERNANDEZ 3088 COTTOLENGO SAN FRANCISCO
633,C.E.N.P.A. VILLA ASCASUBI,CENPA VILLA ASCASUBI,VILLA ASCASUBI,TERCERO ARRIBA,CÓRDOBA,140145000,MALVINA ARGENTINA   VILLA ASCASUBI
634,C.E.N.P.A. VILLA BUSTOS,CENPA VILLA BUSTOS,CORDOBA,CAPITAL,CÓRDOBA,140518900,BENJAMIN VIEL 2378 VILLA BUSTOS B° VILLA BUSTOS
635,C.E.N.P.A. VILLA CHACRA DE LA MERCED,CENPA VILLA CHACRA DE LA MERCED,CORDOBA,CAPITAL,CÓRDOBA,140491000,CNO. CHACRA DE LA MERCED KM. 9 1/2  VILLA LA MERCED CNO.CHACRA DE LA MERCED KM 9 1/2
636,C.E.N.P.A. VILLA RIO SANTA ROSA,CENPA VILLA RIO SANTA ROSA,SANTA ROSA DE CALAMUCHITA,CALAMUCHITA,CÓRDOBA,140484600,CALLE 22  VILLA RIO SANTA ROSA SANTA ROSA DE CALAMUCHITA
698,CENTRO DE ALTOS ESTUDIOS ALBERT SABIN,CENTRO DE ALTOS ESTUDIOS ALBERT SABIN,CORDOBA,CAPITAL,CÓRDOBA,140519300,BELGRANO 155 CENTRO B° CENTRO
701,CENTRO DE CAPACITACION AGROTECNICA TOMAS THOMAS,CENTRO DE CAPACITACION AGROTECNICA TOMAS THOMAS,CAVANAGH,MARCOS JUAREZ,CÓRDOBA,140404300,CORDOBA 138 CENTRO CAVANAGH
702,CENTRO DE CAPACITACION LABORAL COSQUIN,CENTRO DE CAPACITACION LABORAL COSQUIN,COSQUIN,PUNILLA,CÓRDOBA,140528100,JUAN DOMINGO PERON 938 CENTRO B° CENTRO(A MEDIA CUADRA DEL BCO. CBA.)
703,CENTRO DE CAPACITACION LABORAL Y FORMACION PROFESIONAL CORDOBA,CENTRO DE CAPACITACION LABORAL Y FORMACION PROFESIONAL CORDOBA,CORDOBA,CAPITAL,CÓRDOBA,140546800,AV. HUMBERTO PRIMO 467 CENTRO B° CENTRO (EN LA DGETyFP)
704,CENTRO DE CAPACITACION LABORAL Y FORMACION PROFESIONAL CORDOBA ANEXO AULA TALLER MOVIL 1,CENTRO DE CAPACITACION LABORAL Y FORMACION PROFESIONAL CORDOBA ANEXO AULA TALLER MOVIL 1,CORDOBA,CAPITAL,CÓRDOBA,140546801,AV. HUMBERTO PRIMO 467 CENTRO B° CENTRO (EN LA DGETyFP)
705,CENTRO DE CAPACITACION LABORAL Y FORMACION PROFESIONAL CORDOBA ANEXO AULA TALLER MOVIL 2,CENTRO DE CAPACITACION LABORAL Y FORMACION PROFESIONAL CORDOBA ANEXO AULA TALLER MOVIL 2,CORDOBA,CAPITAL,CÓRDOBA,140546802,AV. HUMBERTO PRIMO 467 CENTRO B° CENTRO (EN LA DGETyFP)
706,CENTRO DE CAPACITACION LABORAL Y FORMACION PROFESIONAL CORDOBA ANEXO AULA TALLER MOVIL III,CENTRO DE CAPACITACION LABORAL Y FORMACION PROFESIONAL CORDOBA ANEXO AULA TALLER MOVIL III,CORDOBA,CAPITAL,CÓRDOBA,140546826,AV. HUMBERTO PRIMO 467 CENTRO B° CENTRO(EN LA DGETyFP)
707,CENTRO DE CAPACITACION LABORAL Y FORMACION PROFESIONAL CORDOBA ANEXO AULA TALLER MOVIL IV,CENTRO DE CAPACITACION LABORAL Y FORMACION PROFESIONAL CORDOBA ANEXO AULA TALLER MOVIL IV,CORDOBA,CAPITAL,CÓRDOBA,140546827,AV. HUMBERTO PRIMO 467 CENTRO B° CENTRO (EN LA DGETyFP)
708,CENTRO DE CAPACITACION LABORAL Y FORMACION PROFESIONAL CORDOBA ANEXO AULA TALLER MOVIL IX,CENTRO DE CAPACITACION LABORAL Y FORMACION PROFESIONAL CORDOBA ANEXO AULA TALLER MOVIL IX,CORDOBA,CAPITAL,CÓRDOBA,140546838,AV. HUMBERTO PRIMO 467 CENTRO B° CENTRO (EN LA DGETyFP)
709,CENTRO DE CAPACITACION LABORAL Y FORMACION PROFESIONAL CORDOBA ANEXO AULA TALLER MOVIL V,CENTRO DE CAPACITACION LABORAL Y FORMACION PROFESIONAL CORDOBA ANEXO AULA TALLER MOVIL V,CORDOBA,CAPITAL,CÓRDOBA,140546828,AV. HUMBERTO PRIMO 467 CENTRO B° CENTRO(EN LA DGETyFP)
710,CENTRO DE CAPACITACION LABORAL Y FORMACION PROFESIONAL CORDOBA ANEXO AULA TALLER MOVIL VI,CENTRO DE CAPACITACION LABORAL Y FORMACION PROFESIONAL CORDOBA ANEXO AULA TALLER MOVIL VI,CORDOBA,CAPITAL,CÓRDOBA,140546829,AV. HUMBERTO PRIMO 467 CENTRO B° CENTRO(EN LA DGETyFP)
711,CENTRO DE CAPACITACION LABORAL Y FORMACION PROFESIONAL CORDOBA ANEXO AULA TALLER MOVIL VII,CENTRO DE CAPACITACION LABORAL Y FORMACION PROFESIONAL CORDOBA ANEXO AULA TALLER MOVIL VII,CORDOBA,CAPITAL,CÓRDOBA,140546830,AV. HUMBERTO PRIMO 467 CENTRO B° CENTRO(EN LA DGETyFP)
712,CENTRO DE CAPACITACION LABORAL Y FORMACION PROFESIONAL CORDOBA ANEXO AULA TALLER MOVIL VIII,CENTRO DE CAPACITACION LABORAL Y FORMACION PROFESIONAL CORDOBA ANEXO AULA TALLER MOVIL VIII,CORDOBA,CAPITAL,CÓRDOBA,140546831,AV. HUMBERTO PRIMO 467 CENTRO B° CENTRO(EN LA DGETyFP)
713,CENTRO DE CAPACITACION LABORAL Y FORMACION PROFESIONAL CORDOBA ANEXO BOMBEROS VOLUNTARIOS DE LA PROVINCIA DE CORDOBA,CENTRO DE CAPACITACION LABORAL Y FORMACION PROFESIONAL CORDOBA ANEXO BOMBEROS VOLUNTARIOS DE LA PROVINCIA DE CORDOBA,CORDOBA,CAPITAL,CÓRDOBA,140546832,CORONEL PRINGLES 346 GENERAL PAZ B° GENERAL PAZ
714,CENTRO DE CAPACITACION LABORAL Y FORMACION PROFESIONAL CORDOBA ANEXO Centro de F.P.JOSE RUCCI UOM,CENTRO DE CAPACITACION LABORAL Y FORMACION PROFESIONAL CORDOBA ANEXO Centro de F P JOSE RUCCI UOM,BELL VILLE,UNION,CÓRDOBA,140546839,RIVERA INDARTE 266 CENTRO BELL VILLE
715,CENTRO DE CAPACITACION LABORAL Y FORMACION PROFESIONAL CORDOBA ANEXO EXTENSION AULICA ANISACATE,CENTRO DE CAPACITACION LABORAL Y FORMACION PROFESIONAL CORDOBA ANEXO EXTENSION AULICA ANISACATE,ANIZACATE,SANTA MARIA,CÓRDOBA,140546807,SALOMON PALACIOS S/N°   ANISACATE (PASAR EL PUENTE A LA IZQUIERDA UNA CUADRA Y MEDIA)
716,CENTRO DE CAPACITACION LABORAL Y FORMACION PROFESIONAL CORDOBA ANEXO EXTENSION AULICA BARRIO CIUDAD DE MIS SUEÑOS,CENTRO DE CAPACITACION LABORAL Y FORMACION PROFESIONAL CORDOBA ANEXO EXTENSION AULICA BARRIO CIUDAD DE MIS SUEÑOS,CORDOBA,CAPITAL,CÓRDOBA,140546805,"CALLE PUBLICA S/N°  CIUDAD DE MIS SUEÑOS B°CIUDAD DE MIS SUEÑOS(RUTA 9, KM 690)"
717,CENTRO DE CAPACITACION LABORAL Y FORMACION PROFESIONAL CORDOBA ANEXO EXTENSION AULICA BARRIO MALDONADO,CENTRO DE CAPACITACION LABORAL Y FORMACION PROFESIONAL CORDOBA ANEXO EXTENSION AULICA BARRIO MALDONADO,CORDOBA,CAPITAL,CÓRDOBA,140546804,MARTIN CARTECHINI S/N  MALDONADO B° MALDONADO(Pque.CAMPO DE LA RIBERA)
718,CENTRO DE CAPACITACION LABORAL Y FORMACION PROFESIONAL CORDOBA ANEXO EXTENSION AULICA BARRIO OBSERVATORIO,CENTRO DE CAPACITACION LABORAL Y FORMACION PROFESIONAL CORDOBA ANEXO EXTENSION AULICA BARRIO OBSERVATORIO,CORDOBA,CAPITAL,CÓRDOBA,140546813,MARIANO MORENO 551 OBSERVATORIO B°OBSERVATORIO
719,CENTRO DE CAPACITACION LABORAL Y FORMACION PROFESIONAL CORDOBA ANEXO EXTENSION AULICA BARRIO ROGELIO MARTINEZ,CENTRO DE CAPACITACION LABORAL Y FORMACION PROFESIONAL CORDOBA ANEXO EXTENSION AULICA BARRIO ROGELIO MARTINEZ,CORDOBA,CAPITAL,CÓRDOBA,140546806,AVENIDA GOBERNADOR ROCA S/N°  PARQUE SARMIENTO B°ROGELIO MARTINEZ - PARQUE SARMIENTO
720,CENTRO DE CAPACITACION LABORAL Y FORMACION PROFESIONAL CORDOBA ANEXO EXTENSION AULICA BARRIO VILLA AZALAIS OESTE,CENTRO DE CAPACITACION LABORAL Y FORMACION PROFESIONAL CORDOBA ANEXO EXTENSION AULICA BARRIO VILLA AZALAIS OESTE,CORDOBA,CAPITAL,CÓRDOBA,140546821,AVENIDA JUAN B. JUSTO 4350 VILLA AZALAIS OESTE B°VILLA AZALAIS OESTE
721,CENTRO DE CAPACITACION LABORAL Y FORMACION PROFESIONAL CORDOBA ANEXO EXTENSION AULICA BARRIO VILLA URQUIZA,CENTRO DE CAPACITACION LABORAL Y FORMACION PROFESIONAL CORDOBA ANEXO EXTENSION AULICA BARRIO VILLA URQUIZA,CORDOBA,CAPITAL,CÓRDOBA,140546819,LA TABLADA S/N°  VILLA URQUIZA B° VILLA URQUIZA
722,CENTRO DE CAPACITACION LABORAL Y FORMACION PROFESIONAL CORDOBA ANEXO EXTENSION AULICA BELL VILLE,CENTRO DE CAPACITACION LABORAL Y FORMACION PROFESIONAL CORDOBA ANEXO EXTENSION AULICA BELL VILLE,BELL VILLE,UNION,CÓRDOBA,140546809,ORTIZ HERRERA 255 ESTACION BELL VILLE
723,CENTRO DE CAPACITACION LABORAL Y FORMACION PROFESIONAL CORDOBA ANEXO EXTENSION AULICA BRINCKMANN,CENTRO DE CAPACITACION LABORAL Y FORMACION PROFESIONAL CORDOBA ANEXO EXTENSION AULICA BRINCKMANN,BRINCKMANN,SAN JUSTO,CÓRDOBA,140546823,PITT FUNES 547 BERTOSSI BRINCKMANN
724,CENTRO DE CAPACITACION LABORAL Y FORMACION PROFESIONAL CORDOBA ANEXO EXTENSION AULICA CRUZ ALTA,CENTRO DE CAPACITACION LABORAL Y FORMACION PROFESIONAL CORDOBA ANEXO EXTENSION AULICA CRUZ ALTA,CRUZ ALTA,MARCOS JUAREZ,CÓRDOBA,140546814,INTENDENTE M. MUÑOZ 117 LIBERTAD CRUZ ALTA
725,CENTRO DE CAPACITACION LABORAL Y FORMACION PROFESIONAL CORDOBA ANEXO EXTENSION AULICA LA CALERA,CENTRO DE CAPACITACION LABORAL Y FORMACION PROFESIONAL CORDOBA ANEXO EXTENSION AULICA LA CALERA,LA CALERA,COLON,CÓRDOBA,140546803,REPUBLICA DE CHILE 796 MINETTI III° SECCION B° MINETTI III°SECC
726,CENTRO DE CAPACITACION LABORAL Y FORMACION PROFESIONAL CORDOBA ANEXO EXTENSION AULICA LUCIO V. MANSILLA,CENTRO DE CAPACITACION LABORAL Y FORMACION PROFESIONAL CORDOBA ANEXO EXTENSION AULICA LUCIO V MANSILLA,LUCIO V. MANSILLA,TULUMBA,CÓRDOBA,140546817,PRESBISTERO VACA VALLEJO 78  LUCIO V. MANSILLA (FRENTE A ESTACION FERROVIARIA GRAL. MANUEL BELGRANO)
727,CENTRO DE CAPACITACION LABORAL Y FORMACION PROFESIONAL CORDOBA ANEXO EXTENSION AULICA LUQUE,CENTRO DE CAPACITACION LABORAL Y FORMACION PROFESIONAL CORDOBA ANEXO EXTENSION AULICA LUQUE,LUQUE,RIO SEGUNDO,CÓRDOBA,140546810,SAN JUAN 871  LUQUE
728,CENTRO DE CAPACITACION LABORAL Y FORMACION PROFESIONAL CORDOBA ANEXO EXTENSION AULICA MARCOS JUAREZ,CENTRO DE CAPACITACION LABORAL Y FORMACION PROFESIONAL CORDOBA ANEXO EXTENSION AULICA MARCOS JUAREZ,MARCOS JUAREZ,MARCOS JUAREZ,CÓRDOBA,140546811,VELEZ SARSFIELD 1330 VILLA ARGENTINA
729,CENTRO DE CAPACITACION LABORAL Y FORMACION PROFESIONAL CORDOBA ANEXO EXTENSION AULICA MORRISON,CENTRO DE CAPACITACION LABORAL Y FORMACION PROFESIONAL CORDOBA ANEXO EXTENSION AULICA MORRISON,MORRISON,UNION,CÓRDOBA,140546825,MENDOZA 206 NORTE MORRISON
730,CENTRO DE CAPACITACION LABORAL Y FORMACION PROFESIONAL CORDOBA ANEXO EXTENSION AULICA ONCATIVO,CENTRO DE CAPACITACION LABORAL Y FORMACION PROFESIONAL CORDOBA ANEXO EXTENSION AULICA ONCATIVO,ONCATIVO,RIO SEGUNDO,CÓRDOBA,140546818,25 DE MAYO 1337  ONCATIVO
731,CENTRO DE CAPACITACION LABORAL Y FORMACION PROFESIONAL CORDOBA ANEXO EXTENSION AULICA RIO SEGUNDO,CENTRO DE CAPACITACION LABORAL Y FORMACION PROFESIONAL CORDOBA ANEXO EXTENSION AULICA RIO SEGUNDO,RIO SEGUNDO,RIO SEGUNDO,CÓRDOBA,140546816,ALVAREZ CONDARCO 940 FRANCISCO MARTINEZ RIO SEGUNDO
732,CENTRO DE CAPACITACION LABORAL Y FORMACION PROFESIONAL CORDOBA ANEXO EXTENSION AULICA SAN FRANCISCO BARRIO CATEDRAL,CENTRO DE CAPACITACION LABORAL Y FORMACION PROFESIONAL CORDOBA ANEXO EXTENSION AULICA SAN FRANCISCO BARRIO CATEDRAL,SAN FRANCISCO,SAN JUSTO,CÓRDOBA,140546820,RIVADAVIA 679 CATEDRAL SAN FRANCISCO
733,CENTRO DE CAPACITACION LABORAL Y FORMACION PROFESIONAL CORDOBA ANEXO EXTENSION AULICA SAN FRANCISCO BARRIO PARQUE,CENTRO DE CAPACITACION LABORAL Y FORMACION PROFESIONAL CORDOBA ANEXO EXTENSION AULICA SAN FRANCISCO BARRIO PARQUE,SAN FRANCISCO,SAN JUSTO,CÓRDOBA,140546812,RESISTENCIA 1080 PARQUE SAN FRANCISCO
734,CENTRO DE CAPACITACION LABORAL Y FORMACION PROFESIONAL CORDOBA ANEXO EXTENSION AULICA VILLA DOLORES,CENTRO DE CAPACITACION LABORAL Y FORMACION PROFESIONAL CORDOBA ANEXO EXTENSION AULICA VILLA DOLORES,VILLA DOLORES,SAN JAVIER,CÓRDOBA,140546815,JOSE MARIA PAZ 851 FATIMA VILLA DOLORES
735,CENTRO DE CAPACITACION LABORAL Y FORMACION PROFESIONAL CORDOBA ANEXO EXTENSION AULICA VILLA MARIA,CENTRO DE CAPACITACION LABORAL Y FORMACION PROFESIONAL CORDOBA ANEXO EXTENSION AULICA VILLA MARIA,VILLA MARIA,GENERAL SAN MARTIN,CÓRDOBA,140546808,JUAN MULLER 651 GENERAL GUEMES VILLA MARIA
736,CENTRO DE CAPACITACION LABORAL Y FORMACION PROFESIONAL CORDOBA ANEXO INSTITUTO DE FORMACION PROFESIONAL 107,CENTRO DE CAPACITACION LABORAL Y FORMACION PROFESIONAL CORDOBA ANEXO INSTITUTO DE FORMACION PROFESIONAL 107,CORDOBA,CAPITAL,CÓRDOBA,140546840,OBISPO CASTELLANO 2150 FERROVIARIO MITRE B° FERROVIARIO MITRE
737,CENTRO DE CAPACITACION LABORAL Y FORMACION PROFESIONAL CORDOBA ANEXO PARQUE EDUCATIVO ESTE,CENTRO DE CAPACITACION LABORAL Y FORMACION PROFESIONAL CORDOBA ANEXO PARQUE EDUCATIVO ESTE,CORDOBA,CAPITAL,CÓRDOBA,140546835,ORTIZ DE OCAMPO S/N  CAMPO DE LA RIBERA B° CAMPO DE LA RIBERA
738,CENTRO DE CAPACITACION LABORAL Y FORMACION PROFESIONAL CORDOBA ANEXO PARQUE EDUCATIVO NOROESTE,CENTRO DE CAPACITACION LABORAL Y FORMACION PROFESIONAL CORDOBA ANEXO PARQUE EDUCATIVO NOROESTE,CORDOBA,CAPITAL,CÓRDOBA,140546837,LINCO & MACHA   VILLA PARQUE ALLENDE B°VILLA PARQUE ALLENDE
739,CENTRO DE CAPACITACION LABORAL Y FORMACION PROFESIONAL CORDOBA ANEXO PARQUE EDUCATIVO NORTE,CENTRO DE CAPACITACION LABORAL Y FORMACION PROFESIONAL CORDOBA ANEXO PARQUE EDUCATIVO NORTE,CORDOBA,CAPITAL,CÓRDOBA,140546834,DEL MOLINO y FLORENCIO SANCHEZ  MARQUES DE SOBREMONTE-ANEXO B° MARQUES DE SOBREMONTE-ANEXO
740,CENTRO DE CAPACITACION LABORAL Y FORMACION PROFESIONAL CORDOBA ANEXO PARQUE EDUCATIVO SUR,CENTRO DE CAPACITACION LABORAL Y FORMACION PROFESIONAL CORDOBA ANEXO PARQUE EDUCATIVO SUR,CORDOBA,CAPITAL,CÓRDOBA,140546833,RIO PINTO S/N°  CONGRESO B°CONGRESO
741,CENTRO DE CAPACITACION LABORAL Y FORMACION PROFESIONAL CORDOBA ANEXO PARQUE EDUCATIVO SURESTE,CENTRO DE CAPACITACION LABORAL Y FORMACION PROFESIONAL CORDOBA ANEXO PARQUE EDUCATIVO SURESTE,CORDOBA,CAPITAL,CÓRDOBA,140546836,NAZARIO BENAVIDEZ & FRANCISCO UZAL S/N°  AVELLANEDA B° AVELLANEDA
699,CENTRO DE CAP.LAB.Y FORM.PROFESI.FABRICA MILITAR RIO TERCERO,CENTRO DE CAPACITACION LABORAL Y FORMACION PROFESIONAL FABRICA MILITAR RIO TERCERO,RIO TERCERO,TERCERO ARRIBA,CÓRDOBA,140528200,MENDOZA S/N°  EL LIBERTADOR  B°EL LIBERTADOR (FABRICA MILITAR RIO TERCERO)
700,CENTRO DE CAPAC.LABORAL Y FORM.PROF. NUEVA ESCUELA DE APRENDICESFADEA,CENTRO DE CAPACITACION LABORAL Y FORMACION PROFESIONAL NUEVA ESCUELA DE APRENDICES FADEA,CORDOBA,CAPITAL,CÓRDOBA,140535200,AV. FUERZA AEREA 5500 AERONAUTICO B° AERONAUTICO
742,CENTRO DE EDUCACION ACTIVA JOHN DEWEY,CENTRO DE EDUCACION ACTIVA JOHN DEWEY,CORDOBA,CAPITAL,CÓRDOBA,140553200,ETRURIA 7755 VILLA RIVERA INDARTE B° VILLA RIVERA INDARTE - A 1 CUADRA DE BODEREAU
743,CENTRO DE ESTUDIOS FILOSOFICOS Y TEOLOGICOS,CENTRO DE ESTUDIOS FILOSOFICOS Y TEOLOGICOS,CORDOBA,CAPITAL,CÓRDOBA,140461600,AVDA. PADRE CLARET 5601 VILLA CLARET B°VILLA CLARET
744,CENTRO de FORMACION PROFESIONAL de MONTE BUEY,CENTRO de FORMACION PROFESIONAL de MONTE BUEY,MONTE BUEY,MARCOS JUAREZ,CÓRDOBA,140529500,MARIANO MORENO 480  MONTE BUEY
745,CENTRO DE FORMACION PROFESIONAL INRIVILLE,CENTRO DE FORMACION PROFESIONAL INRIVILLE,INRIVILLE,MARCOS JUAREZ,CÓRDOBA,140537600,URUGUAY 210  INRIVILLE
746,CENTRO DE RECURSOS EDUCATIVOS PARA PERSONAS CON DISCAPACIDAD JULIAN BAQUERO,CENTRO DE RECURSOS EDUCATIVOS PARA PERSONAS CON DISCAPACIDAD JULIAN BAQUERO,CORDOBA,CAPITAL,CÓRDOBA,140276100,AV. RAFAEL NUÑEZ 5187 ARGUELLO B° ARGUELLO
747,CENTRO EDUCACIONAL SAN JORGE,CENTRO EDUCACIONAL SAN JORGE,CORDOBA,CAPITAL,CÓRDOBA,140337800,AV. MAIPU 66 CENTRO B° CENTRO
748,CENTRO EDUCATIVO EL TALA,CENTRO EDUCATIVO EL TALA,COSQUIN,PUNILLA,CÓRDOBA,140529800,BOULEVARD MOSCONI 429 LOS CAROLINOS COSQUIN
749,CENTRO EDUCATIVO GRECIA,CENTRO EDUCATIVO GRECIA,CORDOBA,CAPITAL,CÓRDOBA,140292200,PEDERNERA 952 SAN VICENTE B° SAN VICENTE
750,CENTRO EDUCATIVO SAN JUAN DE LA CRUZ,CENTRO EDUCATIVO SAN JUAN DE LA CRUZ,RIO CUARTO,RIO CUARTO,CÓRDOBA,140178200,PRESIDENTE PERON (OESTE) 1321 BARRIO HIPODROMO RIO CUARTO
751,CENTRO INTEGRAL EDUCATIVO M.E.D.E.A NIVEL SECUNDARIO,CENTRO INTEGRAL EDUCATIVO MEDEA NIVEL SECUNDARIO,CORDOBA,CAPITAL,CÓRDOBA,140566100,RIO NEGRO 4997 VILLA EL LIBERTADOR Bº VILLA EL LIBERTADOR
752,CENTRO SUPERIOR POLIVALENTE DE ARTE MARTIN MALHARRO,CENTRO SUPERIOR POLIVALENTE DE ARTE MARTIN MALHARRO,BELL VILLE,UNION,CÓRDOBA,140254500,INT. MARTIN BARCIA 845 COUNTRY BELL VILLE
642,C.E.P.E.A. ANGEL MORETTI,CEPEA ANGEL MORETTI,BRINCKMANN,SAN JUSTO,CÓRDOBA,140463400,PJE.DE LA AMISTAD S/Nº  B°SAN VICENTE  BRINCKMANN
643,C.E.P.E.A. LA CARLOTA,CEPEA LA CARLOTA,LA CARLOTA,JUAREZ CELMAN,CÓRDOBA,140461900,DEAN FUNES 850 CENTRO LA CARLOTA
644,C.E.P.E.A. LA POSTA,CEPEA LA POSTA,GENERAL CABRERA,JUAREZ CELMAN,CÓRDOBA,140462000,CORDOBA 1050 CENTRO GENERAL CABRERA
645,C.E.P.E.A. LAS ACEQUIAS,CEPEA LAS ACEQUIAS,LAS ACEQUIAS,RIO CUARTO,CÓRDOBA,140461800,AV. CORDOBA S/N   LAS ACEQUIAS
646,C.E.P.E.A. LIBERTAD,CEPEA LIBERTAD,MARCOS JUAREZ,MARCOS JUAREZ,CÓRDOBA,140462100,HIPOLITO YRIGOYEN 1178 CENTRO MARCOS JUAREZ
647,C.E.P.E.A. MORTEROS,CEPEA MORTEROS,MORTEROS,SAN JUSTO,CÓRDOBA,140463200,ITALIA 650 CENTRO MORTEROS
648,C.E.P.E.A. SAN FRANCISCO DEL CHAÑAR,CEPEA SAN FRANCISCO DEL CHAÑAR,SAN FRANCISCO DEL CHAÑAR,SOBREMONTE,CÓRDOBA,140462200,SARMIENTO 87  SAN FRANCISCO DE CHAÑAR
649,C.E.P.E.A. VALLE HERMOSO,CEPEA VALLE HERMOSO,LA CUMBRE,PUNILLA,CÓRDOBA,140462300,PASAJE TASSANO 55  LA CUMBRE
650,C.I.A.D.I.NUESTRA SEÑORA DE LUJAN(CENTRO INTEGRL DE APOYO AL DISCAPACITADO),CIADI NUESTRA SEÑORA DE LUJAN (CENTRO INTEGRL DE APOYO AL DISCAPACITADO),SAMPACHO,RIO CUARTO,CÓRDOBA,140531500,LAS HERAS 820  SAMPACHO
753,CIFIL AMADEO SABATTINI,CIFIL AMADEO SABATTINI,CORDOBA,CAPITAL,CÓRDOBA,140460600,AV.JUAN B.JUSTO 3600 GENERAL BUSTOS B° GENERAL BUSTOS
754,CIFIL QUINTAS DE ARGUELLO,CIFIL QUINTAS DE ARGUELLO,CORDOBA,CAPITAL,CÓRDOBA,140564700,ANTEQUEA Y CASTRO 7400 QUINTAS DE ARGUELLO B° QUINTAS DE ARGUELLO
755,CIFIL SALVADOR DECIMO CAMPOLI,CIFIL SALVADOR DECIMO CAMPOLI,CORDOBA,CAPITAL,CÓRDOBA,140564600,CAJAMARCA 2100 SANTA ISABEL 2DA. SECCION B° SANTA ISABEL 2DA. SECCION - AL LADO DE LA ESCUELA JORGE LEON
756,CIFIL VILLA REVOL,CIFIL VILLA REVOL,CORDOBA,CAPITAL,CÓRDOBA,140460500,AVENIDA MADRID 2570 VILLA REVOL
651,C.I.T.E.R. RAMON ARTEMIO STAFFOLANI,CITER RAMON ARTEMIO STAFFOLANI,LAS HIGUERAS,RIO CUARTO,CÓRDOBA,140543100,CALLE PUBLICA S/Nº   RUTA 8 KM 594
757,CLOTILDE GUILLEN DE REZZANO,CLOTILDE GUILLEN DE REZZANO,LAS ALBAHACAS,RIO CUARTO,CÓRDOBA,140181200,CALLE 11   RIO CUARTO
763,COLEGIO 17 DE AGOSTO,COLEGIO 17 DE AGOSTO,VILLA ALLENDE,COLON,CÓRDOBA,140427400,TABLADA  CENTRO VILLA ALLENDE
764,COLEGIO 25 DE MAYO,COLEGIO 25 DE MAYO,CORDOBA,CAPITAL,CÓRDOBA,140021200,RIVERA INDARTE 345 CENTRO B° CENTRO
765,COLEGIO 25 DE MAYO,COLEGIO 25 DE MAYO,LA CRUZ,CALAMUCHITA,CÓRDOBA,140232300,CALLE PUBLICA S/N   PARAJE CAÑADA DEL TALA P/LA CRUZ
766,COLEGIO ACADEMIA ARGUELLO,COLEGIO ACADEMIA ARGUELLO,CORDOBA,CAPITAL,CÓRDOBA,140458100,AVENIDA RAFAEL NUÑEZ 5675 ARGUELLO B° ARGUELLO
767,COLEGIO ADOLFO BIOY CASARES (EX CKARY CAY),COLEGIO ADOLFO BIOY CASARES (EX CKARY CAY),CORDOBA,CAPITAL,CÓRDOBA,140416000,PEREDO 1572 CUPANI B° CUPANI
768,COLEGIO ADRIAN P.URQUIA,COLEGIO ADRIAN P URQUIA,GENERAL DEHEZA,JUAREZ CELMAN,CÓRDOBA,140195700,BV. ALMIRANTE BROWN 279 ACEITERO GENERAL DEHEZA
769,COLEGIO ADVENTISTA VELEZ SARSFIELD,COLEGIO ADVENTISTA VELEZ SARSFIELD,CORDOBA,CAPITAL,CÓRDOBA,140066500,TANINGA 3150 OÑA B° OÑA (CNO. A SAN CARLOS)
770,COLEGIO ALEMAN,COLEGIO ALEMAN,CORDOBA,CAPITAL,CÓRDOBA,140415300,AV. RECTA MARTINOLI 6230 ARGUELLO Bº ARGUELLO
771,COLEGIO ALEMAN,COLEGIO ALEMAN,VILLA GENERAL BELGRANO,CALAMUCHITA,CÓRDOBA,140435500,AVENIDA LOS INCAS 131 CENTRO VILLA GENERAL BELGRANO
773,COLEGIO ALTA CORDOBA,COLEGIO ALTA CORDOBA,CORDOBA,CAPITAL,CÓRDOBA,140541300,LOPEZ DE VEGA 447 ALTA CORDOBA B° ALTA CORDOBA
774,COLEGIO AMERICA,COLEGIO AMERICA,CORDOBA,CAPITAL,CÓRDOBA,140169900,FRANCISCO DEL PRADO 2662 VILLA AZALAIS B° VILLA AZALAIS
775,COLEGIO AMPARO DE MARIA,COLEGIO AMPARO DE MARIA,CORDOBA,CAPITAL,CÓRDOBA,140397200,CASEROS 730 ALBERDI B° ALBERDI
776,COLEGIO ANGLO AMERICANO,COLEGIO ANGLO AMERICANO,ALTA GRACIA,SANTA MARIA,CÓRDOBA,140230400,BV. CARLOS PELLEGRINI 637 PELLEGRINI ALTA GRACIA
758,COLEGIO  ARTURO CAPDEVILA,COLEGIO ARTURO CAPDEVILA,CORDOBA,CAPITAL,CÓRDOBA,140259800,AV. ARTURO CAPDEVILA 709 AMPLIACION RESIDENCIAL AMERICA B° AMPLIACION RESIDENCIAL AMERICA
777,COLEGIO BELISARIO ROLDAN,COLEGIO BELISARIO ROLDAN,CANALS,UNION,CÓRDOBA,140442700,25 DE MAYO 160 NORTE CANALS
778,COLEGIO BERUTI,COLEGIO BERUTI,CORDOBA,CAPITAL,CÓRDOBA,140583000,NORBERTO DE LA RIESTRA S/N  CAMPO DE LA RIBERA B° CAMPO DE LA RIBERA
779,COLEGIO BILINGUE BICULTURAL DANTE ALIGHIERI,COLEGIO BILINGUE BICULTURAL DANTE ALIGHIERI,VILLA MARIA,GENERAL SAN MARTIN,CÓRDOBA,140514200,SABATTINI 124 CENTRO
780,COLEGIO BRIGADIER MAYOR JUAN IGNACIO SAN MARTIN,COLEGIO BRIGADIER MAYOR JUAN IGNACIO SAN MARTIN,CORDOBA,CAPITAL,CÓRDOBA,140437900,MARIMON ESQ. ORTEGA  ARGUELLO NORTE B° ARGUELLO NORTE(FRENTE A PLAYON DEPORTIVO)
782,COLEGIO CARLOS MARIA DE ALVEAR,COLEGIO CARLOS MARIA DE ALVEAR,CORDOBA,CAPITAL,CÓRDOBA,140239100,AV. VUCETICH 6410 ITUZAINGO B° ITUZAINGO
783,COLEGIO CARLOS SAAVEDRA LAMAS,COLEGIO CARLOS SAAVEDRA LAMAS,RIO TERCERO,TERCERO ARRIBA,CÓRDOBA,140162000,HILARIO CUADROS S/Nº  CABERO RIO TERCERO
784,COLEGIO CATALINA C. DE VISCA,COLEGIO CATALINA C DE VISCA,OLIVA,TERCERO ARRIBA,CÓRDOBA,140413300,COLON 130 CENTRO OLIVA
785,COLEGIO CENTRO EDUCATIVO MAIMONIDES,COLEGIO CENTRO EDUCATIVO MAIMONIDES,CORDOBA,CAPITAL,CÓRDOBA,140543900,MARTIN GIL 4337 PADRE CLARET B° PADRE CLARET
786,COLEGIO CINCO RIOS,COLEGIO CINCO RIOS,VILLA ALLENDE,COLON,CÓRDOBA,140415700,AVENIDA PADRE LUCHESSE KM 2   VILLA ALLENDE
787,COLEGIO COMPLEJO EDUCACIONAL CASTELFRANCO,COLEGIO COMPLEJO EDUCACIONAL CASTELFRANCO,CORDOBA,CAPITAL,CÓRDOBA,140437800,AVOGADRO 6499 VILLA BELGRANO BARRIO VILLA BELGRANO
788,COLEGIO COMUNIDAD EDUCATIVA OLYMPOS,COLEGIO COMUNIDAD EDUCATIVA OLYMPOS,RIO CUARTO,RIO CUARTO,CÓRDOBA,140576100,ISABEL LA CATOLICA  735 BANDA NORTE RIO CUARTO
781,COLEGIO C/ORIENT.MUSICAL ARTE NUEVO,COLEGIO CON ORIENTACION MUSICAL ARTE NUEVO,RIO TERCERO,TERCERO ARRIBA,CÓRDOBA,140441400,CID CAMPEADOR 480 MEDIA LUNA RIO TERCERO
789,COLEGIO CONCORDIA,COLEGIO CONCORDIA,RIO CUARTO,RIO CUARTO,CÓRDOBA,140439200,PEDRO VARGAS 260 INDUSTRIAL RIO CUARTO
790,COLEGIO CORAZON DE MARIA,COLEGIO CORAZON DE MARIA,CORDOBA,CAPITAL,CÓRDOBA,140271000,ANTONIO DEL VISO 445 ALTA CORDOBA B° ALTA CORDOBA
791,COLEGIO CORAZON INMACULADO DE MARIA,COLEGIO CORAZON INMACULADO DE MARIA,ANIZACATE,SANTA MARIA,CÓRDOBA,140487500,BOSQUE ALEGRE S/N°  VILLA PARQUE EL AROMO ANISACATE
792,COLEGIO COSTA AZUL,COLEGIO COSTA AZUL,VILLA CARLOS PAZ,PUNILLA,CÓRDOBA,140024500,COMECHINGONES ESQ. HUARPES 88 COSTA AZUL VILLA CARLOS PAZ
793,COLEGIO COSTA AZUL NIVEL MEDIO,COLEGIO COSTA AZUL NIVEL MEDIO,VILLA CARLOS PAZ,PUNILLA,CÓRDOBA,140433800,HUARPES 88 COSTA AZUL COMECHINGONES Y HUARPES
794,COLEGIO CRISTO REY,COLEGIO CRISTO REY,RIO CUARTO,RIO CUARTO,CÓRDOBA,140213700,CONSTITUCION 400 CENTRO RIO CUARTO
795,COLEGIO CRISTO REY,COLEGIO CRISTO REY,CORDOBA,CAPITAL,CÓRDOBA,140235800,CURA BROCHERO 753 GENERAL BUSTOS B° GENERAL BUSTOS
796,COLEGIO CRISTO REY,COLEGIO CRISTO REY,MORTEROS,SAN JUSTO,CÓRDOBA,140322500,BOULEVARD 9 DE JULIO 1008 CENTRO MORTEROS
797,COLEGIO DALMACIO VELEZ SARSFIELD,COLEGIO DALMACIO VELEZ SARSFIELD,JUSTINIANO POSSE,UNION,CÓRDOBA,140148000,BELGRANO 222 CENTRO JUSTINIANO POSSE
798,COLEGIO DANTE ALIGHIERI,COLEGIO DANTE ALIGHIERI,LA FALDA,PUNILLA,CÓRDOBA,140120500,LEOPOLDO LUGONES 341 CENTRO LA FALDA
799,COLEGIO DANTE ALIGHIERI,COLEGIO DANTE ALIGHIERI,VILLA CARLOS PAZ,PUNILLA,CÓRDOBA,140240100,LOS ALERCES S/N°  LA QUINTA VILLA CARLOS PAZ
800,COLEGIO DANTE ALIGHIERI,COLEGIO DANTE ALIGHIERI,CORDOBA,CAPITAL,CÓRDOBA,140427100,JOSE JAVIER DIAZ 481 SAN FERNANDO B° SAN FERNANDO
801,COLEGIO DE EDUCACION CORDOBA,COLEGIO DE EDUCACION CORDOBA,CORDOBA,CAPITAL,CÓRDOBA,140399100,MARTIN FERREIRA 216 COLINAS DE VELEZ SARSFIELD B° COLINAS DE VELEZ SARSFIELD
802,COLEGIO DE LA INMACULADA,COLEGIO DE LA INMACULADA,CORDOBA,CAPITAL,CÓRDOBA,140442400,ENTRE RIOS 142 CENTRO B° CENTRO
803,COLEGIO DE LA SAGRADA FAMILIA,COLEGIO DE LA SAGRADA FAMILIA,CORDOBA,CAPITAL,CÓRDOBA,140332900,TUCUMAN 550 CENTRO B° CENTRO
804,COLEGIO DE MARIA,COLEGIO DE MARIA,CORDOBA,CAPITAL,CÓRDOBA,140409100,DAVID LUQUE 560 GENERAL PAZ B° GENERAL PAZ(AL FRENTE CLINICA REINA FABIOLA)
805,COLEGIO DE MARIA INMACULADA,COLEGIO DE MARIA INMACULADA,LAS VARILLAS,SAN JUSTO,CÓRDOBA,140042500,ALVAREZ LUQUE 201 CENTRO LAS VARILLAS
806,COLEGIO DE NIÑOS DEPORTISTAS,COLEGIO DE NIÑOS DEPORTISTAS,CORDOBA,CAPITAL,CÓRDOBA,140485000,JUAN HIPOLITO VIEYTES 550 ALTO ALBERDI B° ALTO ALBERDI
807,COLEGIO DE NIÑOS MUSICOS,COLEGIO DE NIÑOS MUSICOS,CORDOBA,CAPITAL,CÓRDOBA,140427300,ITUZAINGO 658 NUEVA CORDOBA Bº NUEVA CORDOBA
808,COLEGIO DE SAN JOSE (H.H.DOMINICAS),COLEGIO DE SAN JOSE (H H DOMINICAS),CORDOBA,CAPITAL,CÓRDOBA,140236300,MARIANO MORENO 108 ALBERDI B° ALBERDI
809,COLEGIO DEL CARMEN,COLEGIO DEL CARMEN,CORDOBA,CAPITAL,CÓRDOBA,140430500,AV.RECTA MARTINOLI 6460 ARGUELLO B° ARGUELLO
810,COLEGIO DEL ESPIRITU SANTO,COLEGIO DEL ESPIRITU SANTO,RIO CEBALLOS,COLON,CÓRDOBA,140044300,AV. SAN MARTIN 5109 CENTRO RIO CEBALLOS
811,COLEGIO DEL ESPIRITU SANTO,COLEGIO DEL ESPIRITU SANTO,ONCATIVO,RIO SEGUNDO,CÓRDOBA,140329600,BELGRANO 171 DALMASSO ONCATIVO
812,COLEGIO DEL INMACULADO CORAZON DE MARIA ADORATRICES,COLEGIO DEL INMACULADO CORAZON DE MARIA ADORATRICES,VILLA DEL ROSARIO,CAPITAL,CÓRDOBA,140231700,ROSARIO DE SANTA FE 540 CENTRO B° CENTRO
813,COLEGIO DEL ROSARIO,COLEGIO DEL ROSARIO,VILLA MARIA,GENERAL SAN MARTIN,CÓRDOBA,140438600,BOULEVARD ALVEAR 68 CENTRO VILLA MARIA
814,COLEGIO DEL SANTISIMO ROSARIO,COLEGIO DEL SANTISIMO ROSARIO,SANTA ROSA DE RIO PRIMERO,RIO PRIMERO,CÓRDOBA,140234100,SAN MARTIN 756  SANTA ROSA DE RIO PRIMERO
815,COLEGIO DIOCESANO SAN JOSE,COLEGIO DIOCESANO SAN JOSE,VILLA MARIA,GENERAL SAN MARTIN,CÓRDOBA,140575000,INTENDENTE REYNO 851 FELIPE BOTTA VILLA MARIA
816,COLEGIO DIVINO CORAZON,COLEGIO DIVINO CORAZON,HERNANDO,TERCERO ARRIBA,CÓRDOBA,140438900,25 DE MAYO 100 CENTRO HERNANDO
822,COLEGIO DR. ANTONIO NORES,COLEGIO DOCTOR ANTONIO NORES,CORDOBA,CAPITAL,CÓRDOBA,140431600,JULIO DE VEDIA 2353 SANTA CLARA DE ASIS B° SANTA CLARA DE ASIS
817,COLEGIO DOCTOR DALMACIO VELEZ SARSFIELD,COLEGIO DOCTOR DALMACIO VELEZ SARSFIELD,ARROYITO,SAN JUSTO,CÓRDOBA,140426900,BERNARDO ERB 320  ARROYITO
823,COLEGIO DR.IGNACIO DUARTE QUIROS,COLEGIO DOCTOR IGNACIO DUARTE QUIROS,CORDOBA,CAPITAL,CÓRDOBA,140446300,FARADAY 5168 ITUZAINGO
819,COLEGIO DOMINGO FAUSTINO SARMIENTO,COLEGIO DOMINGO FAUSTINO SARMIENTO,LA CALERA,COLON,CÓRDOBA,140410200,BELGRANO 711 CENTRO LA CALERA
820,COLEGIO DOMINGO SAVIO,COLEGIO DOMINGO SAVIO,CORDOBA,CAPITAL,CÓRDOBA,140574800,AVENIDA CARCANO  75 DON BOSCO B°DON BOSCO
821,COLEGIO DON ORIONE,COLEGIO DON ORIONE,CORDOBA,CAPITAL,CÓRDOBA,140367000,JOSE BENITO COTTOLENGO 1955 SANTA ISABEL 1RA. SECCION B° SANTA ISABEL 1RA. SECCION-CNO.A ALTA GRACIA KM. 7
824,COLEGIO EL CAMINANTE,COLEGIO EL CAMINANTE,VILLA MARIA,GENERAL SAN MARTIN,CÓRDOBA,140439000,DEAN FUNES 1720 PARQUE NORTE VILLA MARIA
825,COLEGIO EL OBRAJE,COLEGIO EL OBRAJE,ALTA GRACIA,SANTA MARIA,CÓRDOBA,140534600,TUCUMAN 437 SUR ALTA GRACIA
826,COLEGIO EL SALVADOR,COLEGIO EL SALVADOR,SANTA ROSA DE RIO PRIMERO,RIO PRIMERO,CÓRDOBA,140444500,BELGRANO 301  SANTA ROSA DE RIO PRIMERO
827,COLEGIO EL TORREON,COLEGIO EL TORREON,VILLA ALLENDE,COLON,CÓRDOBA,140395300,AVENIDA PADRE LUCCHESE 4701 COUNTRY CHACRAS DE LA VILLA - VILLA ALLENDE B° COUNTRY CHACRAS DE LA VILLA - VILLA ALLENDE
828,COLEGIO EL TRIGAL,COLEGIO EL TRIGAL,VILLA DE LAS ROSAS,SAN JAVIER,CÓRDOBA,140500500,CALLE PUBLICA   PARAJE EL BUEN RETIRO
829,COLEGIO ESCUELAS PIAS,COLEGIO ESCUELAS PIAS,CORDOBA,CAPITAL,CÓRDOBA,140127300,AV. 24 DE SETIEMBRE 1265 GENERAL PAZ B° GENERAL PAZ
830,COLEGIO ESCUELAS PIAS,COLEGIO ESCUELAS PIAS,RIO CUARTO,RIO CUARTO,CÓRDOBA,140300500,AV. GENERAL ROCA 701 CENTRO RIO CUARTO
831,COLEGIO ESPIRITU SANTO,COLEGIO ESPIRITU SANTO,CORDOBA,CAPITAL,CÓRDOBA,140228200,JORGE ISAACS 4847 PARQUE LICEO 1RA. SECCION B° PARQUE LICEO 1RA. SECCION
832,COLEGIO EVA FRANCO,COLEGIO EVA FRANCO,CORDOBA,CAPITAL,CÓRDOBA,140517500,AMALIA CELIA FIGUEREDO DE PIETRA 1615 VILLA RETIRO B° VILLA RETIRO-RUTA 111 KM 7 1/2
833,COLEGIO EVANGELICO NUEVA ARGENTINA,COLEGIO EVANGELICO NUEVA ARGENTINA,RIO CUARTO,RIO CUARTO,CÓRDOBA,140091200,VICENTE LOPEZ 1720 ALBERDI RIO CUARTO
834,COLEGIO EVANGELICO WILLIAM C. MORRIS,COLEGIO EVANGELICO WILLIAM C MORRIS,CORDOBA,CAPITAL,CÓRDOBA,140278400,SAN JOSE DE CALASANZ 144 ALBERDI B° ALBERDI(ENTRE CASEROS Y 27 DE ABRIL)
836,COLEGIO FASTA JESUS DE LA MISERICORDIA,COLEGIO FASTA JESUS DE LA MISERICORDIA,SAN FRANCISCO,SAN JUSTO,CÓRDOBA,140509200,TOMASA SOSA 1774 SAN CAYETANO SAN FRANCISCO
835,COLEGIO F.A.S.T.A. SAGRADO CORAZON,COLEGIO FASTA SAGRADO CORAZON,MARCOS JUAREZ,MARCOS JUAREZ,CÓRDOBA,140070700,LARDIZABAL 545 CENTRO SUR MARCOS JUAREZ
837,COLEGIO FASTA SANTO CURA BROCHERO,COLEGIO FASTA SANTO CURA BROCHERO,CORDOBA,CAPITAL,CÓRDOBA,140582500,CALLE PUBLICA S/N  MANANTIALES II B° MANANTIALES II (LOTE 1 MZA 17)
838,COLEGIO FASTA SANTO DOMINGO DE GUZMAN,COLEGIO FASTA SANTO DOMINGO DE GUZMAN,CORDOBA,CAPITAL,CÓRDOBA,140415400,DOMINGO ZIPOLI 915 ESCOBAR B° ESCOBAR
839,COLEGIO FASTA VILLA EUCARISTICA,COLEGIO FASTA VILLA EUCARISTICA,CORDOBA,CAPITAL,CÓRDOBA,140442800,Camino san Carlos Km 5 y 1/2  VILLA EUCARISTICA CNO.  SAN CARLOS KM 51/2
840,COLEGIO FRANCISCO LUIS BERNARDEZ,COLEGIO FRANCISCO LUIS BERNARDEZ,CORDOBA,CAPITAL,CÓRDOBA,140340700,JOSE P. OTERO 1644 CERRO DE LAS ROSAS B° CERRO DE LAS ROSAS
841,COLEGIO FRAY MAMERTO ESQUIU,COLEGIO FRAY MAMERTO ESQUIU,MONTE MAIZ,UNION,CÓRDOBA,140261100,9 DE JULIO 2250 BARRACAS MONTE MAIZ
842,COLEGIO GABRIEL TABORIN,COLEGIO GABRIEL TABORIN,CORDOBA,CAPITAL,CÓRDOBA,140415800,AVENIDA AMADEO SABATTINI 359 CRISOL NORTE B°CRISOL NORTE
759,COLEGIO  GALILEO GALILEI,COLEGIO GALILEO GALILEI,RIO CUARTO,RIO CUARTO,CÓRDOBA,140140800,ALVEAR 1040 CENTRO RIO CUARTO
843,COLEGIO GARCIA FAURE,COLEGIO GARCIA FAURE,CORDOBA,CAPITAL,CÓRDOBA,140420700,JERONIMO LUIS DE CABRERA 834 ALTA CORDOBA B° ALTA CORDOBA
844,COLEGIO GENERAL JOSE MARIA PAZ,COLEGIO GENERAL JOSE MARIA PAZ,LEONES,MARCOS JUAREZ,CÓRDOBA,140154800,AV. DEL LIBERTADOR 836  LEONES FENTE A EPEC
846,COLEGIO GRAL. JOSE MARIA PAZ,COLEGIO GENERAL JOSE MARIA PAZ,MONTE BUEY,MARCOS JUAREZ,CÓRDOBA,140160400,MARIANO MORENO 480  MONTE BUEY
845,COLEGIO GENERAL MANUEL BELGRANO,COLEGIO GENERAL MANUEL BELGRANO,CORDOBA,CAPITAL,CÓRDOBA,140002400,ARMENIA 2080 PUEYRREDON BARRIO PUEYRREDON
847,COLEGIO HAROLDO ANDENMATTEN,COLEGIO HAROLDO ANDENMATTEN,CORDOBA,CAPITAL,CÓRDOBA,140438500,PEDRO ZANNI 930 VILLA  PAEZ BARRIO VILLA PAEZ
848,COLEGIO HECTOR VALDIVIELSO,COLEGIO HECTOR VALDIVIELSO,MALVINAS ARGENTINAS,COLON,CÓRDOBA,140489400,HERMANOS DE LA SALLE 651 MALVINAS ARGENTINAS TERCERA SECCIÓN MALVINAS ARGENTINAS
849,COLEGIO HIJAS DE MARIA INMACULADA,COLEGIO HIJAS DE MARIA INMACULADA,CORDOBA,CAPITAL,CÓRDOBA,140233400,MADRE MARIA B.PASTORINO 2733 VILLA CORINA B° VILLA CORINA
850,COLEGIO HOGAR FRAY JOSE MARIA LIQUENO,COLEGIO HOGAR FRAY JOSE MARIA LIQUENO,LA VENTANA,SAN ALBERTO,CÓRDOBA,140258400,CALLE PUBLICA   PARAJE LA VENTANA - PAMPA DE ACHALA
851,COLEGIO HORTUS CONCLUSUS,COLEGIO HORTUS CONCLUSUS,CORDOBA,CAPITAL,CÓRDOBA,140007800,ANTONIO MARIA GIANELLI 551 GENERAL BUSTOS B° GENERAL BUSTOS
852,COLEGIO INMACULADA CONCEPCION,COLEGIO INMACULADA CONCEPCION,CORDOBA,CAPITAL,CÓRDOBA,140311400,AV.CASTRO BARROS 1316 SAN MARTIN B° SAN MARTIN
853,COLEGIO INMACULADA CONCEPCION,COLEGIO INMACULADA CONCEPCION,VILLA NUEVA,GENERAL SAN MARTIN,CÓRDOBA,140425800,MADRE TRANSITO CABANILLAS 416 VILLA NUEVA VILLA NUEVA
854,COLEGIO INMACULADA CONCEPCION,COLEGIO INMACULADA CONCEPCION,SAN FRANCISCO,SAN JUSTO,CÓRDOBA,140473700,SAENZ PEÑA 1151 CATEDRAL SAN FRANCISCO
855,COLEGIO INMACULADO CORAZON DE MARIA,COLEGIO INMACULADO CORAZON DE MARIA,MALAGUEÑO,SANTA MARIA,CÓRDOBA,140013600,SANTA FE   MALAGUEÑO
857,COLEGIO INSTITUCION ESCUTI,COLEGIO INSTITUCION ESCUTI,CORDOBA,CAPITAL,CÓRDOBA,140431300,NAZARET 3399 LAS ROSAS
858,COLEGIO INSTITUCION JOSE PEÑA,COLEGIO INSTITUCION JOSE PEÑA,CORDOBA,CAPITAL,CÓRDOBA,140225700,CIUDAD DE TAMPA 2954 VILLA CABRERA B° VILLA CABRERA
859,COLEGIO INSTITUTO CARVER,COLEGIO INSTITUTO CARVER,CORDOBA,CAPITAL,CÓRDOBA,140574400,POPEYAN 5275 VILLA EL LIBERTADOR B° VILLA EL LIBERTADOR
856,COLEGIO INST. EDUCATIVO CITA CON LA VIDA,COLEGIO INSTITUTO EDUCATIVO CITA CON LA VIDA,CORDOBA,CAPITAL,CÓRDOBA,140574700,JOSE LUIS CABRAL 4950 CHATEAU CARRERAS B°TEODORO FELLS
860,COLEGIO INSTITUTO GIRASOLES,COLEGIO INSTITUTO GIRASOLES,LA CARLOTA,JUAREZ CELMAN,CÓRDOBA,140482400,AV. SABATTINI 850 NORTE LA CARLOTA
861,COLEGIO INSTITUTO KEPLER,COLEGIO INSTITUTO KEPLER,RIO CUARTO,RIO CUARTO,CÓRDOBA,140579100,ACHALAY  1250 BANDA NORTE  RIO CUARTO
862,COLEGIO INSTITUTO MILENIO VILLA ALLENDE,COLEGIO INSTITUTO MILENIO VILLA ALLENDE,VILLA ALLENDE,COLON,CÓRDOBA,140532200,ALBERTI 250  VILLA ALLENDE
863,COLEGIO INSTITUTO SAN NICOLAS,COLEGIO INSTITUTO SAN NICOLAS,PAJAS BLANCAS,COLON,CÓRDOBA,140579200,12 DE AGOSTO 650 PAJAS BLANCAS PAJAS BLANCAS
864,COLEGIO INTEGRAL EDUCATIVO M.E.D.E.A.,COLEGIO INTEGRAL EDUCATIVO MEDEA,CORDOBA,CAPITAL,CÓRDOBA,140434700,TOTORILLA (EX-PASAJE 5) 1565 VILLA EL LIBERTADOR B° VILLA EL LIBERTADOR( EDIFICIO AZUL)
865,COLEGIO ISRAELITA GRAL. SAN MARTIN,COLEGIO ISRAELITA GENERAL SAN MARTIN,CORDOBA,CAPITAL,CÓRDOBA,140408800,AV. DUARTE QUIROS 4850 LAS PALMAS B° LAS PALMAS
866,COLEGIO ITALO ARGENTINO DANTE ALIGHIERI,COLEGIO ITALO ARGENTINO DANTE ALIGHIERI,RIO CUARTO,RIO CUARTO,CÓRDOBA,140503600,LORENZO SUAREZ DE FIGUEROA 2051 VILLA DALCAR RIO CUARTO
867,COLEGIO JESUS MARIA,COLEGIO JESUS MARIA,LA CALERA,COLON,CÓRDOBA,140224700,MANUEL BELGRANO 611 CENTRO LA CALERA
868,COLEGIO JESUS MARIA,COLEGIO JESUS MARIA,CORDOBA,CAPITAL,CÓRDOBA,140438100,VIEYTES 1635 AVENIDA
869,"COLEGIO JESUS, MARIA Y JOSE",COLEGIO JESUS MARIA Y JOSE,RIO TERCERO,TERCERO ARRIBA,CÓRDOBA,140330000,SAN AGUSTIN 318 NORTE RIO TERCERO
871,COLEGIO JOCKEY CLUB CORDOBA,COLEGIO JOCKEY CLUB CORDOBA,CORDOBA,CAPITAL,CÓRDOBA,140558100,AVENIDA VALPARAISO 3595 JARDIN BARRIO JARDIN
872,COLEGIO JORGE VOCOS LESCANO,COLEGIO JORGE VOCOS LESCANO,CORDOBA,CAPITAL,CÓRDOBA,140437100,AV. ARMADA ARGENTINA 845 PARQUE LATINO B° PARQUE LATINO
873,COLEGIO JUAN XXIII,COLEGIO JUAN XXIII,CORRAL DE BUSTOS,MARCOS JUAREZ,CÓRDOBA,140047000,SANTA FE 964  CORRAL DE BUSTOS
874,COLEGIO JUAN XXIII,COLEGIO JUAN XXIII,MALAGUEÑO,SANTA MARIA,CÓRDOBA,140238400,BRIGADIER SAN MARTIN 231 YOCSINA YOCSINA
875,COLEGIO JUANA MICONO DE GIARDINO,COLEGIO JUANA MICONO DE GIARDINO,VILLA GIARDINO,PUNILLA,CÓRDOBA,140441700,AV. SAN MARTIN 762 CENTRO VILLA GIARDINO
876,COLEGIO JULIETA DELFINO,COLEGIO JULIETA DELFINO,VILLA CARLOS PAZ,PUNILLA,CÓRDOBA,140439100,GOBERNADOR ALCORTA 189 SANTA RITA VILLA CARLOS PAZ
877,COLEGIO JUVENILIA,COLEGIO JUVENILIA,CORDOBA,CAPITAL,CÓRDOBA,140313500,ARISTOTELES 3160 ANA MARIA ZUMARAN B° ANA MARIA ZUMARAN
878,COLEGIO LA ALDEA DE PIAGET,COLEGIO LA ALDEA DE PIAGET,CORDOBA,CAPITAL,CÓRDOBA,140446000,FRANCISCO DE TOLEDO 2175 AYACUCHO B° AYACUCHO (AV.J.B.JUSTO AL 4000)
879,COLEGIO LA CONSOLATA,COLEGIO LA CONSOLATA,SAMPACHO,RIO CUARTO,CÓRDOBA,140279400,Hipolito Irigoyen 482 CENTRO SAMPACHO
880,COLEGIO LA MERCED,COLEGIO LA MERCED,RIO CUARTO,RIO CUARTO,CÓRDOBA,140176600,COLON 580 CENTRO RIO CUARTO
882,COLEGIO LA PRIMERA ENSEÑANZA,COLEGIO LA PRIMERA ENSEÑANZA,CORDOBA,CAPITAL,CÓRDOBA,140283700,LA RIOJA 1276 ALBERDI B° ALBERDI
883,COLEGIO LA SAGRADA FAMILIA,COLEGIO LA SAGRADA FAMILIA,SERRANO,PRESIDENTE ROQUE SAENZ PEÑA,CÓRDOBA,140349300,JOSE MANUEL ESTRADA 362  SERRANO
884,COLEGIO LA SALLE,COLEGIO LA SALLE,CORDOBA,CAPITAL,CÓRDOBA,140003500,AV. RECTA MARTINOLI 6602 ARGUELLO B°ARGUELLO
885,COLEGIO LA SANTISIMA TRINIDAD,COLEGIO LA SANTISIMA TRINIDAD,VILLA MARIA,GENERAL SAN MARTIN,CÓRDOBA,140361100,BV VELEZ SARSFIELD 1072 CENTRO VILLA MARIA
886,COLEGIO LA SERRANA,COLEGIO LA SERRANA,RIO CEBALLOS,COLON,CÓRDOBA,140580500,MZ 12 S/N°  UEPC ó NUEVO RÍO CEBALLOS RÍO CEBALLOS
887,COLEGIO LEON XIII,COLEGIO LEON XIII,CORDOBA,CAPITAL,CÓRDOBA,140487900,AV. AGRIMENSOR ENRIQUE BODEREAU 7850 VILLA RIVERA INDARTE B° VILLA RIVERA INDARTE
888,COLEGIO LEONARDO DA VINCI,COLEGIO LEONARDO DA VINCI,RIO CUARTO,RIO CUARTO,CÓRDOBA,140539700,GLAUCE HELEN BALDOVIN 3500 INDUSTRIAL RIO CUARTO
889,COLEGIO LOS SAGRADOS CORAZONES,COLEGIO LOS SAGRADOS CORAZONES,VILLA HUIDOBRO,GENERAL ROCA,CÓRDOBA,140335600,SANTA MARIA JOSEFA ROSELLO 250 CENTRO VILLA HUIDOBRO
890,COLEGIO LUIS MANUEL ROBLES,COLEGIO LUIS MANUEL ROBLES,CORDOBA,CAPITAL,CÓRDOBA,140289900,PADRE LUIS MONTI 1850 PUEYRREDON
891,COLEGIO LUTERANO CONCORDIA,COLEGIO LUTERANO CONCORDIA,CORDOBA,CAPITAL,CÓRDOBA,140000100,AV. SANTA ANA 2011 ALTO ALBERDI B° ALTO ALBERDI
892,COLEGIO MADRE CABRINI,COLEGIO MADRE CABRINI,CAPILLA DEL MONTE,PUNILLA,CÓRDOBA,140066900,PASAJE SAN JOSE 55 SAN MARTIN CAPILLA DEL MONTE
893,COLEGIO MADRES ESCOLAPIAS,COLEGIO MADRES ESCOLAPIAS,CORDOBA,CAPITAL,CÓRDOBA,140435600,HUGO WAST 4455 CERRO DE LAS ROSAS Bº CERRO DE LAS ROSAS
894,COLEGIO MANUEL BELGRANO,COLEGIO MANUEL BELGRANO,BRINCKMANN,SAN JUSTO,CÓRDOBA,140340400,AVENIDA SEEBER 317 MANUEL BELGRANO BRINCKMANN
895,COLEGIO MANUEL DE FALLA,COLEGIO MANUEL DE FALLA,ALTA GRACIA,SANTA MARIA,CÓRDOBA,140497000,URQUIZA 399 SUR ALTA GRACIA
896,COLEGIO MARIA AUXILIADORA,COLEGIO MARIA AUXILIADORA,COLONIA VIGNAUD,SAN JUSTO,CÓRDOBA,140339200,ANA PASSADORE 611  COLONIA VIGNAUD
897,COLEGIO MARIA BENITA ARIAS,COLEGIO MARIA BENITA ARIAS,RIO CUARTO,RIO CUARTO,CÓRDOBA,140302100,MONTEVIDEO 751 ALBERDI RIO CUARTO
898,COLEGIO MARIA DE NAZARETH,COLEGIO MARIA DE NAZARETH,LA CALERA,COLON,CÓRDOBA,140474900,AVENIDA LOS LAMOS 1111 CUESTA COLORADA COUNTRY LA RUFINA
899,COLEGIO MARIA I. NAVARRO DE LABAT,COLEGIO MARIA I NAVARRO DE LABAT,CORDOBA,CAPITAL,CÓRDOBA,140365300,CORRIENTES 2006 SAN VICENTE B° SAN VICENTE
900,COLEGIO MARIA INMACULADA,COLEGIO MARIA INMACULADA,MARCOS JUAREZ,MARCOS JUAREZ,CÓRDOBA,140285900,HIPOLITO IRIGOYEN 662 CENTRO MARCOS JUAREZ
901,COLEGIO MARIA MONTESSORI,COLEGIO MARIA MONTESSORI,CORDOBA,CAPITAL,CÓRDOBA,140574300,JERONIMO LUIS DE CABRERA 1144 ALTA CORDOBA B° ALTA CORDOBA
902,COLEGIO MARIANO MORENO,COLEGIO MARIANO MORENO,VILLA MARIA,GENERAL SAN MARTIN,CÓRDOBA,140153000,MANUEL ANSELMO OCAMPO 1836 SAN JUSTO VILLA MARIA
903,COLEGIO MARK TWAIN (EX SANTA INES),COLEGIO MARK TWAIN (EX SANTA INES),CORDOBA,CAPITAL,CÓRDOBA,140094400,TINCHO BRHAE 75 CHATEAU CARRERAS BARRIO CHATEAU CARRERAS
904,COLEGIO MARYLAND (TIERRA DE MARIA),COLEGIO MARYLAND (TIERRA DE MARIA),VILLA ALLENDE,COLON,CÓRDOBA,140427700,ALBERTI S/N°  ESPAÑOL VILLA ALLENDE
905,COLEGIO MATER PURISSIMA,COLEGIO MATER PURISSIMA,CORDOBA,CAPITAL,CÓRDOBA,140193600,LA RAMADA 3898 ALTO VERDE B° ALTO VERDE
906,COLEGIO MERCEDES DEL NIÑO JESUS,COLEGIO MERCEDES DEL NIÑO JESUS,RIO CUARTO,RIO CUARTO,CÓRDOBA,140375900,VICTOR HUGO 885 BANDA NORTE RIO CUARTO
907,COLEGIO MIGUEL CANE,COLEGIO MIGUEL CANE,TRANSITO,SAN JUSTO,CÓRDOBA,140426300,BV. EMILIO F. OLMOS 156  TRANSITO
908,COLEGIO MODELO DE JUEGOS Y DEPORTES RACING,COLEGIO MODELO DE JUEGOS Y DEPORTES RACING,CORDOBA,CAPITAL,CÓRDOBA,140233100,ANTONIO YUDICELLO(EX-TRIDENTINA) 2160 NUEVA ITALIA B° NUEVA ITALIA
909,COLEGIO MONSEÑOR ENRIQUE PECHUAN MARIN,COLEGIO MONSEÑOR ENRIQUE PECHUAN MARIN,CRUZ DEL EJE,CRUZ DEL EJE,CÓRDOBA,140252800,AVENIDA COSTANERA Y JUAN XXIII  PRESIDENTE PERON CRUZ DEL EJE
910,COLEGIO MONSEÑOR FERMIN LAFITTE,COLEGIO MONSEÑOR FERMIN LAFITTE,CORDOBA,CAPITAL,CÓRDOBA,140431200,FRANCISCO VALLES 2443 LOS PARAISOS LOS PARAISOS
911,COLEGIO MUSICAL COLLEGIUM,COLEGIO MUSICAL COLLEGIUM,CORDOBA,CAPITAL,CÓRDOBA,140427000,CASEROS 963 ALBERDI B° ALBERDI (ENTRE CALASANZ y M.MORENO)
912,COLEGIO NACIONAL DE MONSERRAT,COLEGIO NACIONAL DE MONSERRAT,CORDOBA,CAPITAL,CÓRDOBA,149000100,OBISPO TREJO 294 CENTRO B° CENTRO
913,COLEGIO NOETINGER (DPTO. DE APLICACION),COLEGIO NOETINGER (DEPARTAMENTO DE APLICACION),NOETINGER,UNION,CÓRDOBA,140372200,MAESTRO GARCIA S/N  MIRADOR DEL ESTE NOETINGER
915,COLEGIO NUESTRA MADRE DE LA MERCED,COLEGIO NUESTRA MADRE DE LA MERCED,LA CARLOTA,JUAREZ CELMAN,CÓRDOBA,140441800,9 DE JULIO 271 CENTRO LA CARLOTA
916,COLEGIO NUESTRA SEÑORA,COLEGIO NUESTRA SEÑORA,CORDOBA,CAPITAL,CÓRDOBA,140431000,INCA MANCO 3450 JARDIN ESPINOSA Bº JARDIN ESPINOSA
917,COLEGIO NUESTRA SEÑORA DE LA MERCED,COLEGIO NUESTRA SEÑORA DE LA MERCED,CORDOBA,CAPITAL,CÓRDOBA,140435100,ZELAYA 140 SAN MARTIN Bº SAN MARTIN
914,COLEGIO NTRA. SRA. DE LA MISERICORDIA,COLEGIO NUESTRA SEÑORA DE LA MISERICORDIA,CANALS,UNION,CÓRDOBA,140272900,ITALIA  371 CENTRO CANALS
918,COLEGIO NUESTRA SEÑORA DE LA MISERICORDIA,COLEGIO NUESTRA SEÑORA DE LA MISERICORDIA,ALTA GRACIA,SANTA MARIA,CÓRDOBA,140267000,PADRE DOMINGO VIERA 151 POLUYAN ALTA GRACIA
919,COLEGIO NUESTRA SEÑORA DE LAS MERCEDES,COLEGIO NUESTRA SEÑORA DE LAS MERCEDES,UNQUILLO,COLON,CÓRDOBA,140427600,AZOPARDO 200 CENTRO UNQUILLO - PARROQUIA NTRA. SRA. DE  LOURDES - CLUB UNION
920,COLEGIO NUESTRA SEÑORA DE LORETO,COLEGIO NUESTRA SEÑORA DE LORETO,CORDOBA,CAPITAL,CÓRDOBA,140434600,GOMEZ CARRILLO 2559 LOS NARANJOS Bº LOS NARANJOS
760,COLEGIO  NUESTRA SEÑORA DE LOURDES,COLEGIO NUESTRA SEÑORA DE LOURDES,LA CUMBRE,PUNILLA,CÓRDOBA,140067900,LUCRECIA VILLALBA 258 SAN GERONIMO LA CUMBRE
921,COLEGIO NUESTRA SEÑORA DE LOURDES,COLEGIO NUESTRA SEÑORA DE LOURDES,PORTEÑA,SAN JUSTO,CÓRDOBA,140248900,INTENDENTE PITA 514  PORTEÑA
922,COLEGIO NUESTRA SEÑORA DE LOURDES(EX HUGO WAST),COLEGIO NUESTRA SEÑORA DE LOURDES (EX HUGO WAST),UNQUILLO,COLON,CÓRDOBA,140098500,DR. JUAN E. MILICH  CENTRO UNQUILLO
923,COLEGIO NUESTRA SEÑORA DE NIEVA,COLEGIO NUESTRA SEÑORA DE NIEVA,CORDOBA,CAPITAL,CÓRDOBA,140265400,AYACUCHO 442 GUEMES B° GUEMES
924,COLEGIO NUESTRA SEÑORA DEL CALVARIO,COLEGIO NUESTRA SEÑORA DEL CALVARIO,VALLE HERMOSO,PUNILLA,CÓRDOBA,140076200,AVENIDA SAN MARTIN 12 CENTRO VALLE HERMOSO
925,COLEGIO NUESTRA SEÑORA DEL CARMEN,COLEGIO NUESTRA SEÑORA DEL CARMEN,RIO CUARTO,RIO CUARTO,CÓRDOBA,140382300,BAIGORRIA 373 CENTRO RIO CUARTO
926,COLEGIO NUESTRA SEÑORA DEL HUERTO,COLEGIO NUESTRA SEÑORA DEL HUERTO,CORDOBA,CAPITAL,CÓRDOBA,140304600,BELGRANO 269 CENTRO B° CENTRO( A 100 MTS. DEL PALACIO 6 DE JULIO)
927,COLEGIO NUESTRA SEÑORA DEL HUERTO,COLEGIO NUESTRA SEÑORA DEL HUERTO,JESUS MARIA,COLON,CÓRDOBA,140328400,BV. EUSEBIO AGÜERO 23 NORTE JESUS MARIA - ANFITEATRO DE DOMA Y FOLKLORE.
928,COLEGIO NUESTRA SEÑORA DEL PILAR,COLEGIO NUESTRA SEÑORA DEL PILAR,PILAR,RIO SEGUNDO,CÓRDOBA,140456800,NÉSTOR KIRCHNER   PILAR S/RUTA PROV. Nº 13
929,COLEGIO NUESTRA SEÑORA DEL ROSARIO,COLEGIO NUESTRA SEÑORA DEL ROSARIO,BIALET MASSE,PUNILLA,CÓRDOBA,140540300,9 DE JULIO  359 CENTRO BIALET MASSE
930,COLEGIO NUESTRA SEÑORA DEL ROSARIO DEL MILAGRO,COLEGIO NUESTRA SEÑORA DEL ROSARIO DEL MILAGRO,JESUS MARIA,COLON,CÓRDOBA,140497200,PEDRO OÑATE   JESUS MARIA
931,COLEGIO NUESTRA SEÑORA DEL SAGRADO CORAZON,COLEGIO NUESTRA SEÑORA DEL SAGRADO CORAZON,CORDOBA,CAPITAL,CÓRDOBA,140431400,AVENIDA REVOLUCION DE MAYO 1476 CRISOL Bº CRISOL
932,COLEGIO NUESTRA SEÑORA DEL VALLE,COLEGIO NUESTRA SEÑORA DEL VALLE,LOS GIGANTES,PUNILLA,CÓRDOBA,140439300,CALLE PUBLICA S/N   LOS GIGANTES
933,COLEGIO NUESTRA SEÑORA DEL VALLE,COLEGIO NUESTRA SEÑORA DEL VALLE,CRUZ DEL EJE,CRUZ DEL EJE,CÓRDOBA,140442500,SARMIENTO 121 CENTRO CRUZ DEL EJE
934,COLEGIO NUESTRA SRA. DEL VALLE,COLEGIO NUESTRA SEÑORA DEL VALLE,CORDOBA,CAPITAL,CÓRDOBA,140276200,PASAJE JUAN DE AVILA Y ZARATE  2051 VILLA LOS ANGELES B° VILLA LOS ANGELES
935,COLEGIO NUEVO MILENIO,COLEGIO NUEVO MILENIO,UNQUILLO,COLON,CÓRDOBA,140507500,CRUCERO GENERAL BELGRANO  LOS TALITAS UNQUILLO
936,COLEGIO NUEVO SIGLO,COLEGIO NUEVO SIGLO,CORDOBA,CAPITAL,CÓRDOBA,140023300,25 DE MAYO 1040 GENERAL PAZ B° GENERAL PAZ
937,COLEGIO PABLO A. PIZZURNO,COLEGIO PABLO A PIZZURNO,HERNANDO,TERCERO ARRIBA,CÓRDOBA,140450800,GENERAL PAZ 495 CENTRO HERNANDO
938,COLEGIO PABLO VI,COLEGIO PABLO VI,SAN FRANCISCO,SAN JUSTO,CÓRDOBA,140574000,FORMOSA 287 CONSOLATA SAN FRANCISCO
939,COLEGIO PADRE CLARET,COLEGIO PADRE CLARET,CORDOBA,CAPITAL,CÓRDOBA,140276300,AVENIDA LA CORDILLERA 4950 PADRE CLARET BARRIO PADRE CLARET
940,COLEGIO PADRE JUAN BURON,COLEGIO PADRE JUAN BURON,CORDOBA,CAPITAL,CÓRDOBA,140048600,AV. AVIADOR MIRA 2658 VILLA ADELA B° VILLA ADELA
941,COLEGIO PADRE SEBASTIAN RAGGI,COLEGIO PADRE SEBASTIAN RAGGI,CORDOBA,CAPITAL,CÓRDOBA,140289300,BUCHARDO 1675 PUEYRREDON BARRIO PUEYRREDON
943,COLEGIO PARROQUIAL CEFERINO NAMUNCURA,COLEGIO PARROQUIAL CEFERINO NAMUNCURA,CORDOBA,CAPITAL,CÓRDOBA,140297000,CIUDAD DEL BARCO 3315 LA FRANCE B° LA FRANCE - AL LADO DE IGLESIA SANTA INES
962,COLEGIO PQUIAL. CRISTO REDENTOR,COLEGIO PARROQUIAL CRISTO REDENTOR,CORDOBA,CAPITAL,CÓRDOBA,140066600,JUSTINIANO POSSE 864 JARDIN B° JARDIN
944,COLEGIO PARROQUIAL JOSE MANUEL ESTRADA,COLEGIO PARROQUIAL JOSE MANUEL ESTRADA,OBISPO TREJO,RIO PRIMERO,CÓRDOBA,140275800,RIVADAVIA 941  OBISPO TREJO
945,COLEGIO PARROQUIAL LETTY STUCCHI BAUDON,COLEGIO PARROQUIAL LETTY STUCCHI BAUDON,CORDOBA,CAPITAL,CÓRDOBA,140307400,PAYSANDU 860 RESIDENCIAL AMERICA B° RESIDENCIAL AMERICA
963,COLEGIO PQUIAL. MONTE CRISTO,COLEGIO PARROQUIAL MONTE CRISTO,MONTECRISTO,RIO PRIMERO,CÓRDOBA,140274800,ROQUE SAENZ PEÑA 380  MONTECRISTO
946,COLEGIO PARROQUIAL NUESTRA SEÑORA DE FATIMA,COLEGIO PARROQUIAL NUESTRA SEÑORA DE FATIMA,CORDOBA,CAPITAL,CÓRDOBA,140438400,AV RUFINO VARELA ORTIZ 2600 MATIENZO Bº MATIENZO
947,COLEGIO PARROQUIAL NUESTRA SEÑORA DE LA MERCED,COLEGIO PARROQUIAL NUESTRA SEÑORA DE LA MERCED,RIO CUARTO,RIO CUARTO,CÓRDOBA,140302000,BELISARIO  ROLDAN 275 ALBERDI RIO CUARTO
964,COLEGIO PQUIAL. NUESTRA SEÑORA DEL CARMEN,COLEGIO PARROQUIAL NUESTRA SEÑORA DEL CARMEN,CORDOBA,CAPITAL,CÓRDOBA,140271500,BARTOLOME ARGENSOLA 670 ALTA CORDOBA Bº ALTA CORDOBA
948,COLEGIO PARROQUIAL NUESTRA SEÑORA DEL TRABAJO,COLEGIO PARROQUIAL NUESTRA SEÑORA DEL TRABAJO,CORDOBA,CAPITAL,CÓRDOBA,140576800,AV. DE MAYO 350 VILLA EL LIBERTADOR B° VILLA EL LIBERTADOR
949,COLEGIO PARROQUIAL PIO XII,COLEGIO PARROQUIAL PIO XII,COSQUIN,PUNILLA,CÓRDOBA,140262500,OBISPO BUSTOS 816 CENTRO COSQUIN
961,COLEGIO PQUIAL SAN FRANCISCO DE ASIS,COLEGIO PARROQUIAL SAN FRANCISCO DE ASIS,CORDOBA,CAPITAL,CÓRDOBA,140267600,JOSE ANTONIO GUARDADO 184 LAS FLORES B° LAS FLORES
950,COLEGIO PARROQUIAL SAN JERONIMO,COLEGIO PARROQUIAL SAN JERONIMO,CORDOBA,CAPITAL,CÓRDOBA,140493400,LA RIOJA 2115 ALTO ALBERDI B° ALTO ALBERDI
951,COLEGIO PARROQUIAL SAN JOSE,COLEGIO PARROQUIAL SAN JOSE,CORDOBA,CAPITAL,CÓRDOBA,140344700,VELEZ 252 ALTO ALBERDI B° ALTO ALBERDI
952,COLEGIO PARROQUIAL SAN JUAN DIEGO,COLEGIO PARROQUIAL SAN JUAN DIEGO,SANTA ROSA DE CALAMUCHITA,CALAMUCHITA,CÓRDOBA,140182300,AVENIDA INTENDENTE ANGEL LLANOS 320 QUINTO CENTENARIO SANTA ROSA DE CALAMUCHITA
953,COLEGIO PARROQUIAL SAN LUIS GONZAGA,COLEGIO PARROQUIAL SAN LUIS GONZAGA,RIO SEGUNDO,RIO SEGUNDO,CÓRDOBA,140413400,MEXICO Y URUGUAY  INT. FRANCISCO MARTINEZ RIO SEGUNDO
965,COLEGIO PQUIAL. SAN ROQUE,COLEGIO PARROQUIAL SAN ROQUE,CORDOBA,CAPITAL,CÓRDOBA,140433900,MARIANO USANDIVARAS 2080 VILLA CORINA BARRIO VILLA CORINA
942,COLEGIO PARROQ. SANTO CRISTO,COLEGIO PARROQUIAL SANTO CRISTO,CORDOBA,CAPITAL,CÓRDOBA,140415900,DOMINGO FUNES 1180 OBSERVATORIO
954,COLEGIO PAULA MONTAL,COLEGIO PAULA MONTAL,CORDOBA,CAPITAL,CÓRDOBA,140307700,M.DE PORTO Y MARIÑO 556 VILLA URQUIZA B° VILLA URQUIZA
957,COLEGIO PETER PAN,COLEGIO PETER PAN,CORDOBA,CAPITAL,CÓRDOBA,140005100,PABLO DE GUZMAN 131 MARQUES DE SOBREMONTE B° MARQUES DE SOBREMONTE
958,COLEGIO PIO LEON,COLEGIO PIO LEON,COLONIA CAROYA,COLON,CÓRDOBA,140430700,AV. 28 DE JULIO 345  COLONIA CAROYA
959,COLEGIO PIO X,COLEGIO PIO X,CORDOBA,CAPITAL,CÓRDOBA,140058100,9 DE JULIO 1050 ALBERDI B° ALBERDI
960,COLEGIO PIO XII,COLEGIO PIO XII,DESPEÑADEROS,SANTA MARIA,CÓRDOBA,140022800,PADRE BUTELER 229 CENTRO DESPEÑADEROS
955,COLEGIO PBRO. JOSE GABRIEL DEL ROSARIO BROCHERO,COLEGIO PRESBITERO JOSE GABRIEL DEL ROSARIO BROCHERO,VILLA DE SOTO,CRUZ DEL EJE,CÓRDOBA,140534300,JOSE IGNACIO PERALTA 339 SAN MARTIN VILLA DE SOTO
966,COLEGIO PRESBITERO JUAN GUIRULA (EX CRISTO REY),COLEGIO PRESBITERO JUAN GUIRULA (EX CRISTO REY),LABORDE,UNION,CÓRDOBA,140444300,LAVALLE 237 CENTRO LABORDE
956,COLEGIO PBRO. JUAN VICENTE BRIZUELA,COLEGIO PRESBITERO JUAN VICENTE BRIZUELA,VILLA DOLORES,SAN JAVIER,CÓRDOBA,140437300,ITALIA 251 CENTRO VILLA DOLORES
968,COLEGIO PRIVADO 9 DE JULIO,COLEGIO PRIVADO 9 DE JULIO,MORTEROS,SAN JUSTO,CÓRDOBA,140548800,BOULEVAR HIPOLITO IRIGOYEN 1560 JORGE NEWBERY MORTEROS
969,COLEGIO PRIVADO AURORA  EDUCACION WALDORF,COLEGIO PRIVADO AURORA EDUCACION WALDORF,VILLA GENERAL BELGRANO,CALAMUCHITA,CÓRDOBA,140518300,FLEMING 333  
967,COLEGIO PRIV. DIOCESANO DR. ALEXIS CARREL,COLEGIO PRIVADO DIOCESANO DOCTOR ALEXIS CARREL,RIO TERCERO,TERCERO ARRIBA,CÓRDOBA,140395400,GENERAL PAZ 390 CENTRO RIO TERCERO
970,COLEGIO PRIVADO EL MANANTIAL,COLEGIO PRIVADO EL MANANTIAL,VILLA DOLORES,SAN JAVIER,CÓRDOBA,140420600,ROMAN BASAIL 48 CENTRO VILLA DOLORES
971,COLEGIO PRIVADO SAN ISIDRO,COLEGIO PRIVADO SAN ISIDRO,CORDOBA,CAPITAL,CÓRDOBA,140545100,ARMADA ARGENTINA 3648 PARQUE FUTURA B° PARQUE FUTURA
972,COLEGIO PUERTAS DEL SOL,COLEGIO PUERTAS DEL SOL,ONCATIVO,RIO SEGUNDO,CÓRDOBA,140122200,BUENOS AIRES 750  ONCATIVO
973,COLEGIO ROSARITO VERA PEÑALOZA,COLEGIO ROSARITO VERA PEÑALOZA,CORDOBA,CAPITAL,CÓRDOBA,140057600,VIRACOCHA 6933 QUINTAS DE ARGUELLO B° QUINTAS DE ARGUELLO
974,COLEGIO SAGRADA FAMILIA,COLEGIO SAGRADA FAMILIA,COSQUIN,PUNILLA,CÓRDOBA,140043300,PALEMON CARRANZA 549 CENTRO COSQUIN
975,COLEGIO SAGRADA FAMILIA,COLEGIO SAGRADA FAMILIA,CORDOBA,CAPITAL,CÓRDOBA,140074200,ANA MARIA JANER 1250 PUEYRREDON B° PUEYRREDON
976,COLEGIO SAGRADO CORAZON,COLEGIO SAGRADO CORAZON,SAN FRANCISCO,SAN JUSTO,CÓRDOBA,140092500,25 DE MAYO 1414 ITURRASPE SAN FRANCISCO
977,COLEGIO SAGRADO CORAZON,COLEGIO SAGRADO CORAZON,LOS CONDORES,CALAMUCHITA,CÓRDOBA,140247500,SARMIENTO S/N°  CENTRO LOS CONDORES
978,COLEGIO SAGRADO CORAZON,COLEGIO SAGRADO CORAZON,VILLA GENERAL BELGRANO,CALAMUCHITA,CÓRDOBA,140286000,SELVA NEGRA 127 CENTRO VILLA GENERAL BELGRANO
979,COLEGIO SAGRADO CORAZON,COLEGIO SAGRADO CORAZON,CORDOBA,CAPITAL,CÓRDOBA,140289400,ROMA 1153 PUEYRREDON B? PUEYRREDON
980,COLEGIO SAGRADO CORAZON,COLEGIO SAGRADO CORAZON,VILLA DOLORES,SAN JAVIER,CÓRDOBA,140323800,HORMAECHE 375 JARDIN VILLA DOLORES
981,COLEGIO SAGRADO CORAZON,COLEGIO SAGRADO CORAZON,OLIVA,TERCERO ARRIBA,CÓRDOBA,140367400,CORTADA DON BOSCO 360 LA FERIA OLIVA
982,COLEGIO SAGRADO CORAZON,COLEGIO SAGRADO CORAZON,BERROTARAN,RIO CUARTO,CÓRDOBA,140435400,SARACHAGA  CENTRO BERROTARAN
983,COLEGIO SAGRADO CORAZON,COLEGIO SAGRADO CORAZON,DEAN FUNES,ISCHILIN,CÓRDOBA,140457900,OBISPO RAMON IRIBARNE 182 PLAZA BUSTAMANTE DEAN FUNES
984,COLEGIO SAGRADO CORAZON DE JESUS,COLEGIO SAGRADO CORAZON DE JESUS,CAMILO ALDAO,MARCOS JUAREZ,CÓRDOBA,140456300,ARISTOBULO DEL VALLE 550  CAMILO ALDAO
985,COLEGIO SAN AGUSTIN,COLEGIO SAN AGUSTIN,CORDOBA,CAPITAL,CÓRDOBA,140506200,PROVINCIAS VASCONGADAS 2410 COLON B° COLON
986,COLEGIO SAN ANTONIO,COLEGIO SAN ANTONIO,VILLA MARIA,GENERAL SAN MARTIN,CÓRDOBA,140365900,AVENIDA SABATTINI 141 CENTRO VILLA MARIA
987,COLEGIO SAN ANTONIO DE PADUA,COLEGIO SAN ANTONIO DE PADUA,CORDOBA,CAPITAL,CÓRDOBA,140129800,SAN JERONIMO 2051 SAN VICENTE B° SAN VICENTE
989,COLEGIO SAN BUENAVENTURA,COLEGIO SAN BUENAVENTURA,RIO CUARTO,RIO CUARTO,CÓRDOBA,140087800,LIBERTADOR GENERAL SAN MARTIN 250 CENTRO RIO CUARTO
990,COLEGIO SAN BUENAVENTURA,COLEGIO SAN BUENAVENTURA,CORDOBA,CAPITAL,CÓRDOBA,140434500,AV. DON BOSCO 5001 LAS PALMAS B° LAS PALMAS
991,COLEGIO SAN FRANCISCO DE ASIS,COLEGIO SAN FRANCISCO DE ASIS,SAN FRANCISCO,SAN JUSTO,CÓRDOBA,140302800,JUAN JOSE PASO 1650 VELEZ SARSFIELD SAN FRANCISCO
992,COLEGIO SAN JOSE,COLEGIO SAN JOSE,BELL VILLE,UNION,CÓRDOBA,140032900,BV. FIGUEROA ALCORTA 40 CENTRO BELL VILLE
993,COLEGIO SAN JOSE,COLEGIO SAN JOSE,VILLA ALLENDE,COLON,CÓRDOBA,140044800,JUSTO JOSE DE URQUIZA 465 CENTRO VILLA ALLENDE
994,COLEGIO SAN JOSE,COLEGIO SAN JOSE,SAN AGUSTIN,CALAMUCHITA,CÓRDOBA,140080000,VILLAFAÑE 1084  SAN AGUSTIN
996,COLEGIO SAN JOSE,COLEGIO SAN JOSE - CENTRO,CORDOBA,CAPITAL,CÓRDOBA,140292700,INDEPENDENCIA 302 CENTRO B° CENTRO
997,COLEGIO SAN JOSE,COLEGIO SAN JOSE - ALTO ALBERDI,CORDOBA,CAPITAL,CÓRDOBA,140457000,CASEROS 3055 ALTO ALBERDI B° ALTO ALBERDI
998,COLEGIO SAN JOSE,COLEGIO SAN JOSE,LA FALDA,PUNILLA,CÓRDOBA,140293200,AVENIDA PATRIA 250 CENTRO LA FALDA
999,COLEGIO SAN JOSE,COLEGIO SAN JOSE,LABOULAYE,PRESIDENTE ROQUE SAENZ PEÑA,CÓRDOBA,140298800,RIVADAVIA 245 CENTRO LABOULAYE
1000,COLEGIO SAN JOSE,COLEGIO SAN JOSE,VILLA DEL ROSARIO,RIO SEGUNDO,CÓRDOBA,140396600,SAN MARTIN 485  VILLA DEL ROSARIO
1001,COLEGIO SAN JOSE,COLEGIO SAN JOSE,TANTI,PUNILLA,CÓRDOBA,140411700,JUAN XIII 39 EL DIQUECITO TANTI
1005,COLEGIO SAN JOSE (S.R.L.),COLEGIO SAN JOSE (SRL),CORDOBA,CAPITAL,CÓRDOBA,140438200,SOL DE MAYO 726 ALTO ALBERDI B° ALTO ALBERDI
1006,COLEGIO SAN JOSE OBRERO,COLEGIO SAN JOSE OBRERO,CORDOBA,CAPITAL,CÓRDOBA,140158800,ARANI ESQ. PASAJE 17  VILLA EL LIBERTADOR B° VILLA EL LIBERTADOR
1007,COLEGIO SAN LUIS,COLEGIO SAN LUIS,CRUZ ALTA,MARCOS JUAREZ,CÓRDOBA,140444700,MAESTROS MAYO 963 BELGRANO CRUZ ALTA
1008,COLEGIO SAN LUIS GONZAGA,COLEGIO SAN LUIS GONZAGA,CORDOBA,CAPITAL,CÓRDOBA,140136800,SANTA ROSA 2035 ALTO ALBERDI B° ALTO ALBERDI
1009,COLEGIO SAN PABLO,COLEGIO SAN PABLO,LA CUMBRE,PUNILLA,CÓRDOBA,140264300,BARTOLOMÉ JAIME 1340 CRUZ GRANDE BARRIO CRUZ GRANDE - LA CUMBRE
1010,COLEGIO SAN PABLO APOSTOL,COLEGIO SAN PABLO APOSTOL,CORDOBA,CAPITAL,CÓRDOBA,140416100,ASTURIAS 1935 COLON B° COLON
1011,COLEGIO SAN PATRICIO,COLEGIO SAN PATRICIO,CORDOBA,CAPITAL,CÓRDOBA,140169500,AV. CIUDAD DE VALPARAISO 4140 JARDIN HIPODROMO B° JARDIN HIPODROMO
1012,COLEGIO SAN PEDRO APOSTOL,COLEGIO SAN PEDRO APOSTOL,CORDOBA,CAPITAL,CÓRDOBA,140434400,AVENIDA DEL PIAMONTE  CHATEAU CARRERAS B° CHATEAU CARRERAS
1013,COLEGIO SAN RAMON NONATO,COLEGIO SAN RAMON NONATO,CORDOBA,CAPITAL,CÓRDOBA,140286400,AV. PATRIA 282 ALTO GENERAL PAZ B° ALTOS GENERAL PAZ
1014,COLEGIO SAN ROQUE,COLEGIO SAN ROQUE,SANTA MARIA DE PUNILLA (ESTACION SANTA MARIA),PUNILLA,CÓRDOBA,140397600,LAVALLE 2730 VILLA BUSTOS SANTA MARIA DE PUNILLA
1015,COLEGIO SAN VICENTE DE PAUL,COLEGIO SAN VICENTE DE PAUL,ALTA GRACIA,SANTA MARIA,CÓRDOBA,140003300,SRTA EMA CEBALLOS 446 CORDOBA ALTA GRACIA
761,COLEGIO  SANTA ANA,COLEGIO SANTA ANA,CORDOBA,CAPITAL,CÓRDOBA,140430400,RICARDO ROJAS 7253 ARGUELLO B° ARGUELLO
1016,COLEGIO SANTA CLARA DE ASIS,COLEGIO SANTA CLARA DE ASIS,SALSIPUEDES,COLON,CÓRDOBA,140534500,JUAN XXIII 498 ARGUELLO SALSIPUEDES
1017,COLEGIO SANTA EUFRASIA,COLEGIO SANTA EUFRASIA,RIO CUARTO,RIO CUARTO,CÓRDOBA,140300100,MARIA OLGUIN 953 CENTRO RIO CUARTO
1018,COLEGIO SANTA INFANCIA,COLEGIO SANTA INFANCIA,CORDOBA,CAPITAL,CÓRDOBA,140332700,RIVADAVIA 725 CENTRO B° CENTRO ( MERCADO NORTE)
1019,COLEGIO SANTA JUANA DE ARCO,COLEGIO SANTA JUANA DE ARCO,CRUZ ALTA,MARCOS JUAREZ,CÓRDOBA,140438700,RIVADAVIA 999  CRUZ ALTA
1020,COLEGIO SANTA MARGARITA DE CORTONA,COLEGIO SANTA MARGARITA DE CORTONA,CORDOBA,CAPITAL,CÓRDOBA,140336100,LOPEZ Y PLANES 2958 SAN VICENTE B° SAN VICENTE
1021,COLEGIO SANTA MARIA DE CERVELLON,COLEGIO SANTA MARIA DE CERVELLON,ARROYITO,SAN JUSTO,CÓRDOBA,140324400,9 DE JULIO 465 CENTRO ARROYITO
1023,COLEGIO SANTA TERESA DE JESUS,COLEGIO SANTA TERESA DE JESUS,CORDOBA,CAPITAL,CÓRDOBA,140310600,OBISPO TREJO 160 CENTRO B° CENTRO
1024,COLEGIO SANTA TERESITA,COLEGIO SANTA TERESITA,CORDOBA,CAPITAL,CÓRDOBA,140013000,AVENIDA ENRIQUE BODEREAU 8168 VILLA SERRANA
1025,COLEGIO SANTA TERESITA,COLEGIO SANTA TERESITA,BALNEARIA,SAN JUSTO,CÓRDOBA,140444200,SAN JOSE 16  BALNEARIA
1026,COLEGIO SANTA TERESITA DEL NIÑO JESUS,COLEGIO SANTA TERESITA DEL NIÑO JESUS,FREYRE,SAN JUSTO,CÓRDOBA,140426200,BV 12 DE OCTUBRE 681 CIRCUNVALACION FREYRE
1027,COLEGIO SANTIAGO RAMON Y CAJAL,COLEGIO SANTIAGO RAMON Y CAJAL,TANCACHA,TERCERO ARRIBA,CÓRDOBA,140155100,CORDOBA 654 CENTRO TANCACHA
1028,COLEGIO SANTISIMA TRINIDAD,COLEGIO SANTISIMA TRINIDAD,CORDOBA,CAPITAL,CÓRDOBA,140227400,BLAMEY LAFORE 1248 SAN RAFAEL B° SAN RAFAEL
1029,COLEGIO SANTO DOMINGO,COLEGIO SANTO DOMINGO,VILLA DE SOTO,CRUZ DEL EJE,CÓRDOBA,140440500,JOSE IGNACIO PERALTA 249 SAN MARTIN VILLA DE SOTO
1030,COLEGIO SANTO DOMINGO,COLEGIO SANTO DOMINGO,CORDOBA,CAPITAL,CÓRDOBA,140518200,ALVEAR 270 CENTRO B° CENTRO
1031,COLEGIO SANTO TOMAS,COLEGIO SANTO TOMAS,CORDOBA,CAPITAL,CÓRDOBA,140397300,CASEROS 745 ALBERDI B° ALBERDI
1032,COLEGIO SANTOS ANGELES CUSTODIOS,COLEGIO SANTOS ANGELES CUSTODIOS,RIO CUARTO,RIO CUARTO,CÓRDOBA,140153100,Eduardo Jenner 500 BANDA NORTE RIO CUARTO
1033,COLEGIO SECUNDARIO EVANGELICO HAROLDO ANDENMATTEN,COLEGIO SECUNDARIO EVANGELICO HAROLDO ANDENMATTEN,CORDOBA,CAPITAL,CÓRDOBA,140557500,PEDRO ZANNI 930 VILLA PAEZ BARRIO VILLA PAEZ
1034,COLEGIO SOR MARIA ANTONIA DE PAZ Y FIGUEROA,COLEGIO SOR MARIA ANTONIA DE PAZ Y FIGUEROA,CORDOBA,CAPITAL,CÓRDOBA,140430800,Altolaguirre 1997 YOFRE NORTE frente clavario de la Parroquia Nstra. Sra. de la Salette
1035,COLEGIO SUPERIOR PRESIDENTE ROQUE SAENZ PEÑA,COLEGIO SUPERIOR PRESIDENTE ROQUE SAENZ PEÑA,COSQUIN,PUNILLA,CÓRDOBA,140262900,SAN MARTIN 394 CENTRO COSQUIN
1036,COLEGIO SUPERIOR SAN MARTIN,COLEGIO SUPERIOR SAN MARTIN,SAN FRANCISCO,SAN JUSTO,CÓRDOBA,140321300,PJE. CHAMPAGNAT (SUR) 57 CENTRO SAN FRANCISCO
1037,COLEGIO SUPERIOR SAN MARTIN ANEXO BALNEARIA,COLEGIO SUPERIOR SAN MARTIN ANEXO BALNEARIA,BALNEARIA,SAN JUSTO,CÓRDOBA,140321301,SAN JOSE 66  BALNEARIA
762,COLEGIO  SYRIA POLETTI,COLEGIO SYRIA POLETTI,CORDOBA,CAPITAL,CÓRDOBA,140071100,OBISPO ECHENIQUE ALTAMIRA 3105 IPONA
1038,COLEGIO TECNOLOGICO ISAAC NEWTON,COLEGIO TECNOLOGICO ISAAC NEWTON,CORDOBA,CAPITAL,CÓRDOBA,140531000,MOLINO DE TORRES 6635 VILLA WARCALDE B° VILLA WARCALDE
1039,COLEGIO THOMAS EDISON,COLEGIO THOMAS EDISON,BIALET MASSE,PUNILLA,CÓRDOBA,140576200,RIO NEGRO  870 PLAYAS DE ORO DEL LAGO BIALET MASSE
1040,COLEGIO UNIDAD EDUCATIVA EL SEMBRADOR,COLEGIO UNIDAD EDUCATIVA EL SEMBRADOR,MINA CLAVERO,SAN ALBERTO,CÓRDOBA,140435300,MERLO 700 VILLA LUJAN MINA CLAVERO
1041,COLEGIO VICTOR MERCANTE,COLEGIO VICTOR MERCANTE,VILLA MARIA,GENERAL SAN MARTIN,CÓRDOBA,140473600,DR.ANTONIO SOBRAL 378 CENTRO VILLA MARIA
1042,COLEGIO VIRGEN NIÑA,COLEGIO VIRGEN NIÑA,JUSTINIANO POSSE,UNION,CÓRDOBA,140458300,25 DE MAYO 978 CENTRO JUSTINIANO POSSE - PLAZA MANUEL BELGRANO
1043,COMANDANTE ANDRESITO,COMANDANTE ANDRESITO,COLONIA CAMPO ALBANO,JUAREZ CELMAN,CÓRDOBA,140125900,CALLE PUBLICA S/N°   COLONIA CAMPO ALBANO P/SANTA EUFEMIA
1044,COMBATE DE SAN LORENZO,COMBATE DE SAN LORENZO,COLONIA MADRESELVA,SAN JUSTO,CÓRDOBA,140192500,CALLE PUBLICA S/N°   COLONIA LA MADRESELVA P/BALNEARIA
1045,COMBATE DE SAN LORENZO,COMBATE DE SAN LORENZO,CAMPO MENDOZA,SAN JUSTO,CÓRDOBA,140310100,CALLE PUBLICA S/N   CAMPO MENDOZA P/SATURNINO MA.LASPIUR
1046,COMUNIDAD EDUCATIVA ATICA,COMUNIDAD EDUCATIVA ATICA,RIO CUARTO,RIO CUARTO,CÓRDOBA,140544300,ISABEL LA CATOLICA 735 BANDA NORTE RIO CUARTO
1047,CONGRESO DE TUCUMAN,CONGRESO DE TUCUMAN,COLONIA SAN RAFAEL,RIO PRIMERO,CÓRDOBA,140008400,CALLE PUBLICA   SEDE DE INSPECCIÓN
1048,CONGRESO DE TUCUMAN,CONGRESO DE TUCUMAN,LA SARA,RIO CUARTO,CÓRDOBA,140059400,CALLE PUBLICA   COLONIA LA SARA P/CNEL.MOLDES
1049,CONGRESO DE TUCUMAN,CONGRESO DE TUCUMAN,CAMPO SAN ROQUE,TULUMBA,CÓRDOBA,140175900,CALLE PUBLICA S/N    CAMPO SAN ROQUE P/LAS ARRIAS
1050,CONSERVATORIO DE MUSICA HECTOR PANIZZA,CONSERVATORIO DE MUSICA HECTOR PANIZZA,LAGUNA LARGA,RIO SEGUNDO,CÓRDOBA,140255500,AV GRAL PAZ 748 CENTRO LAGUNA LARGA
1051,CONSERVATORIO PROVINCIAL DE MUSICA ALBERTO GINASTERA,CONSERVATORIO PROVINCIAL DE MUSICA ALBERTO GINASTERA,VILLA DEL ROSARIO,RIO SEGUNDO,CÓRDOBA,140117600,MONSEÑOR LINDOR FERREYRA 753 CENTRO VILLA DEL ROSARIO
1052,CONSERVATORIO SUPERIOR DE MUSICA ARTURO BERUTTI,CONSERVATORIO SUPERIOR DE MUSICA ARTURO BERUTTI,SAN FRANCISCO,SAN JUSTO,CÓRDOBA,140110100,AV. DE LA UNIVERSIDAD 159 LAS ROSAS SAN FRANCISCO
1053,CONSERVATORIO SUPERIOR DE MUSICA CARLOS GIRAUDO,CONSERVATORIO SUPERIOR DE MUSICA CARLOS GIRAUDO,MARCOS JUAREZ,MARCOS JUAREZ,CÓRDOBA,140525300,BELGRANO 1248 CENTRO MARCOS JUAREZ
1054,CONSERVATORIO SUPERIOR DE MUSICA FELIPE BOERO,CONSERVATORIO SUPERIOR DE MUSICA FELIPE BOERO,VILLA MARIA,GENERAL SAN MARTIN,CÓRDOBA,140392700,BV. ESPAÑA 1174 CENTRO VILLA MARIA
1055,CONSERVATORIO SUPERIOR DE MUSICA FELIX TOMAS GARZON,CONSERVATORIO SUPERIOR DE MUSICA FELIX TOMAS GARZON,CORDOBA,CAPITAL,CÓRDOBA,140268500,AV. PABLO RICHIERI 2200 ROGELIO MARTINEZ B° ROGELIO MARTINEZ-CIUDAD DE LAS ARTES
1056,CONSERVATORIO SUPERIOR DE MUSICA GILARDO GILARDI,CONSERVATORIO SUPERIOR DE MUSICA GILARDO GILARDI,BELL VILLE,UNION,CÓRDOBA,140032800,AV. FAUSTINO MOLINA S/N  ROSEDAL BELL VILLE
1057,CONSERVATORIO SUPERIOR DE MUSICA JUAN JOSE CASTRO,CONSERVATORIO SUPERIOR DE MUSICA JUAN JOSE CASTRO,RIO TERCERO,TERCERO ARRIBA,CÓRDOBA,140121400,DEAN FUNES 175 CENTRO RIO TERCERO
1058,CONSERVATORIO SUPERIOR DE MUSICA JULIAN AGUIRRE,CONSERVATORIO SUPERIOR DE MUSICA JULIAN AGUIRRE,RIO CUARTO,RIO CUARTO,CÓRDOBA,140177400,CORDOBA 960 BANDA NORTE RIO CUARTO
1059,CONSERVATORIO SUPERIOR DE MUSICA LUIS GIANNEO,CONSERVATORIO SUPERIOR DE MUSICA LUIS GIANNEO,CRUZ DEL EJE,CRUZ DEL EJE,CÓRDOBA,140252100,ALSINA 75 CENTRO CRUZ DEL EJE
1060,CONSTANCIO C. VIGIL,CONSTANCIO C VIGIL,CAÑADA DEL TALA,TULUMBA,CÓRDOBA,140084000,CALLE PUBLICA S/N°   CAÑADA DEL TALA P/LAS ARRIAS
1061,CONSTANCIO C. VIGIL,CONSTANCIO C VIGIL,TIO PUJIO,GENERAL SAN MARTIN,CÓRDOBA,140119200,CALLE PUBLICA S/N    CAMPO TIBALDI P/TIO PUJIO
1062,CONSTANCIO CECILIO VIGIL,CONSTANCIO CECILIO VIGIL,CAMPO SANTA ELENA,UNION,CÓRDOBA,140202800,CALLE PUBLICA S/N    CAMPO SANTA ELENA P/LABORDE
1063,CONSTANCIO VIGIL,CONSTANCIO VIGIL,POZO EL CHAYA,SAN JUSTO,CÓRDOBA,140191400,CALLE PUBLICA S/N    POZO DEL CHAJA P/LA FRANCIA
1064,COOPERATIVISMO ARGENTINO DOCTOR RAMON BAUTISTA MESTRE,COOPERATIVISMO ARGENTINO DOCTOR RAMON BAUTISTA MESTRE,CORDOBA,CAPITAL,CÓRDOBA,140174500,MARIO BRAVO ESQ. PASAJE MATHEU 5030 RENACIMIENTO BARRIO RENACIMIENTO
1065,CORAZON INMACULADO DE MARIA,CORAZON INMACULADO DE MARIA,ANIZACATE,SANTA MARIA,CÓRDOBA,140554300,BOSQUE ALEGRE S/N°  VILLA PARQUE EL AROMO ANISACATE
1066,CORNELIO SAAVEDRA,CORNELIO SAAVEDRA,EL MIRADOR,SAN ALBERTO,CÓRDOBA,140051200,CALLE PUBLICA   EL MIRADOR P/RUTA Nº 15
1067,CORNELIO SAAVEDRA,CORNELIO SAAVEDRA,POTRERO DEL ESTADO,SANTA MARIA,CÓRDOBA,140106100,CAMINO A LOS MOLINOS - RUTA 36 KM 17  ZONA RURAL POR RUTA 36 KM. 17 CAMINO LOS MOLINOS
1068,CORNELIO SAAVEDRA,CORNELIO SAAVEDRA,COLONIA LA MONONA,JUAREZ CELMAN,CÓRDOBA,140109400,CALLE PUBLICA S/N°   COLONIA LA MONONA P/HUANCHILLA
1069,CORNELIO SAAVEDRA,CORNELIO SAAVEDRA,CAMPO LA SALADA,SAN JUSTO,CÓRDOBA,140151200,CALLE PUBLICA S/N    CAMPO LA SALADA P/EL ARAÑADO
1070,CORNELIO SAAVEDRA,CORNELIO SAAVEDRA,ARROYO ALGODON,GENERAL SAN MARTIN,CÓRDOBA,140182000,CALLE PUBLICA S/Nº   CAMPO LA RINCONADA (P/ARROYO ALGODON ZONA RURAL)
1071,CORNELIO SAAVEDRA,CORNELIO SAAVEDRA,SANTA CRUZ,TULUMBA,CÓRDOBA,140369000,CALLE PUBLICA   SANTA CRUZ P/DEAN FUNES(RUTA 18)CAMINO A SAN PEDRO NORTE
1072,CORONEL ANTONINO BAIGORRIA,CORONEL ANTONINO BAIGORRIA,VILLA SANTA EUGENIA,RIO CUARTO,CÓRDOBA,140376300,CALLE PUBLICA   VILLA SANTA EUGENIA P/ALPA CORRAL
1073,CORONEL BENITO MACHADO,CORONEL BENITO MACHADO,EL CAMPITO,GENERAL ROCA,CÓRDOBA,140215700,CALLE PUBLICA S/N    EL CAMPITO P/RUTA 10 A PINCEN
1074,CRISTOBAL COLON,CRISTOBAL COLON,LAS 4 ESQUINAS,GENERAL SAN MARTIN,CÓRDOBA,140087600,PROLONG.CALLE BS.AS.   LAS 4 ESQUINAS P/VILLA MARIA
1075,CURA BROCHERO,CURA BROCHERO,PUESTO DEL GALLO,CRUZ DEL EJE,CÓRDOBA,140385900,CALLE PUBLICA   PUESTO DEL GALLO(RUTA PCIAL A 75) P/MEDIA NARANJA
1076,CURA BROCHERO,CURA BROCHERO,LAS MARAVILLAS,TULUMBA,CÓRDOBA,140403200,CALLE PUBLICA   LAS MARAVILLAS P/LAS ARRIAS
1077,DALMACIO VELEZ SARSFIELD,DALMACIO VELEZ SARSFIELD,CAÑADA DE SALAS,POCHO,CÓRDOBA,140033500,CALLE PUBLICA  SIN IDENTIFICAR CAÑADA DE SALAS P/SALSACATE
1078,DALMACIO VELEZ SARSFIELD,DALMACIO VELEZ SARSFIELD,SANTA FLORA,RIO CUARTO,CÓRDOBA,140168900,CALLE PUBLICA S/N°   SANTA FLORA (PASANDO POR EL AUTODROMO CAMINO A SAN BASILIO)
1079,DALMACIO VELEZ SARSFIELD,DALMACIO VELEZ SARSFIELD,CASEROS ESTE,SANTA MARIA,CÓRDOBA,140317300,Ruta Nacional 9 - Km 608   CASEROS ESTE P/RUTA NAC.N° 9 SUR KM 680
1080,DEAN FUNES,DEAN FUNES,DE LA SERNA,GENERAL ROCA,CÓRDOBA,140401400,CALLE PUBLICA S/N°   DE LA SERNA P/DEL CAMPILLO
1081,DEAN GREGORIO FUNES,DEAN GREGORIO FUNES,NO FIGURA EN TABLA,GENERAL SAN MARTIN,CÓRDOBA,140087100,CALLE PUBLICA S/N    CAMPO LOS RANQUELES P/ARROYO ALGODON
1082,DEAN GREGORIO FUNES,DEAN GREGORIO FUNES,CAMPO LA ZULEMA,JUAREZ CELMAN,CÓRDOBA,140170800,CALLE PUBLICA S/N    CAMPO LA ZULEMA P/UCACHA
1083,DEAN GREGORIO FUNES,DEAN GREGORIO FUNES,LA BATEA,CRUZ DEL EJE,CÓRDOBA,140383300,CALLE PUBLICA   LA BATEA
1084,DELICIA ANDREA HERRERA OLIVA DE SOSA,DELICIA ANDREA HERRERA OLIVA DE SOSA,EL BARRIAL,TULUMBA,CÓRDOBA,140149400,CALLE PUBLICA   EL BARRIAL P/DEAN FUNES
1085,DIEGO DE FUNES,DIEGO DE FUNES,LOS MOLLES,POCHO,CÓRDOBA,140033200,RUTA PROVINCIAL N°14   LOS MOLLES P/VILLA DE POCHO
1086,DOCTOR ALFREDO ORGAZ,DOCTOR ALFREDO ORGAZ,CORDOBA,CAPITAL,CÓRDOBA,140293600,3 DE JUNIO 2600 AMPLIACION SAN JORGE B°AMPLIACION SAN JORGE
1087,DOCTOR AMADEO SABATTINI,DOCTOR AMADEO SABATTINI,ISLETA CABRAL,GENERAL SAN MARTIN,CÓRDOBA,140018500,CALLE PUBLICA S/N°   ISLETA CABRAL - P/ARROYO CABRAL
1088,DOCTOR AMADEO SABATTINI,DOCTOR AMADEO SABATTINI,BAJO DE LOS POLEOS,POCHO,CÓRDOBA,140054000,CALLE PUBLICA S/N°   BAJO DE LOS POLEOS
1089,DOCTOR AMADEO SABATTINI,DOCTOR AMADEO SABATTINI,SAN ROQUE,PUNILLA,CÓRDOBA,140294200,Ruta E-55 Km 24 s/n°  DIQUE SAN ROQUE RUTA PROV.E-55/PAREDON DIQUE SAN ROQUE
1090,DOCTOR ANTONIO SOBRAL,DOCTOR ANTONIO SOBRAL,CORDOBA,CAPITAL,CÓRDOBA,140001000,CALLE PUBLICA S/N   PARQUE DEL ESTE B° EX SANGRE Y SOL (CNO. a CHACRA DE LA MERCED KM 2)
1134,DR. ANTONIO SOBRAL,DOCTOR ANTONIO SOBRAL,CAMPO SCARAMUZZA,RIO SEGUNDO,CÓRDOBA,140167600,CALLE PUBLICA S/N°   CAMPO SCARAMUZZA P/ONCATIVO
1091,DOCTOR ARTURO CAPDEVILA,DOCTOR ARTURO CAPDEVILA,CHALACEA,RIO PRIMERO,CÓRDOBA,140055300,MAESTRO MARIÑO S/N   CHALACEA
1135,DR. CARLOS BECERRA,DOCTOR CARLOS BECERRA,CORDOBA,CAPITAL,CÓRDOBA,140000600,JUAN GAONA 1283 LOS PLATANOS B° LOS PLATANOS
1092,DOCTOR CARLOS SAAVEDRA LAMAS,DOCTOR CARLOS SAAVEDRA LAMAS,CAMPO LA PIEDRA,RIO CUARTO,CÓRDOBA,140180800,CALLE PUBLICA S/N°   CAMPO LA PIEDRA P/LAS ALBAHACAS
1093,DOCTOR CESAR ENRIQUE ROMERO,DOCTOR CESAR ENRIQUE ROMERO,CORDOBA,CAPITAL,CÓRDOBA,140226400,EL DORADO 6052 SACHI B° SACHI
1136,DR. DALMACIO VELEZ SARDFIELD,DOCTOR DALMACIO VELEZ SARDFIELD,EL DIECISEIS,CRUZ DEL EJE,CÓRDOBA,140106600,CALLE PUBLICA   EL DIECISEIS P/SERREZUELA
1094,DOCTOR DALMACIO VELEZ SARSFIELD,DOCTOR DALMACIO VELEZ SARSFIELD,COLONIA EL TORO,RIO CUARTO,CÓRDOBA,140179600,CALLE PUBLICA S/N°   COLONIA EL TORO P/CORONEL MOLDES
1095,DOCTOR DALMACIO VELEZ SARSFIELD,DOCTOR DALMACIO VELEZ SARSFIELD,CAPILLA DE LOS REMEDIOS,RIO PRIMERO,CÓRDOBA,140233900,CALLE PUBLICA   PARAJE DIAZ P/CAPILLA DE LOS REMEDIOS
1137,DR. DALMACIO VELEZ SARSFIELD,DOCTOR DALMACIO VELEZ SARSFIELD,AMBOY,CALAMUCHITA,CÓRDOBA,140012800,CALLE PUBLICA S/N   AMBOY
1138,DR. DALMACIO VELEZ SARSFIELD,DOCTOR DALMACIO VELEZ SARSFIELD,COLONIA EL NOY,PRESIDENTE ROQUE SAENZ PEÑA,CÓRDOBA,140143500,CALLE PUBLICA S/N   COLONIA EL NOY P/GENERAL LEVALLE
1096,DOCTOR DONATO LATELLA FRIAS,DOCTOR DONATO LATELLA FRIAS,CORDOBA,CAPITAL,CÓRDOBA,140163000,EUSTAQUIO DIAZ VELEZ 2500 PATRICIOS ESTE B° PATRICIOS ESTE
1097,DOCTOR EMILIO BAQUERO LAZCANO,DOCTOR EMILIO BAQUERO LAZCANO,CORDOBA,CAPITAL,CÓRDOBA,140095500,DOMINGO IROS 550 VILLA URQUIZA B° VILLA URQUIZA(DOMINGO IROS ESQ. HUMBERTO 1º)
1098,DOCTOR EMILIO BAQUERO LAZCANO ANEXO EN ESCUELA SUPERIOR DE COMERCIO MANUEL BELGRANO,DOCTOR EMILIO BAQUERO LAZCANO ANEXO EN ESCUELA SUPERIOR DE COMERCIO MANUEL BELGRANO,CORDOBA,CAPITAL,CÓRDOBA,140095501,LA RIOJA  1450 ALBERDI B° ALBERDI (ENTRE SANTA FE Y CHUBUT)
1139,DR. ENRIQUE RODRIGUEZ,DOCTOR ENRIQUE RODRIGUEZ,LA LAGUNA,CRUZ DEL EJE,CÓRDOBA,140468000,CAMINO VECINAL POR VILLA DE SOTO   LA LAGUNA
1099,DOCTOR ERNESTO MOLINARI ROMERO,DOCTOR ERNESTO MOLINARI ROMERO,CORDOBA,CAPITAL,CÓRDOBA,140332600,PAMPAYASTA ESQ. RUMIPAL  PARQUE SAN CARLOS
1140,DR. ERNESTO MOLINARI ROMERO,DOCTOR ERNESTO MOLINARI ROMERO,EL BARRIALITO,CRUZ DEL EJE,CÓRDOBA,140166400,CALLE PUBLICA   EL BARRILITO
1100,DOCTOR FIGUEROA ALCORTA,DOCTOR FIGUEROA ALCORTA,COLONIA LA PROVIDENCIA,RIO CUARTO,CÓRDOBA,140200100,CALLE PUBLICA S/N°   COLONIA LA PROVIDENCIA P/CARNERILLO
1101,DOCTOR HORACIO GARCIA,DOCTOR HORACIO GARCIA,CORDOBA,CAPITAL,CÓRDOBA,140282800,TABACUE  VILLA CORNU B° VILLA CORNU
1102,DOCTOR HORACIO GARCIA ANEXO B° MECANTIL,DOCTOR HORACIO GARCIA ANEXO B MECANTIL,CORDOBA,CAPITAL,CÓRDOBA,140282802,ONOFRE MARIMON 7400 MERCANTIL B° MERCANTIL(CENTRO DE ENCUENTRO BARRIAL)
1103,DOCTOR HORACIO GARCIA ANEXO COOPERATIVA 3 DE NOVIEMBRE,DOCTOR HORACIO GARCIA ANEXO COOPERATIVA 3 DE NOVIEMBRE,CORDOBA,CAPITAL,CÓRDOBA,140282801,MANZANA 2 LOTE 28  COOPERATIVA 3 DE NOVIEMBRE B°COOPERATIVA 3 DE NOVIEMBRE
1104,DOCTOR JESUS VIDAL,DOCTOR JESUS VIDAL,LAS TOSCAS,SAN ALBERTO,CÓRDOBA,140038000,CALLE PUBLICA   LAS TOSCAS
1105,DOCTOR JORGE ORGAZ,DOCTOR JORGE ORGAZ,CORDOBA,CAPITAL,CÓRDOBA,140027400,LAGUNA LARGA  8900 VILLA RIVERA INDARTE B° VILLA RIVERA INDARTE
1106,DOCTOR JOSE HILARIO MARTINEZ CASTRO,DOCTOR JOSE HILARIO MARTINEZ CASTRO,COLONIA ESPERANZA,UNION,CÓRDOBA,140355300,CALLE PUBLICA S/N   COLONIA ESPERANZA P/MORRISON
1107,DOCTOR JUAN B. JUSTO,DOCTOR JUAN B JUSTO,CORDOBA,CAPITAL,CÓRDOBA,140343500,ISIDORO MARSAL 4100 VILLA SIBURU B°VILLA SIBURU
1141,DR. JUAN JOSE CASTELLI,DOCTOR JUAN JOSE CASTELLI,LOS CERRILLOS,ISCHILIN,CÓRDOBA,140081400,CONGRESO 580 LOS CERRILLOS DEAN FUNES
1108,DOCTOR LUIS FEDERICO LELOIR (EX.NAC.Nº 424),DOCTOR LUIS FEDERICO LELOIR (EX NACIONAL 424),PUESTO DE FIERRO,TULUMBA,CÓRDOBA,140217700,CALLE PUBLICA S/N°   PUESTO DE FIERRO P/ LAS ARRIAS
1142,DR. LUIS ORLANDINI,DOCTOR LUIS ORLANDINI,ESTANCIA LA COLORADA,GENERAL ROCA,CÓRDOBA,140364000,CALLE PUBLICA   ESTANCIA LA COLORADA(RUTA NAC.35)P/CNIA.MARIA ANGELICA
1109,DOCTOR NICOLAS AVELLANEDA,DOCTOR NICOLAS AVELLANEDA,SAN SEVERO,UNION,CÓRDOBA,140353500,CALLE PUBLICA S/N   SAN SEVERO
1110,DOCTOR PEDRO CARANDE CARRO,DOCTOR PEDRO CARANDE CARRO,CORDOBA,CAPITAL,CÓRDOBA,140259900,ENRIQUE MARTINEZ PAZ 80 CENTRO AMERICA B° CENTRO AMERICA
1111,DOCTOR RAUL FERNANDEZ,DOCTOR RAUL FERNANDEZ,CORDOBA,CAPITAL,CÓRDOBA,140074500,CRUZ ALTA 8500 VILLA ALLENDE PARQUE
1143,DR. RODOLFO DE FERRARI RUEDA,DOCTOR RODOLFO DE FERRARI RUEDA,RIO SECO,RIO CUARTO,CÓRDOBA,140387800,CALLE PUBLICA S/N   RIO SECO (DPTO.RIO IV-Municipio ALPA CORRAL)
1144,DR. SANTIAGO DERQUI,DOCTOR SANTIAGO DERQUI,COLONIA PROSPERIDAD,SAN JUSTO,CÓRDOBA,140310300,JUAREZ CELMAN 357  COLONIA PROSPERIDAD
1112,DOLORES AGUIRRE DE FUNES,DOLORES AGUIRRE DE FUNES,VILLA DOLORES,SAN JAVIER,CÓRDOBA,140480600,PEDRO C. MOLINA  TRADICION VILLA DOLORES
1113,DOMINGO FAUSTINO SARMIENTO,DOMINGO FAUSTINO SARMIENTO,AGUA DEL CRESPIN,CRUZ DEL EJE,CÓRDOBA,140029800,CALLE PUBLICA   CAMINO VECINAL AGUA DE CRESPIN
1114,DOMINGO FAUSTINO SARMIENTO,DOMINGO FAUSTINO SARMIENTO,CAMPO LOS PRADOS,GENERAL SAN MARTIN,CÓRDOBA,140086800,CALLE PUBLICA S/N    CAMPO LOS PRADOS P/VILLA MARIA
1115,DOMINGO FAUSTINO SARMIENTO,DOMINGO FAUSTINO SARMIENTO,ASSUNTA,JUAREZ CELMAN,CÓRDOBA,140108900,CALLE PUBLICA S/N   ASSUNTA
1116,DOMINGO FAUSTINO SARMIENTO,DOMINGO FAUSTINO SARMIENTO,PAVIN,JUAREZ CELMAN,CÓRDOBA,140109300,RUTA PROVINCIAL 86   ESTACION PAVIN P/ HUANCHILLA
1117,DOMINGO FAUSTINO SARMIENTO,DOMINGO FAUSTINO SARMIENTO,EL ZAPALLAR,RIO SECO,CÓRDOBA,140123900,CALLE PUBLICA   EL ZAPALLAR P/LA RINCONADA
1118,DOMINGO FAUSTINO SARMIENTO,DOMINGO FAUSTINO SARMIENTO,POZO DE LAS YEGUAS,RIO SEGUNDO,CÓRDOBA,140164900,CALLE PUBLICA S/N°   POZO DE LAS YEGUAS P/LOS CHAÑARITOS
1119,DOMINGO FAUSTINO SARMIENTO,DOMINGO FAUSTINO SARMIENTO,POTRO MUERTO,UNION,CÓRDOBA,140172400,CALLE PUBLICA S/N   PARAJE POTRO MUERTO
1120,DOMINGO FAUSTINO SARMIENTO,DOMINGO FAUSTINO SARMIENTO,COLONIA SANTA PAULA,JUAREZ CELMAN,CÓRDOBA,140195400,CALLE PUBLICA S/N    COLONIA SANTA PAULA P/CARNERILLO
1121,DOMINGO FAUSTINO SARMIENTO,DOMINGO FAUSTINO SARMIENTO,JOVITA,GENERAL ROCA,CÓRDOBA,140214600,GENERAL PAZ 249 CENTRO JOVITA
1122,DOMINGO FAUSTINO SARMIENTO,DOMINGO FAUSTINO SARMIENTO,EL QUEMADO,POCHO,CÓRDOBA,140274000,CALLE PUBLICA S/N°   EL QUEMADO P/CHANCANI
1123,DOMINGO FAUSTINO SARMIENTO,DOMINGO FAUSTINO SARMIENTO,VILLA ROSARIO DEL SALADILLO,TULUMBA,CÓRDOBA,140375200,JAVIER GARCIA   VILLA ROSARIO DEL SALADILLO P/LAS ARRIAS
1124,DOMINGO FAUSTINO SARMIENTO,DOMINGO FAUSTINO SARMIENTO,LAS GAMAS,RIO CUARTO,CÓRDOBA,140385200,CALLE PUBLICA S/N°   CAMPO LAS GAMAS P/BERROTARAN
1125,DOMINGO FAUSTINO SARMIENTO,DOMINGO FAUSTINO SARMIENTO,COLONIA LA PROVIDENCIA,PRESIDENTE ROQUE SAENZ PEÑA,CÓRDOBA,140389100,CALLE PUBLICA S/N    COLONIA LA PROVIDENCIA
1126,DOMINGO FAUSTINO SARMIENTO,DOMINGO FAUSTINO SARMIENTO,EL MOJON,RIO SECO,CÓRDOBA,140419100,CALLE PUBLICA   EL MOJON P/SEBASTIAN EL CANO
1127,DOMINGO FAUSTINO SARMIENTO ( ED.COMUN Y ADULTOS),DOMINGO FAUSTINO SARMIENTO (EDUCACION COMUN Y ADULTOS),CORDOBA,CAPITAL,CÓRDOBA,140016000,ABARCA Y VELAZCO 5267 JOSE IGNACIO DIAZ 5º SECCION B°JOSE IGNACIO DIAZ 5° SECCION
1128,DOMINGO FAUSTINO SARMIENTO ( ED.COMUN Y ADULTOS)ANEXO PARQUE EDUCATIVO ESTE,DOMINGO FAUSTINO SARMIENTO (EDUCACION COMUN Y ADULTOS) ANEXO PARQUE EDUCATIVO ESTE,CORDOBA,CAPITAL,CÓRDOBA,140016003,NORBERTO DE LA RIESTRA S/N  CAMPO de la RIBERA B° CAMPO DE LA RIBERA
1129,DOMINGO FAUSTINO SARMIENTO ANEXO CENTRO DE CAPACITACION EN TRANSPORTE Y TRANSITO,DOMINGO FAUSTINO SARMIENTO ANEXO CENTRO DE CAPACITACION EN TRANSPORTE Y TRANSITO,CORDOBA,CAPITAL,CÓRDOBA,140016001,17 DE JULIO S/N°  FERROVIARIO MITRE B°FERROVIARIO MITRE
1130,DOMINGO FRENCH,DOMINGO FRENCH,CABALANGO,PUNILLA,CÓRDOBA,140078100,EL CHAÑAR 69  CABALANGO
1131,DOMINGO FRENCH,DOMINGO FRENCH,SANTA ISABEL,RIO SECO,CÓRDOBA,140208200,CALLE PUBLICA S/N°   SANTA ISABEL -VILLA CANDELARIA NORTE
1132,DOMINGO FRENCH,DOMINGO FRENCH,VILLA DE POCHO,POCHO,CÓRDOBA,140274300,CALLE PUBLICA   VILLA DE POCHO
1133,DOMINGO MATHEU,DOMINGO MATHEU,LA BREA,CRUZ DEL EJE,CÓRDOBA,140166600,CALLE PUBLICA S/N   LA BREA P/TUCLAME
1145,EDUARDO PEREZ BULNES,EDUARDO PEREZ BULNES,LAS BANDURRIAS,RIO PRIMERO,CÓRDOBA,140055100,CAMINO T 376 - 13   LAS BANDURRIAS NORTE
1146,EDUARDO SIVORI,EDUARDO SIVORI,LOS HORMIGUEROS,CRUZ DEL EJE,CÓRDOBA,140197600,RUTA PROV. A  83   LOS HORMIGUEROS P/RUTA PROV. A  83
1147,EJERCITO ARGENTINO,EJERCITO ARGENTINO,EL DURAZNO,TULUMBA,CÓRDOBA,140068300,CALLE PUBLICA   EL DURAZNO P/LAS ARRIAS
1148,EL MUNDO DE LOS CHICOS,EL MUNDO DE LOS CHICOS,SANTA ROSA DE CALAMUCHITA,CALAMUCHITA,CÓRDOBA,140517600,GÜEMES 162 CENTRO SANTA ROSA DE CALAMUCHITA
1149,ELEANOR ROOSEVELT,ELEANOR ROOSEVELT,ABRA DEL MANZANO,SAN JUSTO,CÓRDOBA,140191800,CALLE PUBLICA S/N°   ABRA DEL MANZANO P/VILLA CONCEP.DEL TIO
1150,ELENA MAGGI,ELENA MAGGI,ESTACION ACHIRAS,RIO CUARTO,CÓRDOBA,140153900,CALLE PUBLICA S/N   ESTACION ACHIRAS P/ ACHIRAS
1151,ELISEO GARCIA,ELISEO GARCIA,LA VICTORIA,SAN JUSTO,CÓRDOBA,140149800,CALLE PUBLICA   CAMPO LA VICTORIA P/EL TIO
1152,ELOISA PAYGES,ELOISA PAYGES,LA MESADA,COLON,CÓRDOBA,140224900,CALLE PUBLICA   LA MESADA (P/LA CALERA- CNO. A SAN FERNANDO)
1153,ENRIQUE EPAMINONDA PESCARMONA,ENRIQUE EPAMINONDA PESCARMONA,CERRO PELADO,CALAMUCHITA,CÓRDOBA,140119300,CALLE PUBLICA S/N°   CERRO PELADO P/AMBOY
1245,ESCRIBANO JUAN ANTONIO PAREDES,ESCRIBANO JUAN ANTONIO PAREDES,CORDOBA,CAPITAL,CÓRDOBA,140260300,FRANCISCO DEL PRADO 3900 GENERAL MOSCONI BARRIO GENERAL MOSCONI
1246,ESCRIBANO OSCAR SOTO LOPEZ,ESCRIBANO OSCAR SOTO LOPEZ,CORDOBA,CAPITAL,CÓRDOBA,140222800,LOS CALDENES 5320 LOS SAUCES B° LOS SAUCES
1252,ESCUELA 12 DE OCTUBRE,ESCUELA 12 DE OCTUBRE,ETRURIA,GENERAL SAN MARTIN,CÓRDOBA,140290400,BV. SARMIENTO 320  ETRURIA
1247,ESCUELA  2 DE ABRIL,ESCUELA 2 DE ABRIL,SAN FRANCISCO,SAN JUSTO,CÓRDOBA,140321900,FALUCHO Y PEATONAL LARREA N  PRESIDENTE ROQUE SAENZ PEÑA SAN FRANCISCO
1253,ESCUELA 2 DE ABRIL,ESCUELA 2 DE ABRIL,CORDOBA,CAPITAL,CÓRDOBA,140478900,CANONIGO JOSE LUIS CHORROARIN 2851 RESIDENCIAL SAN JORGE PERTENECE AL CENTRO EDUCATIVO 2 DE ABRIL
1254,ESCUELA 20 DE JUNIO,ESCUELA 20 DE JUNIO,CORDOBA,CAPITAL,CÓRDOBA,140046600,BV. DEL COMERCIO 835 JARDIN BARRIO JARDIN A DOS CUADRAS DE AVENIDA VALPARAISO
1255,ESCUELA 20 DE JUNIO,ESCUELA 20 DE JUNIO,CAMPO LA ALBINA,MARCOS JUAREZ,CÓRDOBA,140103800,CALLE PUBLICA S/N    CAMPO LA ALBINA  P/MARCOS JUAREZ
1256,ESCUELA 21 DE JULIO,ESCUELA 21 DE JULIO,RIO CUARTO,RIO CUARTO,CÓRDOBA,140087900,BAIGORRIA 552 SANTA ROSA RIO CUARTO
1257,ESCUELA 24 DE SETIEMBRE,ESCUELA 24 DE SETIEMBRE,PASO DE LA PAMPA,SANTA MARIA,CÓRDOBA,140107200,CALLE PUBLICA S/N°   PASO DE LA PAMPA P/CNO. A LIENDO-RUTA 271SY RIO SAN PEDRO(14 CUADRAS ADENTRO)
1258,ESCUELA 24 DE SETIEMBRE,ESCUELA 24 DE SETIEMBRE,CAPILLA DE SITON,TOTORAL,CÓRDOBA,140380400,8 DE DICIEMBRE S/N   CAPILLA DE SITON
1259,ESCUELA 25 DE MAYO,ESCUELA 25 DE MAYO,CAÑADA ANCHA,RIO PRIMERO,CÓRDOBA,140010100,CALLE PUBLICA S/N°   CAÑADA ANCHA P/RIO PRIMERO
1260,ESCUELA 25 DE MAYO,ESCUELA 25 DE MAYO,LA PLAYOSA,GENERAL SAN MARTIN,CÓRDOBA,140087300,RIOJA 226  RUTA NACIONAL 158
1261,ESCUELA 25 DE MAYO,ESCUELA 25 DE MAYO,TRAVESIA,SAN JAVIER,CÓRDOBA,140112000,CALLE PUBLICA   TRAVESIA
1262,ESCUELA 25 DE MAYO,ESCUELA 25 DE MAYO,CAMPO LA LUISITA,UNION,CÓRDOBA,140151100,CALLE PUBLICA S/N    CAMPO LA LUISITA  P/JUSTINIANO POSSE
1263,ESCUELA 25 DE MAYO,ESCUELA 25 DE MAYO,DESPEÑADEROS,SANTA MARIA,CÓRDOBA,140244600,CONGRESO 235 CENTRO DESPE?DEROS
1264,ESCUELA 25 DE MAYO,ESCUELA 25 DE MAYO,MONTECRISTO,RIO PRIMERO,CÓRDOBA,140275600,LUIS F. TAGLE 215 CENTRO MONTECRISTO
1265,ESCUELA 25 DE MAYO,ESCUELA 25 DE MAYO,BRINCKMANN,SAN JUSTO,CÓRDOBA,140340300,25 DE MAYO 975 25 DE MAYO BRINKMANN
1266,ESCUELA 9 DE JULIO,ESCUELA 9 DE JULIO,CORDOBA,CAPITAL,CÓRDOBA,140238900,JOSE A. CABRERA 5051 PARQUE DEAN FUNES
1267,ESCUELA 9 DE JULIO,ESCUELA 9 DE JULIO,PORTEÑA,SAN JUSTO,CÓRDOBA,140248500,AV. CORDOBA 117  PORTEÑA
1268,ESCUELA 9 DE JULIO,ESCUELA 9 DE JULIO,GENERAL ROCA,MARCOS JUAREZ,CÓRDOBA,140314000,ALSINA 517 SUR GENERAL ROCA
1269,ESCUELA 9 DE JULIO,ESCUELA 9 DE JULIO,AGUA DE ORO,COLON,CÓRDOBA,140370600,INTENDENTE BUSTOS S/N   EL ALGODONAL P/AGUA DE ORO
1270,ESCUELA ADELIA MARIA DE OLMOS,ESCUELA ADELIA MARIA DE OLMOS,ADELIA MARIA,RIO CUARTO,CÓRDOBA,140481100,HIPOLITO YRIGOYEN 525 I.P.V. ADELIA MARIA
1271,ESCUELA ADOLFO KAPELUSZ,ESCUELA ADOLFO KAPELUSZ,LAS CHACRAS,SAN JAVIER,CÓRDOBA,140090200,CALLE PUBLICA S/N   LAS CHACRAS (SUR)
1272,ESCUELA ADOLFO SALDIAS,ESCUELA ADOLFO SALDIAS,CORDOBA,CAPITAL,CÓRDOBA,140046100,BOLIVAR 896 GUEMES B° GUEMES -(CERCA DEL APROSS)
1273,ESCUELA ADOLFO VAN GELDEREN,ESCUELA ADOLFO VAN GELDEREN,CORDOBA,CAPITAL,CÓRDOBA,140001100,CALLE PUBLICA S/N   CHACRA DE LA MERCED CAMINO CHACRA DE LA MERCED KM 9
1274,ESCUELA ADVENTISTA HECTOR RYHS,ESCUELA ADVENTISTA HECTOR RYHS,CORDOBA,CAPITAL,CÓRDOBA,140517700,TANINGA 3150 OÑA B°OÑA
1275,ESCUELA ADVENTISTA ING. WALTER HEIN,ESCUELA ADVENTISTA INGENIERO WALTER HEIN,ALTA GRACIA,SANTA MARIA,CÓRDOBA,140536900,MANUEL ALFONSO 390 TIRO FEDERAL ALTA GRACIA
1276,ESCUELA AERONAUTICA ARGENTINA,ESCUELA AERONAUTICA ARGENTINA,CORDOBA,CAPITAL,CÓRDOBA,140155800,ESMERALDA 3600 MATIENZO B° MATIENZO
1277,ESCUELA AERONAUTICA ARGENTINA,ESCUELA AERONAUTICA ARGENTINA,LA FALDA,PUNILLA,CÓRDOBA,140285300,OCAMPO  21 LA LOMITA LA FALDA
1278,ESCUELA AGROTECNICA SALESIANA AMBROSIO OLMOS,ESCUELA AGROTECNICA SALESIANA AMBROSIO OLMOS,SAN AMBROSIO,RIO CUARTO,CÓRDOBA,140280200,CALLE PUBLICA S/N°   SAN AMBROSIO P/LAS ACEQUIAS
1279,ESCUELA AGUSTIN ALVAREZ,ESCUELA AGUSTIN ALVAREZ,VILLA MARIA,GENERAL SAN MARTIN,CÓRDOBA,140392400,AGUSTIN ALVAREZ 2012 PARQUE NORTE VILLA MARIA
1280,ESCUELA ALAN TURING,ESCUELA ALAN TURING,CORDOBA,CAPITAL,CÓRDOBA,140562700,AV. RECTA MARTINOLI 8711 ARGUELLO B° ARGUELLO
1281,ESCUELA ALAS ARGENTINAS,ESCUELA ALAS ARGENTINAS,CORDOBA,CAPITAL,CÓRDOBA,140137200,BONN 4627 ESTACION FLORES B° ESTACION FLORES
1282,ESCUELA ALBERTO IN AEBNIT,ESCUELA ALBERTO IN AEBNIT,MORTEROS,SAN JUSTO,CÓRDOBA,140322400,SERAFIN RESTA 223 JORGE NEWBERY MORTEROS - ROTONDA
1283,ESCUELA ALEJANDRO CARBO,ESCUELA ALEJANDRO CARBO,CORDOBA,CAPITAL,CÓRDOBA,140326900,ICHO CRUZ 80 ALEJANDRO CARBO B° ALEJANDRO CARBO
1284,ESCUELA ALEJO CARMEN GUZMAN,ESCUELA ALEJO CARMEN GUZMAN,CORDOBA,CAPITAL,CÓRDOBA,140012400,AUGUSTO LOPEZ 643 GENERAL BUSTOS B° GENERAL BUSTOS
1285,ESCUELA ALFONSINA STORNI,ESCUELA ALFONSINA STORNI,POTRERO DE GARAY,SANTA MARIA,CÓRDOBA,140318400,LOS HORNEROS S/Nº  MORADA DE LAS AVES POTRERO DE GARAY
1286,ESCUELA ALFREDO BENITZ,ESCUELA ALFREDO BENITZ,LA CUMBRE,PUNILLA,CÓRDOBA,140067200,BARTOLOME JAIME 1193 CRUZ GRANDE LA CUMBRE
1287,ESCUELA ALMAFUERTE,ESCUELA ALMAFUERTE,COLONIA BREMEN,UNION,CÓRDOBA,140051900,SARMIENTO S/N   COLONIA BREMEN
1288,ESCUELA ALMAFUERTE,ESCUELA ALMAFUERTE,CAROLINA,RIO CUARTO,CÓRDOBA,140059800,CALLE PUBLICA S/N°  SAN BASILIO ESTACION CAROLINA-RUTA Nº 24- KM 20
1289,ESCUELA ALMAFUERTE,ESCUELA ALMAFUERTE,CORDOBA,CAPITAL,CÓRDOBA,140266700,ABEL CHANETON 390 SAN FERNANDO
1290,ESCUELA ALMIRANTE BROWN,ESCUELA ALMIRANTE BROWN,RIO CUARTO,RIO CUARTO,CÓRDOBA,140154100,RIO QUINTO 660 SAN JOSE DE CALASANZ RIO CUARTO
1291,ESCUELA ALMIRANTE GUILLERMO BROWN,ESCUELA ALMIRANTE GUILLERMO BROWN,CORDOBA,CAPITAL,CÓRDOBA,140230000,EDUARDO SAUL MARTIN 1441 YOFRE SUD B° YOFRE SUD - ALTURA BULNES 4700
1292,ESCUELA ALMIRANTE GUILLERMO BROWN,ESCUELA ALMIRANTE GUILLERMO BROWN,VILLA DEL DIQUE,CALAMUCHITA,CÓRDOBA,140243600,SARMIENTO 259  VILLA DEL DIQUE
1293,ESCUELA ALMIRANTE GUILLERMO BROWN,ESCUELA ALMIRANTE GUILLERMO BROWN,EL FUERTECITO,SAN JUSTO,CÓRDOBA,140324300,ALICIA ROSSI 441  EL FUERTECITO
1294,ESCUELA AMADEO AUCHTER,ESCUELA AMADEO AUCHTER,ORDOÑEZ,UNION,CÓRDOBA,140354900,CALLE 10 119  ORDOÑEZ
1295,ESCUELA ANGEL ESTRADA,ESCUELA ANGEL ESTRADA,SERREZUELA,CRUZ DEL EJE,CÓRDOBA,140317700,ARTURO CAPDEVILA  VIRGEN DEL ROSARIO SERREZUELA
1296,ESCUELA ANGEL FAUSTO AVALOS,ESCUELA ANGEL FAUSTO AVALOS,CORDOBA,CAPITAL,CÓRDOBA,140366300,SARGENTO CABRAL 1153 SAN VICENTE B° SAN VICENTE
1297,ESCUELA ANGELICA PRADO,ESCUELA ANGELICA PRADO,RIO TERCERO,TERCERO ARRIBA,CÓRDOBA,140161800,RIO AMAZONAS 450 PANAMERICANO RIO TERCERO
1298,ESCUELA ANTARTIDA ARGENTINA,ESCUELA ANTARTIDA ARGENTINA,PAMPAYASTA NORTE,TERCERO ARRIBA,CÓRDOBA,140039900,AVENIDA DE LOS ESTUDIANTES S/Nº   PAMPAYASTA NORTE
1299,ESCUELA ANTARTIDA ARGENTINA,ESCUELA ANTARTIDA ARGENTINA,ARROYO ALGODON,GENERAL SAN MARTIN,CÓRDOBA,140119000,CORDOBA 301  ARROYO ALGODON
1300,ESCUELA ANTARTIDA ARGENTINA,ESCUELA ANTARTIDA ARGENTINA,EL MANZANO,COLON,CÓRDOBA,140166200,CALLE PUBLICA   RUTA E 53
1301,ESCUELA ANTARTIDA ARGENTINA,ESCUELA ANTARTIDA ARGENTINA,PASO VIEJO,CRUZ DEL EJE,CÓRDOBA,140166800,CALLE PUBLICA   PASO VIEJO
1302,ESCUELA ANTARTIDA ARGENTINA,ESCUELA ANTARTIDA ARGENTINA - LOS PINOS,CORDOBA,CAPITAL,CÓRDOBA,140229800,PADRE LUIS MONTI 3689 LOS PINOS B° LOS PINOS
1303,ESCUELA ANTARTIDA ARGENTINA,ESCUELA ANTARTIDA ARGENTINA - GENERAL DEHEZA,CORDOBA,CAPITAL,CÓRDOBA,140308200,CNO.LA CALERA KM 6  GENERAL DEHEZA
1304,ESCUELA ANTARTIDA ARGENTINA,ESCUELA ANTARTIDA ARGENTINA,KILOMETRO 691,RIO PRIMERO,CÓRDOBA,140274400,RUTA NACIONAL Nº19-KM 691   SOBRE RUTA NACIONAL Nº19-KM.691
1307,ESCUELA ANTONIO DALL ARMELLINA,ESCUELA ANTONIO DALL ARMELLINA,MONTE RALO,SANTA MARIA,CÓRDOBA,140244500,ITALIA S/N   MONTE RALO
1308,ESCUELA ANTONIO DEL VISO,ESCUELA ANTONIO DEL VISO,CORDOBA,CAPITAL,CÓRDOBA,140295000,CORNELIO SAAVEDRA 619 SAN MARTIN B° SAN MARTIN
1309,ESCUELA ANTONIO LUIS BERUTTI,ESCUELA ANTONIO LUIS BERUTTI,EL CARRIZAL,PUNILLA,CÓRDOBA,140263600,CALLE PUBLICA S/Nº   EL CARRIZAL
1310,ESCUELA ANTONIO MANUEL SOBRAL,ESCUELA ANTONIO MANUEL SOBRAL,DEAN FUNES,ISCHILIN,CÓRDOBA,140081900,SANTIAGO DEL ESTERO S/N  PAZ AL SUR DE LA CIUDAD
1311,ESCUELA ANTONIO SOBRAL,ESCUELA ANTONIO SOBRAL,COLONIA MILESSI,SAN JUSTO,CÓRDOBA,140132100,CALLE PUBLICA S/N°   COLONIA MILESSI NORTE P/MORTEROS
1312,ESCUELA ANTONIO SOBRAL,ESCUELA ANTONIO SOBRAL,VILLA SAN ESTEBAN,SAN JUSTO,CÓRDOBA,140360200,CALLE PUBLICA S/N    VILLA SAN ESTEBAN P/EL ARAÑADO
1313,ESCUELA ARISTOBULO DEL VALLE,ESCUELA ARISTOBULO DEL VALLE,CORDOBA,CAPITAL,CÓRDOBA,140361500,MARTIN DE JAUREGUI 1657 TALLERES ESTE B° TALLERES ESTE
1314,ESCUELA ARMANDO ROTULO,ESCUELA ARMANDO ROTULO,RIO TERCERO,TERCERO ARRIBA,CÓRDOBA,140122800,BERNARDO O'HIGGINS 1055 CERINO RIO TERCERO
1315,ESCUELA ARTEAGA,ESCUELA ARTEAGA,CRUZ ALTA,MARCOS JUAREZ,CÓRDOBA,140391500,SAN MARTIN 637 ARROYITO CRUZ ALTA
1316,ESCUELA ARTEMIO ARAN (EX S/N. DE Bº COOP.2 DE MAYO),ESCUELA ARTEMIO ARAN (EX SIN NOMBRE DE B COOP 2 DE MAYO),CORDOBA,CAPITAL,CÓRDOBA,140502800,CALLE PUBLICA  COOPERATIVA 2 DE MAYO B° COOPERATIVA 2 DE MAYO
1317,ESCUELA ARTURO A. MATTERSON,ESCUELA ARTURO A MATTERSON,BELL VILLE,UNION,CÓRDOBA,140253800,PDTE. PERON 414 SAN VICENTE BELL VILLE
1318,ESCUELA ARTURO CAPDEVILA,ESCUELA ARTURO CAPDEVILA,TICINO,GENERAL SAN MARTIN,CÓRDOBA,140018800,MENDOZA 315 CENTRO TICINO
1319,ESCUELA ARTURO CAPDEVILA,ESCUELA ARTURO CAPDEVILA - MARIANO FRAGUEIRO,CORDOBA,CAPITAL,CÓRDOBA,140235000,AVELLANEDA 4100 MARIANO FRAGUEIRO BARRIO MARIANO FRAGUEIRO
1320,ESCUELA ARTURO CAPDEVILA,ESCUELA ARTURO CAPDEVILA - LOS PLATANOS,CORDOBA,CAPITAL,CÓRDOBA,140343700,ALBERTO WILLIAMS ESQ AV.LOS PLATANOS  LOS PLATANOS B° LOS PLATANOS
1321,ESCUELA ARTURO CAPDEVILA,ESCUELA ARTURO CAPDEVILA,ALMAFUERTE,TERCERO ARRIBA,CÓRDOBA,140306300,ROSARIO VERA PEÑALOZA 10 VILLA EL SALTO ALMAFUERTE
1324,ESCUELA ARZOBISPO ANTONIO ESPINOSA,ESCUELA ARZOBISPO ANTONIO ESPINOSA,RIO CUARTO,RIO CUARTO,CÓRDOBA,140301900,OLEGARIO ANDRADE 1020 ALBERDI RIO CUARTO(10 CUADRAS AL ESTE DEL CENTRO CULTURAL ANDINO)
1325,ESCUELA ARZOBISPO CASTELLANO,ESCUELA ARZOBISPO CASTELLANO,CORDOBA,CAPITAL,CÓRDOBA,140155600,MIGUEL RODRIGUEZ DE LA TORRE 1383 SUAREZ B° SUAREZ
1326,ESCUELA ASOCIACION DE MAYO,ESCUELA ASOCIACION DE MAYO,CORDOBA,CAPITAL,CÓRDOBA,140366600,COLOMPREA 1240 ALEM B° ALEM
1327,ESCUELA ATAHUALPA YUPANQUI,ESCUELA ATAHUALPA YUPANQUI,VILLA ALLENDE,COLON,CÓRDOBA,140198000,AVENIDA DEL NIAGARA ESQ. BARCELONA  Villa Allende Lomas Sur VILLA ALLENDE
1328,ESCUELA ATAHUALPA YUPANQUI,ESCUELA ATAHUALPA YUPANQUI,JUAREZ CELMAN,COLON,CÓRDOBA,140356200,AV. 9 DE JULIO  NORTE JUAREZ CELMAN
1329,ESCUELA AVELINA VAZQUEZ DE GUTIERREZ,ESCUELA AVELINA VAZQUEZ DE GUTIERREZ,BAÑADO DEL FUERTE,RIO SECO,CÓRDOBA,140394700,CALLE PUBLICA S/N    BAÑADO DEL FUERTE
1330,ESCUELA AYACUCHO,ESCUELA AYACUCHO,QUEBRACHO HERRADO,SAN JUSTO,CÓRDOBA,140310500,SARMIENTO   QUEBRACHO HERRADO
1331,ESCUELA BALDOMERO EUGENIO FERNANDEZ MORENO,ESCUELA BALDOMERO EUGENIO FERNANDEZ MORENO,LOS CONDORES,CALAMUCHITA,CÓRDOBA,140073400,SARMIENTO 528 CENTRO LOS CONDORES
1332,ESCUELA BANDERA ARGENTINA,ESCUELA BANDERA ARGENTINA,CORDOBA,CAPITAL,CÓRDOBA,140226100,AV. MAYOR FERNANDO CASADO 2118 SANTA ISABEL 1RA. SECCION B° SANTA ISABEL 1RA. SECCION
1333,ESCUELA BARTOLOME HIDALGO,ESCUELA BARTOLOME HIDALGO,CORDOBA,CAPITAL,CÓRDOBA,140398400,CARLOS TEJEDOR 1958 SARMIENTO A dos cuadras de la Av. Sabattini
1334,ESCUELA BARTOLOME MITRE,ESCUELA BARTOLOME MITRE,LAS VARILLAS,SAN JUSTO,CÓRDOBA,140043200,SARGENTO CABRAL 521 BARTOLOME MITRE LAS VARILLAS
1335,ESCUELA BARTOLOME MITRE,ESCUELA BARTOLOME MITRE,RIO CEBALLOS,COLON,CÓRDOBA,140043900,MALVINAS ARGENTINAS 65 ÑU PORA RIO CEBALLOS
1336,ESCUELA BARTOLOME MITRE,ESCUELA BARTOLOME MITRE,MARCOS JUAREZ,MARCOS JUAREZ,CÓRDOBA,140055700,HIPOLITO YRIGOYEN 1409 NOROESTE MARCOS JUAREZ
1337,ESCUELA BARTOLOME MITRE,ESCUELA BARTOLOME MITRE,LA CUMBRECITA,CALAMUCHITA,CÓRDOBA,140107400,CALLE PUBLICA   LA CUMBRECITA
1338,ESCUELA BARTOLOME MITRE,ESCUELA BARTOLOME MITRE,VILLA NUEVA,GENERAL SAN MARTIN,CÓRDOBA,140156100,BARTOLOME MITRE 1147 CENTRO VILLA NUEVA
1339,ESCUELA BARTOLOME MITRE,ESCUELA BARTOLOME MITRE,CORDOBA,CAPITAL,CÓRDOBA,140161400,LA PAMPA 1560 OLIVOS
1340,ESCUELA BARTOLOME MITRE,ESCUELA BARTOLOME MITRE,RIO CUARTO,RIO CUARTO,CÓRDOBA,140176500,LAVALLE 1452 CENTRO RIO CUARTO
1341,ESCUELA BARTOLOME MITRE,ESCUELA BARTOLOME MITRE,OLIVA,TERCERO ARRIBA,CÓRDOBA,140340800,ALVEAR 320 CENTRO NORTE OLIVA
1342,ESCUELA BARTOLOME MITRE,ESCUELA BARTOLOME MITRE,VILLA DEL TOTORAL,TOTORAL,CÓRDOBA,140373800,BV.ALLENDE S/Nº  SAN CAYETANO VILLA DEL TOTORAL
1343,ESCUELA BATERIA LIBERTAD,ESCUELA BATERIA LIBERTAD,CORDOBA,CAPITAL,CÓRDOBA,140341800,POTRERILLO ESQ. VENTA Y MEDIA  LOMAS DEL SUQUIA
1344,ESCUELA BELISARIO ROLDAN,ESCUELA BELISARIO ROLDAN,SANTA EUFEMIA,JUAREZ CELMAN,CÓRDOBA,140125800,SARMIENTO 626  SANTA EUFEMIA
1345,ESCUELA BELISARIO ROLDAN,ESCUELA BELISARIO ROLDAN,EMBALSE,CALAMUCHITA,CÓRDOBA,140248300,TUCUMAN 121 ESCUELA EMBALSE
1346,ESCUELA BENITO QUINQUELA MARTIN,ESCUELA BENITO QUINQUELA MARTIN,CHILIBROSTE,UNION,CÓRDOBA,140313400,SANTA FE 676  CHILIBROSTE
1347,ESCUELA BERNADINO RIVADAVIA,ESCUELA BERNADINO RIVADAVIA,SANTA EUFEMIA,JUAREZ CELMAN,CÓRDOBA,140125700,EDELWEIS PAZ 572  SANTA EUFEMIA
1248,ESCUELA  BERNARDINO RIVADAVIA,ESCUELA BERNARDINO RIVADAVIA,TINOCO,COLON,CÓRDOBA,140377900,CALLE PUBLICA S/N    TINOCO
1348,ESCUELA BERNARDINO RIVADAVIA,ESCUELA BERNARDINO RIVADAVIA,LAGUNA LARGA,RIO SEGUNDO,CÓRDOBA,140027600,RIVADAVIA 66 MALVINAS ARGENTINAS LAGUNA LARGA
1349,ESCUELA BERNARDINO RIVADAVIA,ESCUELA BERNARDINO RIVADAVIA,HERNANDO,TERCERO ARRIBA,CÓRDOBA,140041300,9 DE JULIO 369 LAS FLORES HERNANDO
1350,ESCUELA BERNARDINO RIVADAVIA,ESCUELA BERNARDINO RIVADAVIA,LA PAMPA,TOTORAL,CÓRDOBA,140066000,CALLE PUBLICA   LA PAMPA
1351,ESCUELA BERNARDINO RIVADAVIA,ESCUELA BERNARDINO RIVADAVIA,VILLA CARLOS PAZ,PUNILLA,CÓRDOBA,140075500,CONGRESO  CARLOS PAZ SIERRAS VILLA CARLOS PAZ - 10 CUADRAS DEL CUCU
1352,ESCUELA BERNARDINO RIVADAVIA,ESCUELA BERNARDINO RIVADAVIA,DEAN FUNES,ISCHILIN,CÓRDOBA,140081500,FERNANDO FADER (O) 572 LA PILETA DEAN FUNES
1353,ESCUELA BERNARDINO RIVADAVIA,ESCUELA BERNARDINO RIVADAVIA,LOS CERRILLOS,SOBREMONTE,CÓRDOBA,140083600,CALLE PUBLICA S/N°   LOS CERRILLOS (Camino de tierra a 20km de San F.del Chañar)
1354,ESCUELA BERNARDINO RIVADAVIA,ESCUELA BERNARDINO RIVADAVIA,MORTEROS,SAN JUSTO,CÓRDOBA,140110500,SARMIENTO 208 URQUIZA MORTEROS
1355,ESCUELA BERNARDINO RIVADAVIA,ESCUELA BERNARDINO RIVADAVIA,RIO CUARTO,RIO CUARTO,CÓRDOBA,140140100,TEJERINA NORTE  1171 LAS QUINTAS RIO CUARTO
1356,ESCUELA BERNARDINO RIVADAVIA,ESCUELA BERNARDINO RIVADAVIA,VILLA HUIDOBRO,GENERAL ROCA,CÓRDOBA,140157300,PRESBITERO GUILLERMO SALGUEIRO S/N  CAÑADA CHICA VILLA HUIDOBRO
1357,ESCUELA BERNARDINO RIVADAVIA,ESCUELA BERNARDINO RIVADAVIA,LOZADA,SANTA MARIA,CÓRDOBA,140230800,SARMIENTO 441  LOZADA
1358,ESCUELA BERNARDINO RIVADAVIA,ESCUELA BERNARDINO RIVADAVIA,LAS VARILLAS,SAN JUSTO,CÓRDOBA,140261400,INDEPENDENCIA 294 CENTRO LAS VARILLAS
1359,ESCUELA BERNARDINO RIVADAVIA,ESCUELA BERNARDINO RIVADAVIA,HUERTA GRANDE,PUNILLA,CÓRDOBA,140284900,NUESTRA SEÑORA DEL CARMEN 199 Centro HUERTA GRANDE
1360,ESCUELA BERNARDINO RIVADAVIA,ESCUELA BERNARDINO RIVADAVIA,MARCOS JUAREZ,MARCOS JUAREZ,CÓRDOBA,140287700,SAN MARTIN 694 CENTRO MARCOS JUAREZ
1361,ESCUELA BERNARDINO RIVADAVIA,ESCUELA BERNARDINO RIVADAVIA,SERREZUELA,CRUZ DEL EJE,CÓRDOBA,140317800,AVDA. MALVINAS ARGENTINAS  SIN IDENTIFICAR SERREZUELA
1362,ESCUELA BERNARDINO RIVADAVIA,ESCUELA BERNARDINO RIVADAVIA,VILLA MARIA,GENERAL SAN MARTIN,CÓRDOBA,140335900,RAMOS MEJIA Y VIAMONTE 2000 SAN JUSTO VILLA MARIA
1363,ESCUELA BERNARDINO RIVADAVIA,ESCUELA BERNARDINO RIVADAVIA,ADELIA MARIA,RIO CUARTO,CÓRDOBA,140379600,JOSE HERNANDEZ 125 NORTE ADELIA MARIA
1364,ESCUELA BERNARDINO RIVADAVIA,ESCUELA BERNARDINO RIVADAVIA,PAJAS BLANCAS,COLON,CÓRDOBA,140386800,CALLE PUBLICA S/N   RUTA E 53- CNO.PAJAS BLANCAS KM.22
1365,ESCUELA BERNARDINO RIVADAVIA,ESCUELA BERNARDINO RIVADAVIA,CORONEL BAIGORRIA,RIO CUARTO,CÓRDOBA,140388700,VELEZ SARSFIELD 50  CORONEL BAIGORRIA
1366,ESCUELA BERNARDINO RIVADAVIA,ESCUELA BERNARDINO RIVADAVIA,COLONIA BISMARCK,UNION,CÓRDOBA,140390800,RIVADAVIA 360  COLONIA BISMARCK
1367,ESCUELA BERNARDO DE MONTEAGUDO,ESCUELA BERNARDO DE MONTEAGUDO,CORDOBA,CAPITAL,CÓRDOBA,140227700,PJE. SAN LUIS 3450 LOS PLATANOS B° LOS PLATANOS
1368,ESCUELA BERNARDO DE MONTEAGUDO,ESCUELA BERNARDO DE MONTEAGUDO,BAJO CHICO,SANTA MARIA,CÓRDOBA,140317000,CALLE PUBLICA S/N°   BAJO CHICO N°2 -ESTAFETA POSTAL P/ANISACATE
1369,ESCUELA BERTA BIDONDO DE ZEREGA,ESCUELA BERTA BIDONDO DE ZEREGA,RIO TERCERO,TERCERO ARRIBA,CÓRDOBA,140329300,CAMPICHUELO 344 MONTE GRANDE RIO TERCERO - FRENTE AL POLO QUIMICO
1370,ESCUELA BILINGUE BICULTURAL DANTE ALIGHIERI,ESCUELA BILINGUE BICULTURAL DANTE ALIGHIERI,VILLA MARIA,GENERAL SAN MARTIN,CÓRDOBA,140549300,AVENIDA SABATTINI 98 CENTRO VILLA MARIA
1371,ESCUELA BILINGÜE BICULTURAL DANTE ALIGHIERI,ESCUELA BILINGÜE BICULTURAL DANTE ALIGHIERI,SAN FRANCISCO,SAN JUSTO,CÓRDOBA,140517800,LAS MARGARITAS 4137 LAS ROSAS SAN FRANCISCO
1372,ESCUELA BLAS PARERA,ESCUELA BLAS PARERA,CORDOBA,CAPITAL,CÓRDOBA,140342500,MONSEÑOR D'ANDREA 1044 ALTO ALBERDI B° ALTO ALBERDI
1373,ESCUELA BRIGADIER GENERAL JUAN BAUTISTA BUSTOS,ESCUELA BRIGADIER GENERAL JUAN BAUTISTA BUSTOS,COSQUIN,PUNILLA,CÓRDOBA,140262000,SARMIENTO Y SAN JUAN 110 AATRA COSQUIN. Cruzandolas v? por Sarmiento al oeste
1374,ESCUELA BRIGADIER GENERAL JUAN BAUTISTA BUSTOS ANEXO SAN JOSE OBRERO,ESCUELA BRIGADIER GENERAL JUAN BAUTISTA BUSTOS ANEXO SAN JOSE OBRERO,COSQUIN,PUNILLA,CÓRDOBA,140262001,MARIA ELENA 957 SAN JOSE OBRERO
1375,ESCUELA CABILDANTES DE LA CARLOTA,ESCUELA CABILDANTES DE LA CARLOTA,LA CARLOTA,JUAREZ CELMAN,CÓRDOBA,140127900,FANFARRIA ALTO PERU 205 PUNTA DEL SAUCE LA CARLOTA
1376,ESCUELA CADETES DE LA FUERZA AEREA ARGENTINA,ESCUELA CADETES DE LA FUERZA AEREA ARGENTINA,CORDOBA,CAPITAL,CÓRDOBA,140268700,LEOPOLDO CASAVEGA 2320 VILLA ADELA B° VILLA ADELA (AV. FUERZA  AEREA 4900)
1377,ESCUELA CANONIGO MANUEL AVELINO PIÑERO,ESCUELA CANONIGO MANUEL AVELINO PIÑERO,CORDOBA,CAPITAL,CÓRDOBA,140174300,MARTIN CARTECHINI S/N  CAMPO DE LA RIBERA B° CAMPO DE LA RIBERA -(A 3CUADRAS DEL CEMENTERIO SAN VICENTE)
1379,ESCUELA CAPITAL FEDERAL,ESCUELA CAPITAL FEDERAL,CORDOBA,CAPITAL,CÓRDOBA,140095300,MAURICIO YADAROLA 653 GENERAL BUSTOS B° GENERAL BUSTOS
1380,ESCUELA CAPITAN DE FRAGATA CARLOS MARIA MOYANO,ESCUELA CAPITAN DE FRAGATA CARLOS MARIA MOYANO,LAS VERTIENTES,RIO CUARTO,CÓRDOBA,140061100,JULIANA GARCIA PUBILL 560  LAS VERTIENTES
1381,ESCUELA CAPITAN DE FRAGATA PEDRO E. GIACHINO,ESCUELA CAPITAN DE FRAGATA PEDRO E GIACHINO,JESUS MARIA,COLON,CÓRDOBA,140321200,BUENOS AIRES 551 LA FLORIDA JESUS MARIA
1382,ESCUELA CAPITAN DE NAVIO SANTIAGO J. ALBARRACIN,ESCUELA CAPITAN DE NAVIO SANTIAGO J ALBARRACIN,COLONIA PUEYRREDON,RIO CUARTO,CÓRDOBA,140179700,CALLE PUBLICA   COLONIA PUEYRREDON P/VICUÑA MACKENNA
1383,ESCUELA CAPITAN FRANCISCO DOMINGO ZARCO,ESCUELA CAPITAN FRANCISCO DOMINGO ZARCO,REDUCCION,JUAREZ CELMAN,CÓRDOBA,140101300,MANUEL DE LA LASTRA 623 CENTRO REDUCCION
1378,ESCUELA CAP.JOSE LEONIDAS ARDILES EX ESC.S/N DE Bº YACUZZI,ESCUELA CAPITAN JOSE LEONIDAS ARDILES EX ESCUELA SIN NOMBRE DE B YACUZZI,RIO PRIMERO,RIO PRIMERO,CÓRDOBA,140468900,GENERAL PAZ 402 YACUZZI RIO PRIMERO
1384,ESCUELA CAPITAN JUAN DE ZEVALLOS,ESCUELA CAPITAN JUAN DE ZEVALLOS,VALLE HERMOSO,PUNILLA,CÓRDOBA,140174700,GOBERNADOR NUÑEZ  SAN MARTIN VALLE HERMOSO
1385,ESCUELA CAPITAN LUIS CENOBIO CANDELARIA,ESCUELA CAPITAN LUIS CENOBIO CANDELARIA,MALVINAS ARGENTINAS,COLON,CÓRDOBA,140235100,Ruta Provincial N° 88  MALVINAS ARGENTINAS I SECCIÓN MALVINAS ARGENTINAS
1386,ESCUELA CARLOS GUIDO SPANO,ESCUELA CARLOS GUIDO SPANO,OLIVARES DE SAN NICOLAS,ISCHILIN,CÓRDOBA,140281600,CALLE PUBLICA S/N   OLIVARES DE SAN NICOLAS
1387,ESCUELA CARLOS GUIDO SPANO,ESCUELA CARLOS GUIDO SPANO,EL VALLE,SAN JAVIER,CÓRDOBA,140405700,CALLE PUBLICA   EL VALLE P/VILLA LAS ROSAS
1388,ESCUELA CARLOS JUSTO FLORIT,ESCUELA CARLOS JUSTO FLORIT,DEVOTO,SAN JUSTO,CÓRDOBA,140097300,ALMIRANTE BROWN 83 CENTRO DEVOTO
1389,ESCUELA CARLOS NICANDRO PAZ,ESCUELA CARLOS NICANDRO PAZ,VILLA CARLOS PAZ,PUNILLA,CÓRDOBA,140240700,SAN MARTIN 255 CENTRO VILLA CARLOS PAZ
1390,ESCUELA CARLOS SAAVEDRA LAMAS,ESCUELA CARLOS SAAVEDRA LAMAS,POZO DE LA LOMA,RIO PRIMERO,CÓRDOBA,140010000,CALLE PUBLICA S/N°   POZO DE LA LOMA (POR VILLA SANTA ROSA)
1391,ESCUELA CARLOS SAAVEDRA LAMAS,ESCUELA CARLOS SAAVEDRA LAMAS,CORDOBA,CAPITAL,CÓRDOBA,140479800,RUTA 9 SUR- KM 691  PARQUE ITUZAINGO
1392,ESCUELA CASTELFRANCO BILINGÜE Y BICULTURAL,ESCUELA CASTELFRANCO BILINGÜE Y BICULTURAL,CORDOBA,CAPITAL,CÓRDOBA,140302300,AVOGADRO 6499 VILLA BELGRANO B° VILLA BELGRANO
1393,ESCUELA CATALINA B. DE BARON,ESCUELA CATALINA B DE BARON,LOS CEDROS,SANTA MARIA,CÓRDOBA,140014900,ANICETO GRANADO  LOS CEDROS LOS CEDROS P/RUTA 5 KM 14
1395,ESCUELA CEFERINO NAMUNCURA,ESCUELA CEFERINO NAMUNCURA,COLONIA LA MERCEDITA,UNION,CÓRDOBA,140201700,CALLE PUBLICA S/N    COLONIA LA MERCEDITA P/PASCANAS
1396,ESCUELA CEFERINO NAMUNCURA (EX ANEXO DR. BENITO SORIA),ESCUELA CEFERINO NAMUNCURA (EX ANEXO DOCTOR BENITO SORIA),CORDOBA,CAPITAL,CÓRDOBA,140512000,MARTINICA Y ARUBA  SANTA ISABEL 3º SECCION B° SANTA ISABEL 3º SECCION
1397,ESCUELA CHACABUCO,ESCUELA CHACABUCO,EL ARAÑADO,SAN JUSTO,CÓRDOBA,140149900,25 DE MAYO 381  EL ARAÑADO
1398,ESCUELA CIUDAD MALVINAS ARGENTINAS,ESCUELA CIUDAD MALVINAS ARGENTINAS,MALVINAS ARGENTINAS,COLON,CÓRDOBA,140470500,AV. SAN MARTIN 600 MALVINAS ARGENTINAS B°MALVINAS ARGENTINAS
1399,ESCUELA CLARA BEATRIZ ALTAMIRANO,ESCUELA CLARA BEATRIZ ALTAMIRANO,CORDOBA,CAPITAL,CÓRDOBA,140505500,CHINGOLO  VILLA RETIRO  ANEXO RUTA PROV. 112
1400,ESCUELA CLAUDIO CESAR JUAREZ (EX ANEXO JOSE GIMENEZ LAGOS),ESCUELA CLAUDIO CESAR JUAREZ (EX ANEXO JOSE GIMENEZ LAGOS),ARROYITO,SAN JUSTO,CÓRDOBA,140516200,FALUCHO 476 SANTA TERESITA ARROYITO
1403,ESCUELA COMANDANTE DE MARINA MARTIN GUERRICO,ESCUELA COMANDANTE DE MARINA MARTIN GUERRICO,UCACHA,JUAREZ CELMAN,CÓRDOBA,140101700,CORRIENTES   UCACHA
1404,ESCUELA COMANDANTE ESPORA,ESCUELA COMANDANTE ESPORA,ALTA GRACIA,SANTA MARIA,CÓRDOBA,140244800,3 DE FEBRERO 362 SUR ALTA GRACIA
1405,ESCUELA COMANDANTE LUIS PIEDRABUENA,ESCUELA COMANDANTE LUIS PIEDRABUENA,LEONES,MARCOS JUAREZ,CÓRDOBA,140154700,ALBERDI 1071 SUR LEONES
1406,ESCUELA COMANDANTE LUIS PIEDRABUENA,ESCUELA COMANDANTE LUIS PIEDRABUENA,COLONIA EL BALQUIN,UNION,CÓRDOBA,140353400,CALLE PUBLICA S/N   COLONIA EL BALQUIN P/CANALS
1432,ESCUELA CTE. LUIS PIEDRABUENA,ESCUELA COMANDANTE LUIS PIEDRABUENA,LA PALESTINA,GENERAL SAN MARTIN,CÓRDOBA,140017400,FELIPE LORENZATTI 875  LA PALESTINA
1407,ESCUELA COMANDANTE ROSENDO LEAL,ESCUELA COMANDANTE ROSENDO LEAL,CIENAGA DEL CORO,MINAS,CÓRDOBA,140139000,CESAR MANUEL VERA   CIENAGA DEL CORO -  ESQUINA OPUESTA DE LA PLAZA
1394,ESCUELA CDRO ROBERTO M. ECHEGOYEN,ESCUELA COMODORO ROBERTO M ECHEGOYEN,CORDOBA,CAPITAL,CÓRDOBA,140068500,CALLE PUBLICA  EJERCITO ARGENTINO B° EJERCITO ARGENTINO - RAFAEL BIELSA Y JOSE JAVIER DIAZ
1401,ESCUELA CMDRO.(R) ROLANDO S. SILIONI,ESCUELA COMODORO ROLANDO S SILIONI,JUAREZ CELMAN,COLON,CÓRDOBA,140356000,AV. ACONCAGUA   JUAREZ CELMAN
1408,ESCUELA CONGRESO DE TUCUMAN,ESCUELA CONGRESO DE TUCUMAN,CORDOBA,CAPITAL,CÓRDOBA,140311700,HERMINIO MALVINO 2772 LAS MARGARITAS Rejas verdes
1409,ESCUELA CONGRESO DE TUCUMAN,ESCUELA CONGRESO DE TUCUMAN,COLONIA LAS PICHANAS,SAN JUSTO,CÓRDOBA,140381800,CALLE PUBLICA S/N    CNIA.LAS PICHANAS P/V.CONCEPCIÓN DEL TIO
1410,ESCUELA CONGRESO DE TUCUMAN,ESCUELA CONGRESO DE TUCUMAN,RIO SEGUNDO,RIO SEGUNDO,CÓRDOBA,140403000,SAN MARTIN 1176  RIO SEGUNDO
1411,ESCUELA CONSTANCIO C. VIGIL,ESCUELA CONSTANCIO C VIGIL,CNIA NORTE,UNION,CÓRDOBA,140050400,CALLE PUBLICA S/N   COLONIA NORTE P/MORRISON
1412,ESCUELA CONSTANCIO C. VIGIL,ESCUELA CONSTANCIO C VIGIL,COLONIA UNIDAD,SAN JUSTO,CÓRDOBA,140097000,CALLE PUBLICA S/N    COLONIAS UNIDAS P/DEVOTO
1413,ESCUELA CONSTANCIO C. VIGIL,ESCUELA CONSTANCIO C VIGIL,CORDOBA,CAPITAL,CÓRDOBA,140222300,JUAN LLERENA 5561 SAN LORENZO SUD B° SAN LORENZO SUD-RUTA 9 SUD (PASANDO FIAT-1°BARRIO MANO IZQUIERDA)
1414,ESCUELA CONSTANCIO CECILIO VIGIL,ESCUELA CONSTANCIO CECILIO VIGIL,RIO CEBALLOS,COLON,CÓRDOBA,140264700,1º DE MAYO 112 MOREYRA RIO CEBALLOS
1415,ESCUELA CONSTANCIO LUXARDO,ESCUELA CONSTANCIO LUXARDO,ESTACION LUXARDO,SAN JUSTO,CÓRDOBA,140029300,CALLE PUBLICA S/N    ESTACION LUXARDO
1416,ESCUELA CORNELIO SAAVEDRA,ESCUELA CORNELIO SAAVEDRA,SANTA CATALINA,RIO CUARTO,CÓRDOBA,140168700,AVENIDA GENERAL PAZ 263 CENTRO STA. CATALINA (P/HOLMBERG)
1417,ESCUELA CORNELIO SAAVEDRA,ESCUELA CORNELIO SAAVEDRA,VILLA CANDELARIA,RIO SECO,CÓRDOBA,140207800,CALLE PUBLICA S/N°   VILLA CANDELARIA NORTE. FRENTE AL HOSPITAL
1418,ESCUELA CORNELIO SAAVEDRA,ESCUELA CORNELIO SAAVEDRA,CORDOBA,CAPITAL,CÓRDOBA,140243700,Camino a Villa Posse Km. 5 1/2  VILLA POSSE CNO. A VILLA POSSE KM. 5 1/2?AUTOPISTA CORDOBA-PILAR KM 699
1419,ESCUELA CORONEL AGUSTIN A. OLMEDO,ESCUELA CORONEL AGUSTIN A OLMEDO,VILLA DOLORES,SAN JAVIER,CÓRDOBA,140089600,LUIS TESSANDORI  PIEDRA PINTADA VILLA DOLORES
1420,ESCUELA CORONEL AGUSTIN ANGEL OLMEDO,ESCUELA CORONEL AGUSTIN ANGEL OLMEDO,VILLA SARMIENTO,SAN ALBERTO,CÓRDOBA,140257800,LIBERTAD 270 CENTRO VILLA SARMIENTO
1402,ESCUELA CNEL. ARTURO HORACIO CARPANI COSTA,ESCUELA CORONEL ARTURO HORACIO CARPANI COSTA,SEBASTIAN ELCANO,RIO SECO,CÓRDOBA,140327800,MAESTRO PIÑA 279 CENTRO SEBASTIAN ELCANO
1421,ESCUELA CORONEL DOMINGO GAY,ESCUELA CORONEL DOMINGO GAY,LAS PERDICES,TERCERO ARRIBA,CÓRDOBA,140037400,SAN LUIS S/Nº  ARGENTINO LAS PERDICES
1422,ESCUELA CORONEL FRANCISCO DE BEDOYA,ESCUELA CORONEL FRANCISCO DE BEDOYA,RAYO CORTADO,RIO SECO,CÓRDOBA,140124800,CALLE PUBLICA S/N    RAYO CORTADO
1423,ESCUELA CORONEL JOSE FRANCISCO JAVIER DIAZ,ESCUELA CORONEL JOSE FRANCISCO JAVIER DIAZ,TANTI,PUNILLA,CÓRDOBA,140078000,9 DE JULIO 1540 VILLA GARCIA BARRIO VILLA GARCIA - TANTI
1424,ESCUELA CORONEL LEOPOLDO NELSON,ESCUELA CORONEL LEOPOLDO NELSON,ESTANCIA LA MARGARITA,GENERAL ROCA,CÓRDOBA,140216000,CALLE PUBLICA S/N°   ESTANCIA LA MARGARITA P/ITALO
1425,ESCUELA CORONEL OLMEDO,ESCUELA CORONEL OLMEDO,SAN PEDRO,SAN ALBERTO,CÓRDOBA,140351800,CECILIA FUNES 140 CENTRO SAN PEDRO (A dos cuadras de la plaza Central)
1426,ESCUELA CORONEL OLMEDO,ESCUELA CORONEL OLMEDO,CORDOBA,CAPITAL,CÓRDOBA,140407100,JACINTO DE ALTOLAGUIRRE 4060 CORONEL OLMEDO B° CORONEL OLMEDO
1427,ESCUELA CORONEL PASCUAL PRINGLES,ESCUELA CORONEL PASCUAL PRINGLES,SINSACATE,TOTORAL,CÓRDOBA,140283500,AV LEOPOLDO REYNA S/N°  CENTRO SINSACATE
1428,ESCUELA CORONEL PRINGLES,ESCUELA CORONEL PRINGLES,SANTIAGO TEMPLE,RIO SEGUNDO,CÓRDOBA,140164800,GUILLERMO CID   SANTIAGO TEMPLE
1429,ESCUELA COSME ARGERICH,ESCUELA COSME ARGERICH,VILLA SANTA CRUZ DEL LAGO,PUNILLA,CÓRDOBA,140120400,LAS AZUCENAS S/N  CENTRO VILLA SANTA CRUZ DEL LAGO
1430,ESCUELA COSME ARGERICH ANEXO ESTANCIA VIEJA,ESCUELA COSME ARGERICH ANEXO ESTANCIA VIEJA,ESTANCIA VIEJA,PUNILLA,CÓRDOBA,140120401,CALLE PUBLICA
1431,ESCUELA CRISTIANA EVANGELICA THEDA KRIEGER,ESCUELA CRISTIANA EVANGELICA THEDA KRIEGER,RIO SEGUNDO,RIO SEGUNDO,CÓRDOBA,140559200,LINIERS 655 SECTOR SUD RIO SEGUNDO
1433,ESCUELA CURA BROCHERO,ESCUELA CURA BROCHERO,CORDOBA,CAPITAL,CÓRDOBA,140372100,JAMAICA 915 AMPLIACION RESIDENCIAL AMERICA B° AMPLIACION RESIDENCIAL AMERICA
1434,ESCUELA CURA ELEODORO FIERRO,ESCUELA CURA ELEODORO FIERRO,ALTA GRACIA,SANTA MARIA,CÓRDOBA,140003600,RAMON J. CARCANO 135 GOBERNADOR AMADEO SABATTINI ALTA GRACIA
1435,ESCUELA CURACA LINO ACEVEDO,ESCUELA CURACA LINO ACEVEDO,CORDOBA,CAPITAL,CÓRDOBA,140477900,CALLE PUBLICA ESQ.DOCENTES ARGENTINOS S/Nº  LOS ROBLES B° LOS ROBLES
1249,ESCUELA  DALMACIO VELEZ SARSFIELD,ESCUELA DALMACIO VELEZ SARSFIELD,MORTEROS,SAN JUSTO,CÓRDOBA,140111000,EMILIO F. OLMOS 375 CENTRO MORTEROS
1436,ESCUELA DALMACIO VELEZ SARSFIELD,ESCUELA DALMACIO VELEZ SARSFIELD,CORDOBA,CAPITAL,CÓRDOBA,140136700,AV. COLON 2295 ALTO ALBERDI B° ALTO ALBERDI
1437,ESCUELA DALMACIO VELEZ SARSFIELD,ESCUELA DALMACIO VELEZ SARSFIELD,COLONIA SAN MIGUEL,PRESIDENTE ROQUE SAENZ PEÑA,CÓRDOBA,140142100,CALLE PUBLICA S/N°   COLONIA SAN MIGUEL P/LA CESIRA
1438,ESCUELA DALMACIO VELEZ SARSFIELD,ESCUELA DALMACIO VELEZ SARSFIELD,VILLA MARIA,GENERAL SAN MARTIN,CÓRDOBA,140205000,ESTADOS UNIDOS 775 ROQUE SAENZ PEÑA VILLA MARIA
1439,ESCUELA DALMACIO VELEZ SARSFIELD,ESCUELA DALMACIO VELEZ SARSFIELD,VILLA QUILINO,ISCHILIN,CÓRDOBA,140282300,VELEZ SARSFIELD S/N°  CENTRO VILLA QUILINO (Func:a una cuadra de la Plaza)NA CUADRA DE LA PLAZA)
1440,ESCUELA DALMACIO VELEZ SARSFIELD,ESCUELA DALMACIO VELEZ SARSFIELD,SATURNINO MARIA LASPIUR,SAN JUSTO,CÓRDOBA,140310400,CORRIENTES 348 ENTRE RIOS SATURNINO MARIA LASPIUR
1441,ESCUELA DALMIRA MURO,ESCUELA DALMIRA MURO,LAS SALADAS,RIO PRIMERO,CÓRDOBA,140185800,AV.NICASIO MARTINEZ S/N°   LAS SALADAS P/RIO PRIMERO
1442,ESCUELA DAMAS PATRICIAS,ESCUELA DAMAS PATRICIAS,LA FRANCIA,SAN JUSTO,CÓRDOBA,140357300,BV. CORDOBA 101
1443,ESCUELA DARDO ROCHA,ESCUELA DARDO ROCHA,LABORDE,UNION,CÓRDOBA,140202900,BOLIVAR 611 CENTRO LABORDE
1444,ESCUELA DARDO ROCHA,ESCUELA DARDO ROCHA,LA CALERA,COLON,CÓRDOBA,140294100,RUTA E 55 KM. 15  CAMPAMENTO E.P.E.C. PARAJE CAMPAMENTO CENTRAL SAN ROQUE (RUTA PROV. E 55)
1445,ESCUELA DE AGRONOMIA DE RIO CUARTO: INSTITUTO AGROTECNICO Y ORIENTADO EN CIENCIAS NATURALES,ESCUELA DE AGRONOMIA DE RIO CUARTO INSTITUTO AGROTECNICO Y ORIENTADO EN CIENCIAS NATURALES,RIO CUARTO,RIO CUARTO,CÓRDOBA,140153300,BVARD. MUGNAINI   CENTRO RIO CUARTO
1446,ESCUELA DE AGRONOMIA DE RIO IV,ESCUELA DE AGRONOMIA DE RIO IV,RIO CUARTO,RIO CUARTO,CÓRDOBA,140457100,ELISEO SANCHEZ 235 CENTRO RIO CUARTO
1447,ESCUELA DE EDUCACIÓN ESPECIAL CLOTILDE MARÍA SABATTINI (ex Nº 20),ESCUELA DE EDUCACIÓN ESPECIAL CLOTILDE MARÍA SABATTINI (EX 20),VILLA MARIA,GENERAL SAN MARTIN,CÓRDOBA,140272300,BVAR. ESPAÑA 1050 BELGRANO VILLA MARIA- PARQUE PEREYRA Y DOMINGUEZ
1154,ESC. DE ED. ESP. DIVINO NIÑO JESUS,ESCUELA DE EDUCACION ESPECIAL DIVINO NIÑO JESUS,MONTE MAIZ,UNION,CÓRDOBA,140515800,ROBERTO CANCIANI 1923 CONTADOR JUAN C. NEGRINI MONTE MAIZ
1448,ESCUELA DE ENFERMERIA PROFESIONAL,ESCUELA DE ENFERMERIA PROFESIONAL,VILLA DOLORES,SAN JAVIER,CÓRDOBA,140359300,AV. SAN MARTIN 50 CENTRO VILLA DOLORES
1229,ESC.DE FORM.INTEGRAL Y CAPAC.LABORAL A.P.A.D.I.M.,ESCUELA DE FORMACION INTEGRAL Y CAPACITACION LABORAL APADIM,CORDOBA,CAPITAL,CÓRDOBA,140440000,AV. VELEZ SARSFIELD 5050 RESIDENCIAL SANTA ROSA B° RESIDENCIAL SANTA ROSA(A 400 METROS DE AV. CIRCUNVALACION)
1449,ESCUELA DE LAS AMERICAS,ESCUELA DE LAS AMERICAS,CORDOBA,CAPITAL,CÓRDOBA,140028000,RIMINI 626 KENNEDY B°KENNEDY
1450,ESCUELA DE POLICIA LIBERTADOR GRAL. DON JOSE DE SAN MARTIN,ESCUELA DE POLICIA LIBERTADOR GENERAL DON JOSE DE SAN MARTIN,CORDOBA,CAPITAL,CÓRDOBA,140343100,AV. DON BOSCO 3976 LAS PALMAS B° LAS PALMAS(AL LADO DEL CLUB LAS PALMAS)
1451,ESCUELA DE SUBOFICIALES Y AGENTES GRAL MANUEL BELGRANO,ESCUELA DE SUBOFICIALES Y AGENTES GENERAL MANUEL BELGRANO,CORDOBA,CAPITAL,CÓRDOBA,140513100,CALLE PUBLICA S/N  VILLA RETIRO B°VILLA RETIRO (Bº A.G.E.C. II-colindante al Bº Ciudad de Los Cuartetos)
1453,ESCUELA DE SUBOFICIALES Y AGENTES GRAL MANUEL BELGRANO ANEXO BELL VILLE,ESCUELA DE SUBOFICIALES Y AGENTES GENERAL MANUEL BELGRANO ANEXO BELL VILLE,BELL VILLE,UNION,CÓRDOBA,140513117,AV. ESPAÑA 208 CENTRO BELL VILLE
1454,ESCUELA DE SUBOFICIALES Y AGENTES GRAL MANUEL BELGRANO ANEXO JESUS MARIA,ESCUELA DE SUBOFICIALES Y AGENTES GENERAL MANUEL BELGRANO ANEXO JESUS MARIA,JESUS MARIA,COLON,CÓRDOBA,140513114,SAN MARTIN 570  JESUS MARIA
1455,ESCUELA DE SUBOFICIALES Y AGENTES GRAL MANUEL BELGRANO ANEXO RIO CUARTO,ESCUELA DE SUBOFICIALES Y AGENTES GENERAL MANUEL BELGRANO ANEXO RIO CUARTO,RIO CUARTO,RIO CUARTO,CÓRDOBA,140513104,GENERAL MOSCONI 486 BANDA NORTE HOSPITAL REGIONAL RIO IV
1452,ESCUELA DE SUBOFICIALES Y AGENTES GRAL MANUEL BELGRANO ANEXO RIO TERCERO,ESCUELA DE SUBOFICIALES Y AGENTES GENERAL MANUEL BELGRANO ANEXO RIO TERCERO,RIO TERCERO,TERCERO ARRIBA,CÓRDOBA,140513109,25 DE MAYO Y PJE VUCETICH  CENTRO RIO TERCERO
1456,ESCUELA DE SUBOFICIALES Y AGENTES GRAL MANUEL BELGRANO ANEXO SAN FRANCISCO,ESCUELA DE SUBOFICIALES Y AGENTES GENERAL MANUEL BELGRANO ANEXO SAN FRANCISCO,SAN FRANCISCO,SAN JUSTO,CÓRDOBA,140513108,FALUCHO S/N°  ROQUE SAENZ PEÑA SAN FRANCISCO
1457,ESCUELA DE SUBOFICIALES Y AGENTES GRAL MANUEL BELGRANO ANEXO VALLE HERMOSO,ESCUELA DE SUBOFICIALES Y AGENTES GENERAL MANUEL BELGRANO ANEXO VALLE HERMOSO,VALLE HERMOSO,PUNILLA,CÓRDOBA,140513107,GABOTTO S/N°  EL RINCON VALLE HERMOSO
1458,ESCUELA DE SUBOFICIALES Y AGENTES GRAL MANUEL BELGRANO ANEXO VILLA DOLORES,ESCUELA DE SUBOFICIALES Y AGENTES GENERAL MANUEL BELGRANO ANEXO VILLA DOLORES,VILLA DOLORES,SAN JAVIER,CÓRDOBA,140513103,AV. SAN MARTIN 152  VILLA DOLORES
1459,ESCUELA DEAN FUNES,ESCUELA DEAN FUNES,CAMPO ESNAOLA,RIO CUARTO,CÓRDOBA,140177100,CALLE PUBLICA S/N°   CAMPO ESNAOLA-CNIA.LA ARGENTINA P/VICUÑA MACKENNA
1460,ESCUELA DEAN FUNES,ESCUELA DEAN FUNES,SAN IGNACIO (LOTEO SAN JAVIER),CALAMUCHITA,CÓRDOBA,140183200,CAMINO PROVINCIAL SAN IGNACIO S/N°   SAN IGNACIO
1461,ESCUELA DEAN FUNES,ESCUELA DEAN FUNES,CORDOBA,CAPITAL,CÓRDOBA,140289700,ANA MARIA JANER 1551 PUEYRREDON B° PUEYRREDON
1462,ESCUELA DEAN GREGORIO FUNES,ESCUELA DEAN GREGORIO FUNES,EL DESCANSO(POR ARROYITO),SAN JUSTO,CÓRDOBA,140113800,CALLE PUBLICA S/N    EL DESCANSO
1463,ESCUELA DEAN GREGORIO FUNES,ESCUELA DEAN GREGORIO FUNES,EL BORDO,SAN ALBERTO,CÓRDOBA,140257200,CALLE PUBLICA   EL BORDO P/SAN PEDRO
1464,ESCUELA DEL BICENTENARIO,ESCUELA DEL BICENTENARIO,CORDOBA,CAPITAL,CÓRDOBA,140531200,CALLE PUBLICA  HEROES DE MALVINAS BARRIO HEROES DE MALVINAS
1465,ESCUELA DELIA MARGARITA AUZMENDI (EX ESC.S/N. DE Bº RAFUCHO),ESCUELA DELIA MARGARITA AUZMENDI (EX ESCUELA SIN NOMBRE DE B RAFUCHO),VICUÑA MACKENNA,RIO CUARTO,CÓRDOBA,140498800,GREGORIO RAMIREZ 988 RAFUCHO VICUÑA MACKENNA
1466,ESCUELA DIDIMO ARGAÑARAZ,ESCUELA DIDIMO ARGAÑARAZ,SANTA MARIA,SAN ALBERTO,CÓRDOBA,140038400,CALLE PUBLICA   SANTA MARIA P/SAN VICENTE-PEDANIA LAS TOSCAS
1467,ESCUELA DIRECTOR RAUL SOULE (EX NAC.N°241),ESCUELA DIRECTOR RAUL SOULE (EX NACIONAL 241),RIO BAMBA,PRESIDENTE ROQUE SAENZ PEÑA,CÓRDOBA,140298600,JOSEFA GORLERO   RIO BAMBA
1468,ESCUELA DOCTOR ADOLFO ALSINA,ESCUELA DOCTOR ADOLFO ALSINA,RIO CUARTO,RIO CUARTO,CÓRDOBA,140154200,AVENIDA GRAL JOSE GARIBALDI 740 BANDA NORTE RIO CUARTO
1527,ESCUELA DR. ALBERT BRUCE SABIN,ESCUELA DOCTOR ALBERT BRUCE SABIN,CORDOBA,CAPITAL,CÓRDOBA,140069000,CALLE PUBLICA S/N°  POSTA DE VARGAS B° POSTA DE VARGAS (CNO. A SAN ANTONIO KM 7 P/CORTADEROS DE LADRILLO)
1528,ESCUELA DR. ALEJANDRO GALLARDO,ESCUELA DOCTOR ALEJANDRO GALLARDO,CORDOBA,CAPITAL,CÓRDOBA,140005400,AGUSTIN ALCAIN 6032 GRANJA DE FUNES BARRIO GRANJA DE FUNES
1529,ESCUELA DR. ANTONIO SOBRAL,ESCUELA DOCTOR ANTONIO SOBRAL,VILLA NUEVA,GENERAL SAN MARTIN,CÓRDOBA,140062100,LOS ARRAYANES 152 CTALAMOCHITA VILLA NUEVA
1530,ESCUELA DR. ARTURO M. BAS,ESCUELA DOCTOR ARTURO M BAS,VILLA MARIA,GENERAL SAN MARTIN,CÓRDOBA,140221300,ARTURO M. BAS 210 LAS PLAYAS VILLA MARIA
1469,ESCUELA DOCTOR BENITO SORIA,ESCUELA DOCTOR BENITO SORIA,CORDOBA,CAPITAL,CÓRDOBA,140411000,BARBADOS Y HAITI  VICOR B° VICOR (DETRAS DE PLANTA RENAULT ARGENTINA-SANTA ISABEL
1470,ESCUELA DOCTOR BENJAMIN DUPONT,ESCUELA DOCTOR BENJAMIN DUPONT,ITALO,GENERAL ROCA,CÓRDOBA,140402600,LAVALLE 186  ITALO
1531,ESCUELA DR. CARLOS N. VERGARA,ESCUELA DOCTOR CARLOS N VERGARA,CORONEL MOLDES,RIO CUARTO,CÓRDOBA,140379200,JUAN JOSE PASO 8 ALBERDI CORONEL MOLDES (AL ESTE DE LAS VIAS DEL FERROCARRIL)
1532,ESCUELA DR. CARLOS TAGLE ACHAVAL (Bº C. DE LOS CUARTETOS),ESCUELA DOCTOR CARLOS TAGLE ACHAVAL (B C DE LOS CUARTETOS),CORDOBA,CAPITAL,CÓRDOBA,140503700,CALLE PUBLICA S/N°  29 DE MAYO B° 29 DE MAYO (CIUDAD DE LOS CUARTETOS)
1533,ESCUELA DR. CARLOS VAZ FERREIRA,ESCUELA DOCTOR CARLOS VAZ FERREIRA,CORDOBA,CAPITAL,CÓRDOBA,140265700,CLEMENTE ZARRAGA 1750 BELLA VISTA B°BELLA VISTA
1534,ESCUELA DR. DALMACIO V. SARSFIELD,ESCUELA DOCTOR DALMACIO V SARSFIELD,LA PARA,RIO PRIMERO,CÓRDOBA,140378800,MARIANO MORENO 1020 ROSEDAL LA PARA
1471,ESCUELA DOCTOR DALMACIO VELEZ SARSFIELD,ESCUELA DOCTOR DALMACIO VELEZ SARSFIELD,UNQUILLO,COLON,CÓRDOBA,140386600,SARMIENTO Y VELEZ SARSFIELD  PROGRESO UNQUILLO
1472,ESCUELA DOCTOR DALMACIO VELEZ SARSFIELD,ESCUELA DOCTOR DALMACIO VELEZ SARSFIELD,BELL VILLE,UNION,CÓRDOBA,140412600,VELEZ SARSFIELD 499 SAN VICENTE BELL VILLE
1535,ESCUELA DR. DALMACIO VELEZ SARSFIELD,ESCUELA DOCTOR DALMACIO VELEZ SARSFIELD,ARROYO CABRAL,GENERAL SAN MARTIN,CÓRDOBA,140062200,RIVADAVIA 410 CENTRO SUR ARROYO CABRAL
1536,ESCUELA DR. DALMACIO VELEZ SARSFIELD,ESCUELA DOCTOR DALMACIO VELEZ SARSFIELD,GUATIMOZIN,MARCOS JUAREZ,CÓRDOBA,140404100,AVENIDA CORDOBA 324 CENTRO GUATIMOZIN
1537,ESCUELA DR. EDUARDO PIO CARRILLO,ESCUELA DOCTOR EDUARDO PIO CARRILLO,MORTEROS,SAN JUSTO,CÓRDOBA,140173700,E. GALLO  ISLAS MALVINAS MORTEROS
1538,ESCUELA DR. EMILIO ESTEBAN SANCHEZ,ESCUELA DOCTOR EMILIO ESTEBAN SANCHEZ,CORDOBA,CAPITAL,CÓRDOBA,140001800,ANTONIO MACHONI 1700 AMPLIACION PALMAR B° AMPLIACION PALMAR(FABRICA SANCOR)
1539,ESCUELA DR. FLORENTINO FRANCISCO BUSTOS,ESCUELA DOCTOR FLORENTINO FRANCISCO BUSTOS,BOUWER,SANTA MARIA,CÓRDOBA,140317200,AVENIDA LIBERTADOR SAN MARTIN   BOUWER
1540,ESCUELA DR. FRANCISCO N. DE LAPRIDA,ESCUELA DOCTOR FRANCISCO N DE LAPRIDA,JESUS MARIA,COLON,CÓRDOBA,140328600,AV.LAPRIDA 649 ITALIA JESUS MARIA
1541,ESCUELA DR. FRANCISCO NARCISO LAPRIDA,ESCUELA DOCTOR FRANCISCO NARCISO LAPRIDA,LOS MOLLES,COLON,CÓRDOBA,140370800,CALLE PUBLICA   LOS MOLLES P/CNO.VIEJO A ESTACIÓN CAROYA
1473,ESCUELA DOCTOR FRANCISCO PASCASIO MORENO,ESCUELA DOCTOR FRANCISCO PASCASIO MORENO,POZO NUEVO,SOBREMONTE,CÓRDOBA,140216600,CALLE PUBLICA S/N    POZO NUEVO P/SAN FRANCISCO DEL CHAÑAR
1542,ESCUELA DR. HENOCH DOMINGO AGUIAR,ESCUELA DOCTOR HENOCH DOMINGO AGUIAR,CORDOBA,CAPITAL,CÓRDOBA,140228800,JOSE DE OLMEDO 650 LOS GIGANTES B° LOS GIGANTES
1474,ESCUELA DOCTOR JERONIMO DEL BARCO,ESCUELA DOCTOR JERONIMO DEL BARCO,VILLA PARQUE SIQUIMAN,PUNILLA,CÓRDOBA,140077600,RUTA 38 /KM  22.900  CENTRO VILLA PARQUE SIQUIMAN
1543,ESCUELA DR. JOSE BIANCO,ESCUELA DOCTOR JOSE BIANCO,VILLA MARIA,GENERAL SAN MARTIN,CÓRDOBA,140392300,MANUEL BELGRANO 302 CENTRO VILLA MARIA
1544,ESCUELA DR. JOSE FRANCISCO MIERES,ESCUELA DOCTOR JOSE FRANCISCO MIERES,COSQUIN,PUNILLA,CÓRDOBA,140263100,MANUEL MIERES 895 ALTO MIERES COSQUIN
1545,ESCUELA DR. JOSE GARCIA GONZALEZ,ESCUELA DOCTOR JOSE GARCIA GONZALEZ,ALTO ALEGRE,UNION,CÓRDOBA,140269900,JULIO A. ROCA 115  ALTO ALEGRE
1546,ESCUELA DR. JOSE MANUEL ESTRADA,ESCUELA DOCTOR JOSE MANUEL ESTRADA,JESUS MARIA,COLON,CÓRDOBA,140368600,CATAMARCA S/N°  PUEBLO NUEVO JESUS MARIA
1547,ESCUELA DR. JUAN B. ALBERDI,ESCUELA DOCTOR JUAN B ALBERDI,VILLA MARIA,GENERAL SAN MARTIN,CÓRDOBA,140392200,CARLOS PELLEGRINI 415 CENTRO VILLA MARIA
1548,ESCUELA DR. JUAN BIALET MASSE,ESCUELA DOCTOR JUAN BIALET MASSE,BIALET MASSE,PUNILLA,CÓRDOBA,140212000,ROQUE SAENZ PEÑA 91 CENTRO BIALET MASSE
1549,ESCUELA DR. JUAN JOSE CASTELLI,ESCUELA DOCTOR JUAN JOSE CASTELLI,SAN JOAQUIN,PRESIDENTE ROQUE SAENZ PEÑA,CÓRDOBA,140143800,CALLE PUBLICA S/N    SAN JOAQUIN
1550,ESCUELA DR. JUAN JOSE PASO,ESCUELA DOCTOR JUAN JOSE PASO,LA TORDILLA O COLONIA LA TORDILLA,SAN JUSTO,CÓRDOBA,140114400,CALLE PUBLICA   PARAJE POZO SALADO P/LA TORDILLA
1551,ESCUELA DR. JUAN JOSE PASO,ESCUELA DOCTOR JUAN JOSE PASO,LA CALERA,COLON,CÓRDOBA,140410400,AV. SAN MARTIN 772 CENTRO LA CALERA
1475,ESCUELA DOCTOR JUAN MANUEL ALBARENQUE,ESCUELA DOCTOR JUAN MANUEL ALBARENQUE,LAS BAJADAS,CALAMUCHITA,CÓRDOBA,140182800,CALLE PUBLICA   KM 730 P/RUTA NACIONAL N° 36
1552,ESCUELA DR. JUAN MANUEL PEREYRA,ESCUELA DOCTOR JUAN MANUEL PEREYRA,BENGOLEA,JUAREZ CELMAN,CÓRDOBA,140102900,SAN MARTIN 626  BENGOLEA
1553,ESCUELA DR. JUSTINO CESAR,ESCUELA DOCTOR JUSTINO CESAR,FRAY CAYETANO RODRIGUEZ,PRESIDENTE ROQUE SAENZ PEÑA,CÓRDOBA,140201200,CALLE PUBLICA S/N    FRAY CAYETANO RODRIGUEZ P/LABOULAYE
1554,ESCUELA DR. JUSTO ABEL CARTAS,ESCUELA DOCTOR JUSTO ABEL CARTAS,ALMAFUERTE,TERCERO ARRIBA,CÓRDOBA,140306400,CHILE Y SAN JUAN  ARENALES ALMAFUERTE
1555,ESCUELA DR. LUIS AUGUSTO CAEIRO,ESCUELA DOCTOR LUIS AUGUSTO CAEIRO,CORDOBA,CAPITAL,CÓRDOBA,140398500,ORTIZ Y HERRERA 1932 CRISOL NORTE
1250,ESCUELA  DR. LUIS EUSEBIO CAPPELLINI,ESCUELA DOCTOR LUIS EUSEBIO CAPPELLINI,LAS PLAYAS,CRUZ DEL EJE,CÓRDOBA,140029600,CALLE PUBLICA S/N°  EL ARROYO LAS PLAYAS - RUTA PROV. A 75 P/CNO. A MEDIA NARANJA
1556,ESCUELA DR. MATEO J. MOLINA,ESCUELA DOCTOR MATEO J MOLINA,LA FALDA,PUNILLA,CÓRDOBA,140174600,AVENIDA EDEN 445 CENTRO LA FALDA
1557,ESCUELA DR. MIGUEL ANGEL ZAVALA ORTIZ,ESCUELA DOCTOR MIGUEL ANGEL ZAVALA ORTIZ,CORDOBA,CAPITAL,CÓRDOBA,140366900,DIAZ DE LA FUENTE 3101 MATIENZO B° MATIENZO
1476,ESCUELA DOCTOR NICOLAS AVELLANEDA,ESCUELA DOCTOR NICOLAS AVELLANEDA,CORDOBA,CAPITAL,CÓRDOBA,140286200,CALLE PUBLICA S/N°  VILLA SAN CARLOS CNO. A SAN CARLOS KM 4
1477,ESCUELA DOCTOR NICOLAS AVELLANEDA,ESCUELA DOCTOR NICOLAS AVELLANEDA,VILLA MARIA,GENERAL SAN MARTIN,CÓRDOBA,140361700,BUENOS AIRES 2314 SAN MARTIN VILLA MARIA
1558,ESCUELA DR. NICOLAS AVELLANEDA,ESCUELA DOCTOR NICOLAS AVELLANEDA,PUNTA DE AGUA,SANTA MARIA,CÓRDOBA,140014800,CALLE PUBLICA S/N°   PARAJE PUNTA DE AGUA P/MALAGUEÑO
1559,ESCUELA DR. NICOLAS AVELLANEDA,ESCUELA DOCTOR NICOLAS AVELLANEDA,VILLA VALTELINA,SAN JUSTO,CÓRDOBA,140025100,SARMIENTO S/N°   VILLA VALTELINA
1560,ESCUELA DR. PABLO JULIO RODRIGUEZ,ESCUELA DOCTOR PABLO JULIO RODRIGUEZ,BALNEARIA,SAN JUSTO,CÓRDOBA,140191200,GENERAL LAVALLE 150 I.P.V. NORTE BALNEARIA
1561,ESCUELA DR. PABLO RUEDA,ESCUELA DOCTOR PABLO RUEDA,LA GRANJA,COLON,CÓRDOBA,140370700,Av. Los Fresnos S/N°   RUTA E 53
1562,ESCUELA DR. PABLO RUEDA,ESCUELA DOCTOR PABLO RUEDA,COLONIA TIROLESA,COLON,CÓRDOBA,140403300,AV. UMBERTO ILLIA 585 CENTRO RUTA A 74 KM 27
1563,ESCUELA DR. PEDRO C. MOLINA,ESCUELA DOCTOR PEDRO C MOLINA,ALMAFUERTE,TERCERO ARRIBA,CÓRDOBA,140305900,AV. BUENOS AIRES 455 BELGRANO ALMAFUERTE
1478,ESCUELA DOCTOR RAMON J. CARCANO,ESCUELA DOCTOR RAMON J CARCANO,CORDOBA,CAPITAL,CÓRDOBA,140409300,GRAL.JUAN JOSE VIAMONTE 446 GENERAL PAZ B° GENERACENTRO CULTURAL GRAL. PAZ
1564,ESCUELA DR. RAMON J. CARCANO,ESCUELA DOCTOR RAMON J CARCANO,COLONIA ANITA,SAN JUSTO,CÓRDOBA,140028400,CALLE PUBLICA S/N    COLONIA ANITA P/FREYRE
1567,ESCUELA DR.RENE FAVALORO,ESCUELA DOCTOR RENE FAVALORO,GENERAL DEHEZA,JUAREZ CELMAN,CÓRDOBA,140499500,CHACO 497 POLIDEPORTIVO GENERAL DEHEZA
1565,ESCUELA DR. RENE FAVALORO (EX DE B° 16 DE NOVIEMBRE),ESCUELA DOCTOR RENE FAVALORO (EX DE B 16 DE NOVIEMBRE),CORDOBA,CAPITAL,CÓRDOBA,140478000,AV. CENTRAL DEL LOTEO S/N°  16 DE NOVIEMBRE B° 16 DE NOVIEMBRE
1566,ESCUELA DR. RICARDO LEVENE,ESCUELA DOCTOR RICARDO LEVENE,SAUCE ARRIBA,SAN ALBERTO,CÓRDOBA,140145800,CALLE PUBLICA   PARAJE PIEDRA PINTADA QUE PERTENECE A LA LOC. SAUCE ARRIBA
1479,ESCUELA DOCTOR VIRGILIO BARBALATO,ESCUELA DOCTOR VIRGILIO BARBALATO,GENERAL LEVALLE,PRESIDENTE ROQUE SAENZ PEÑA,CÓRDOBA,140298500,CARLOS PELLEGRINI 331 SUR GENERAL LEVALLE
1480,ESCUELA DOCTORA CECILIA GRIERSON,ESCUELA DOCTORA CECILIA GRIERSON,LOS COCOS,PUNILLA,CÓRDOBA,140264000,INTENDENTE BAUTISTA MAFFASSANTI  CENTRO LOS COCOS
1568,ESCUELA DRA. LILIANA BEATRIZ SARMIENTO HERRERA,ESCUELA DOCTORA LILIANA BEATRIZ SARMIENTO HERRERA,CORDOBA,CAPITAL,CÓRDOBA,140528400,LA ILUSION S/N  LOS BOULEVARES ANEXO B° LOS BOULEVARES ANEXO
1481,ESCUELA DOLORES MOYANO DIAZ,ESCUELA DOLORES MOYANO DIAZ,LUQUE,RIO SEGUNDO,CÓRDOBA,140116100,25 DE MAYO 582  LUQUE
1482,ESCUELA DOMIGO FAUSTINO SARMIENTO,ESCUELA DOMIGO FAUSTINO SARMIENTO,PUESTO VIEJO,TULUMBA,CÓRDOBA,140298000,CALLE PUBLICA ZONA RURAL   PUESTO VIEJO P/SAN JOSE DE LA DORMIDA
1483,ESCUELA DOMINGO F. SARMIENTO,ESCUELA DOMINGO F SARMIENTO,PASCO,GENERAL SAN MARTIN,CÓRDOBA,140018200,SARMIENTO 370  PASCO
1484,ESCUELA DOMINGO F. SARMIENTO,ESCUELA DOMINGO F SARMIENTO,MEDIA LUNA SUR,RIO PRIMERO,CÓRDOBA,140275100,CALLE PUBLICA   MEDIA LUNA SUD
1485,ESCUELA DOMINGO F. SARMIENTO,ESCUELA DOMINGO F SARMIENTO,VILLA SARMIENTO,GENERAL ROCA,CÓRDOBA,140341700,CALLE PUBLICA   VILLA SARMIENTO
1486,ESCUELA DOMINGO F. SARMIENTO,ESCUELA DOMINGO F SARMIENTO,HUINCA RENANCO,GENERAL ROCA,CÓRDOBA,140364100,PTE. JUAN D.PERON 75 VILLA TORROBA HUINCA RENANCO
1487,ESCUELA DOMINGO F. SARMIENTO,ESCUELA DOMINGO F SARMIENTO,ALEJO LEDESMA,MARCOS JUAREZ,CÓRDOBA,140414000,LEANDRO N.ALEM 574 SAN CAYETANO ESTE ALEJO LEDESMA
1488,ESCUELA DOMINGO FAUSTINO SARMIENTO,ESCUELA DOMINGO FAUSTINO SARMIENTO,FALDA DEL CARMEN,SANTA MARIA,CÓRDOBA,140015100,CALLE PUBLICA   FALDA DEL CARMEN
1489,ESCUELA DOMINGO FAUSTINO SARMIENTO,ESCUELA DOMINGO FAUSTINO SARMIENTO,CRUZ DEL EJE,CRUZ DEL EJE,CÓRDOBA,140024700,HIPOLITO YRIGOYEN 247 CENTRO CRUZ DEL EJE
1490,ESCUELA DOMINGO FAUSTINO SARMIENTO,ESCUELA DOMINGO FAUSTINO SARMIENTO,COLONIA VIDELA,RIO SEGUNDO,CÓRDOBA,140031900,JOAQUÍN CURTO S/N   COLONIA VIDELA
1491,ESCUELA DOMINGO FAUSTINO SARMIENTO,ESCUELA DOMINGO FAUSTINO SARMIENTO,RIO CUARTO,RIO CUARTO,CÓRDOBA,140088700,FRAY MAMERTO ESQUIU 1045 BIMACO RIO CUARTO
1492,ESCUELA DOMINGO FAUSTINO SARMIENTO,ESCUELA DOMINGO FAUSTINO SARMIENTO,SAN FRANCISCO,SAN JUSTO,CÓRDOBA,140093100,ALMAFUERTE 104 ROCA SAN FRANCISCO
1493,ESCUELA DOMINGO FAUSTINO SARMIENTO,ESCUELA DOMINGO FAUSTINO SARMIENTO,MENDIOLAZA,COLON,CÓRDOBA,140098400,MALVINAS ARGENTINAS esq SARMIENTO  CENTRO MENDIOLAZA
1494,ESCUELA DOMINGO FAUSTINO SARMIENTO,ESCUELA DOMINGO FAUSTINO SARMIENTO,EL FORTIN,SAN JUSTO,CÓRDOBA,140099300,MATEO OLIVERO 576  EL FORTIN
1495,ESCUELA DOMINGO FAUSTINO SARMIENTO,ESCUELA DOMINGO FAUSTINO SARMIENTO,MONTE LEÑA,UNION,CÓRDOBA,140103000,CARDO 146  MONTE LEÑA
1496,ESCUELA DOMINGO FAUSTINO SARMIENTO,ESCUELA DOMINGO FAUSTINO SARMIENTO,VILLA LOS AROMOS,SANTA MARIA,CÓRDOBA,140105200,LOS CRESPONES 308 EL VIVERO VILLA LOS AROMOS
1497,ESCUELA DOMINGO FAUSTINO SARMIENTO,ESCUELA DOMINGO FAUSTINO SARMIENTO,LA PAISANITA,SANTA MARIA,CÓRDOBA,140105300,CALLE PUBLICA S/N°   PARAJE LA ISLA P/LA PAISANITA (frente a La Colonia)
1498,ESCUELA DOMINGO FAUSTINO SARMIENTO,ESCUELA DOMINGO FAUSTINO SARMIENTO,RIO TERCERO,TERCERO ARRIBA,CÓRDOBA,140122900,RIO BERMEJO 1188 SARMIENTO RIO TERCERO
1499,ESCUELA DOMINGO FAUSTINO SARMIENTO,ESCUELA DOMINGO FAUSTINO SARMIENTO,LOS CISNES,JUAREZ CELMAN,CÓRDOBA,140128400,SRITA  BERIDIANA BAIGORRI 229  LOS CISNES
1500,ESCUELA DOMINGO FAUSTINO SARMIENTO,ESCUELA DOMINGO FAUSTINO SARMIENTO,COLONIA 10 DE JULIO,SAN JUSTO,CÓRDOBA,140132300,CALLE PUBLICA   COLONIA 10 DE JULIO (P/MORTEROS)
1501,ESCUELA DOMINGO FAUSTINO SARMIENTO,ESCUELA DOMINGO FAUSTINO SARMIENTO,SAIRA,MARCOS JUAREZ,CÓRDOBA,140147500,SAN MARTIN 540  SAIRA
1502,ESCUELA DOMINGO FAUSTINO SARMIENTO,ESCUELA DOMINGO FAUSTINO SARMIENTO,EL BARRIAL,MINAS,CÓRDOBA,140162800,CALLE PUBLICA   EL BARRIAL P/EL CHACHO
1503,ESCUELA DOMINGO FAUSTINO SARMIENTO,ESCUELA DOMINGO FAUSTINO SARMIENTO,EL CRISPIN,RIO PRIMERO,CÓRDOBA,140180100,CALLE PUBLICA S/N    EL CRESPIN P/SANTA ROSA DE RIO I°
1504,ESCUELA DOMINGO FAUSTINO SARMIENTO,ESCUELA DOMINGO FAUSTINO SARMIENTO,RIO CEBALLOS,COLON,CÓRDOBA,140198400,DORREGO  LA QUEBRADA RIO CEBALLOS
1505,ESCUELA DOMINGO FAUSTINO SARMIENTO,ESCUELA DOMINGO FAUSTINO SARMIENTO,VILLA MARIA,GENERAL SAN MARTIN,CÓRDOBA,140205500,JUAREZ CELMAN 685 LA CALERA VILLA MARIA
1506,ESCUELA DOMINGO FAUSTINO SARMIENTO,ESCUELA DOMINGO FAUSTINO SARMIENTO,LA CRUZ,CALAMUCHITA,CÓRDOBA,140237000,SARMIENTO 376  LA CRUZ
1507,ESCUELA DOMINGO FAUSTINO SARMIENTO,ESCUELA DOMINGO FAUSTINO SARMIENTO,LAS PERDICES,TERCERO ARRIBA,CÓRDOBA,140256700,SARMIENTO 724  LAS PERDICES
1508,ESCUELA DOMINGO FAUSTINO SARMIENTO,ESCUELA DOMINGO FAUSTINO SARMIENTO,PIQUILLIN,RIO PRIMERO,CÓRDOBA,140274600,AVENIDA SARMIENTO E 74 LAS ROSAS PIQUILLIN
1509,ESCUELA DOMINGO FAUSTINO SARMIENTO,ESCUELA DOMINGO FAUSTINO SARMIENTO,DEVOTO,SAN JUSTO,CÓRDOBA,140309500,SARMIENTO 325  DEVOTO
1510,ESCUELA DOMINGO FAUSTINO SARMIENTO,ESCUELA DOMINGO FAUSTINO SARMIENTO,HUANCHILLAS,JUAREZ CELMAN,CÓRDOBA,140320900,CARLOS ALBERTO MAYOL   HUANCHILLAS
1511,ESCUELA DOMINGO FAUSTINO SARMIENTO,ESCUELA DOMINGO FAUSTINO SARMIENTO,LA CAROLINA,RIO CUARTO,CÓRDOBA,140324100,SARMIENTO   LA CAROLINA-EL POTOSI
1512,ESCUELA DOMINGO FAUSTINO SARMIENTO,ESCUELA DOMINGO FAUSTINO SARMIENTO,PUESTO DE CASTRO,RIO SECO,CÓRDOBA,140327600,DOMINGO FAUSTINO SARMIENTO   PUESTO DE CASTRO
1513,ESCUELA DOMINGO FAUSTINO SARMIENTO,ESCUELA DOMINGO FAUSTINO SARMIENTO,TANTI,PUNILLA,CÓRDOBA,140327900,MARIANO MORENO 597 VILLA NUEVA TANTI
1514,ESCUELA DOMINGO FAUSTINO SARMIENTO,ESCUELA DOMINGO FAUSTINO SARMIENTO,SERRANO,PRESIDENTE ROQUE SAENZ PEÑA,CÓRDOBA,140348900,JUAN XXIII 321  SERRANO
1515,ESCUELA DOMINGO FAUSTINO SARMIENTO,ESCUELA DOMINGO FAUSTINO SARMIENTO,NONO,SAN ALBERTO,CÓRDOBA,140349900,SARMIENTO 223 CENTRO NONO
1516,ESCUELA DOMINGO FAUSTINO SARMIENTO,ESCUELA DOMINGO FAUSTINO SARMIENTO,COLONIA CAROYA,COLON,CÓRDOBA,140356900,MAXIMILIANO D'OLIVO 2000 LOS CHAÑARES LOS CHAÑARES
1517,ESCUELA DOMINGO FAUSTINO SARMIENTO,ESCUELA DOMINGO FAUSTINO SARMIENTO,OLIVA,TERCERO ARRIBA,CÓRDOBA,140368300,JUAN MARENGO 44 MEDALLA MILAGROSA OLIVA
1518,ESCUELA DOMINGO FAUSTINO SARMIENTO,ESCUELA DOMINGO FAUSTINO SARMIENTO,MATORRALES,RIO SEGUNDO,CÓRDOBA,140370300,SARMIENTO 218  MATORRALES
1519,ESCUELA DOMINGO FAUSTINO SARMIENTO,ESCUELA DOMINGO FAUSTINO SARMIENTO,ACHIRAS,RIO CUARTO,CÓRDOBA,140376000,SARMIENTO 425  ACHIRAS
1520,ESCUELA DOMINGO FAUSTINO SARMIENTO,ESCUELA DOMINGO FAUSTINO SARMIENTO,ALPA CORRAL,RIO CUARTO,CÓRDOBA,140376500,LOS LIGUSTROS S/N   ALPA CORRAL
1521,ESCUELA DOMINGO FAUSTINO SARMIENTO,ESCUELA DOMINGO FAUSTINO SARMIENTO,RIO DE LOS SAUCES,CALAMUCHITA,CÓRDOBA,140376800,SARMIENTO   RIO DE LOS SAUCES
1522,ESCUELA DOMINGO FAUSTINO SARMIENTO,ESCUELA DOMINGO FAUSTINO SARMIENTO,LOS CHAÑARITOS N° 1,CRUZ DEL EJE,CÓRDOBA,140385400,CALLE PUBLICA  LAPRIDA LOS CHAÑARITOS N° 1
1523,ESCUELA DOMINGO FAUSTINO SARMIENTO,ESCUELA DOMINGO FAUSTINO SARMIENTO,COLONIA BARGE,MARCOS JUAREZ,CÓRDOBA,140404800,CALLE N°5   COLONIA BARGE
1524,ESCUELA DOMINGO FAUSTINO SARMIENTO,ESCUELA DOMINGO FAUSTINO SARMIENTO,BRINCKMANN,SAN JUSTO,CÓRDOBA,140555300,CASEROS 140 MANUEL BELGRANO BRIKMAN - SAN JUSTO
1525,ESCUELA DOÑA ANITA GIAVENO DE SACAVINO,ESCUELA DOÑA ANITA GIAVENO DE SACAVINO,BRINCKMANN,SAN JUSTO,CÓRDOBA,140224000,SARMIENTO 1903 JARDIN BRINKMANN
1526,ESCUELA DORA SANTANA DE PEREZ ARES,ESCUELA DORA SANTANA DE PEREZ ARES,CALCHIN OESTE,RIO SEGUNDO,CÓRDOBA,140168200,CALLE PUBLICA   COLONIA CALCHIN OESTE
1569,ESCUELA EDUARDO WILDE,ESCUELA EDUARDO WILDE,EL QUEBRACHAL,COLON,CÓRDOBA,140235300,AV. ARTURO CAPDEVILA (KM. 16)   EL QUEBRACHAL  P/KM 16
1570,ESCUELA EDUVIGIS GRAU DE LLABRES,ESCUELA EDUVIGIS GRAU DE LLABRES,COSQUIN,PUNILLA,CÓRDOBA,140262200,MOSCONI 641 LA HUELGA COSQUIN
1571,ESCUELA EJERCITO ARGENTINO,ESCUELA EJERCITO ARGENTINO - ITUZAINGO,CORDOBA,CAPITAL,CÓRDOBA,140015900,STEPHENSON  6900 ITUZAINGO
1572,ESCUELA EJERCITO ARGENTINO,ESCUELA EJERCITO ARGENTINO - JARDIN DEL PILAR,CORDOBA,CAPITAL,CÓRDOBA,140125000,QUILMES  JARDIN DEL PILAR Al lado de la cancha del Centro Vecinal
1573,ESCUELA EJERCITO ARGENTINO,ESCUELA EJERCITO ARGENTINO - VILLA SIBURU,CORDOBA,CAPITAL,CÓRDOBA,140343200,LA RIOJA 3453 VILLA SIBURU B°VILLA SIBURU
1574,ESCUELA EJERCITO DE LOS ANDES,ESCUELA EJERCITO DE LOS ANDES,CORDOBA,CAPITAL,CÓRDOBA,140400600,GENERAL TOMAS GUIDO 114 SAN MARTIN B° SAN MARTIN
1575,ESCUELA EL ALGARROBO,ESCUELA EL ALGARROBO,ANIZACATE,SANTA MARIA,CÓRDOBA,140562500,EL VALLE S/N°  PARQUE LA LILA ANISACATE (CENTRO CULTURAL MUNICIPAL)
1576,ESCUELA EL GRAN CAPITAN,ESCUELA EL GRAN CAPITAN,ALEJANDRO ROCA,JUAREZ CELMAN,CÓRDOBA,140312100,SARMIENTO 25 CENTRO ALEJANDRO ROCA
1577,ESCUELA ELENA AMALIA LOPEZ LALLANA (EX S/N DE B° 1° DE MAYO),ESCUELA ELENA AMALIA LOPEZ LALLANA (EX SIN NOMBRE DE B 1 DE MAYO),CORDOBA,CAPITAL,CÓRDOBA,140478100,AGUSTIN GARZON 5600 1º DE MAYO B° 1º DE MAYO
1578,ESCUELA ELISA KOPSTEIN DE LITVACK,ESCUELA ELISA KOPSTEIN DE LITVACK,CORDOBA,CAPITAL,CÓRDOBA,140057800,CUIMAN 6543 LA SALLE B° LA SALLE
1579,ESCUELA ELLY POLEMAN DE REGENSBURGER,ESCUELA ELLY POLEMAN DE REGENSBURGER,CAVANAGH,MARCOS JUAREZ,CÓRDOBA,140217900,ALMIRANTE BROWN 454  CAVANAGH
1580,ESCUELA ELOY GOMEZ (EX NACIONAL Nº 316),ESCUELA ELOY GOMEZ (EX NACIONAL 316),FALDA DE LOS REARTES,CALAMUCHITA,CÓRDOBA,140006500,RUTA PROVINCIAL N°5 KM 74   FALDA DE LOS REARTES
1581,ESCUELA ELPIDIO GONZALEZ,ESCUELA ELPIDIO GONZALEZ,COLONIA AMALIA,SAN JUSTO,CÓRDOBA,140029200,ZONA RURAL   COLONIA AMALIA P/DEVOTO
1582,ESCUELA ELPIDIO TORRES,ESCUELA ELPIDIO TORRES,CORDOBA,CAPITAL,CÓRDOBA,140500700,CALLE PUBLICA  S.M.A.T.A.
1583,ESCUELA ELSA MOLINA DE CODO,ESCUELA ELSA MOLINA DE CODO,COLONIA SAN PEDRO,SAN JUSTO,CÓRDOBA,140133000,9 DE JULIO   COLONIA SAN PEDRO
1584,ESCUELA EMILIO ANDRES,ESCUELA EMILIO ANDRES,MARCOS JUAREZ,MARCOS JUAREZ,CÓRDOBA,140281200,RUTA NACIONAL N?9-KM.444  VILLA EL PANAL MARCOS JUAREZ-RUTA NAC.N? 9- KM.444
1585,ESCUELA EMILIO FELIPE OLMOS,ESCUELA EMILIO FELIPE OLMOS,ONCATIVO,RIO SEGUNDO,CÓRDOBA,140211600,RIVADAVIA 795 CENTRO ONCATIVO
1586,ESCUELA EMILIO FELIPE OLMOS,ESCUELA EMILIO FELIPE OLMOS,LUYABA,SAN JAVIER,CÓRDOBA,140219400,CALLE PUBLICA S/N   LUYABA P/RUTA PROV. Nº14
1587,ESCUELA EMILIO FELIPE OLMOS,ESCUELA EMILIO FELIPE OLMOS,SAN JOSE,SAN JAVIER,CÓRDOBA,140358000,AV. SAN MARTIN  CENTRO SAN JOSE
1588,ESCUELA EMILIO FELIPE OLMOS,ESCUELA EMILIO FELIPE OLMOS,GENERAL CABRERA,JUAREZ CELMAN,CÓRDOBA,140384000,20 DE SEPTIEMBRE 584 CENTRO GENERAL CABRERA
1589,ESCUELA ENRIQUE LARRETA,ESCUELA ENRIQUE LARRETA,ALTA GRACIA,SANTA MARIA,CÓRDOBA,140003400,PEDRO BUTORI 356 EL CAÑITO ALTA GRACIA(A 36 KM DE CORDOBA-CAPITAL)
1590,ESCUELA ERNESTO ARRIETA,ESCUELA ERNESTO ARRIETA,EL SIMBOLAR,CRUZ DEL EJE,CÓRDOBA,140197100,CALLE PUBLICA   LAS PIEDRITAS
1591,ESCUELA ERNESTO BANCALARI,ESCUELA ERNESTO BANCALARI,CORDOBA,CAPITAL,CÓRDOBA,140027900,MONTERROSO 4597 GENERAL ARTIGAS
1592,ESCUELA ERNESTO BAVIO,ESCUELA ERNESTO BAVIO,CRUZ DEL EJE,CRUZ DEL EJE,CÓRDOBA,140287900,PELLEGRINI 150 CENTRO CRUZ DEL EJE
1593,ESCUELA ERNESTO JUSTO PERALTA,ESCUELA ERNESTO JUSTO PERALTA,COLONIA MIRAMAR,SAN JUSTO,CÓRDOBA,140133100,CALLE PUBLICA S/N    COLONIA MIRAMAR
1594,ESCUELA ESCRIBANO FRANSISCO CORNAVACA,ESCUELA ESCRIBANO FRANSISCO CORNAVACA,PUEBLO COMECHINGONES,RIO PRIMERO,CÓRDOBA,140183600,SARMIENTO ESQ.25 DE MAYO   COMECHINGONES
1595,ESCUELA ESPAÑA,ESCUELA ESPAÑA,CORDOBA,CAPITAL,CÓRDOBA,140291600,MARIO BRAVO 1323 ACOSTA B° ACOSTA
1155,ESC. ESP. ANA NICOLA,ESCUELA ESPECIAL ANA NICOLA,VILLA HUIDOBRO,GENERAL ROCA,CÓRDOBA,140441200,PASAJE SAN JOSE DE CALASANZ S/N°   VILLA HUIDOBRO
1156,ESC. ESP. ANA NICOLA ANEXO HUINCA RENANCO,ESCUELA ESPECIAL ANA NICOLA ANEXO HUINCA RENANCO,HUINCA RENANCO,GENERAL ROCA,CÓRDOBA,140441201,FRANCIA 99 Norte HUINCA RENANCO
1596,ESCUELA ESPECIAL ANA SULLIVAN,ESCUELA ESPECIAL ANA SULLIVAN,SAN FRANCISCO,SAN JUSTO,CÓRDOBA,140321600,GOBERNADOR DANTE AGODINO 244 LA FLORIDA SAN FRANCISCO
1597,ESCUELA ESPECIAL ANA SULLIVAN ANEXO PORTEÑA,ESCUELA ESPECIAL ANA SULLIVAN ANEXO PORTEÑA,PORTEÑA,SAN JUSTO,CÓRDOBA,140321601,AVENIDA CORDOBA  110 CENTRO PORTEÑA
1598,ESCUELA ESPECIAL ARCO IRIS,ESCUELA ESPECIAL ARCO IRIS,LABOULAYE,PRESIDENTE ROQUE SAENZ PEÑA,CÓRDOBA,140389600,AV. QUINTANA 220 BELGRANO LABOULAYE
1599,ESCUELA ESPECIAL ARCO IRIS ANEXO SERRANO,ESCUELA ESPECIAL ARCO IRIS ANEXO SERRANO,SERRANO,PRESIDENTE ROQUE SAENZ PEÑA,CÓRDOBA,140389601,AVENIDA ARGENTINA s/n°   SERRANO
1157,ESC. ESP. ARMINDA ABERASTURY,ESCUELA ESPECIAL ARMINDA ABERASTURY,CANALS,UNION,CÓRDOBA,140399700,AVELLANEDA 284 SUR CANALS
1158,ESC. ESP. ARNALDO A.J.SOLSONA ANEXO VILLA DE MARIA,ESCUELA ESPECIAL ARNALDO A J SOLSONA ANEXO VILLA DE MARIA,VILLA DE MARIA,RIO SECO,CÓRDOBA,140470702,CERRO COLORADO S/N   VILLA DE MARIA
1159,ESC. ESP. ARNALDO ANTONIO JOSE SOLSONA,ESCUELA ESPECIAL ARNALDO ANTONIO JOSE SOLSONA,VILLA DEL TOTORAL,TOTORAL,CÓRDOBA,140470700,REPUBLICA ARGENTINA S/N°  SOL NACIENTE VILLA DEL TOTORAL
1160,ESC. ESP. BILINGÜE PARA SORDOS (IBIS),ESCUELA ESPECIAL BILINGÜE PARA SORDOS (IBIS),CORDOBA,CAPITAL,CÓRDOBA,140227300,JUAN HIPOLITO VIEYTES 131 ALTO ALBERDI B° ALTO ALBERDI
1230,ESC.ESP. BLANCA ESTELA FEIT,ESCUELA ESPECIAL BLANCA ESTELA FEIT,CORDOBA,CAPITAL,CÓRDOBA,140126800,AV. DON BOSCO 3950 LAS PALMAS Bª LAS PALMAS
1600,ESCUELA ESPECIAL CARLOS BESSO,ESCUELA ESPECIAL CARLOS BESSO,RIO SEGUNDO,RIO SEGUNDO,CÓRDOBA,140020500,VENEZUELA S/N°  FRANCISCO MARTINEZ RIO SEGUNDO
1161,ESC. ESP. CAROLINA TOBAR GARCIA,ESCUELA ESPECIAL CAROLINA TOBAR GARCIA,ARROYITO,SAN JUSTO,CÓRDOBA,140393200,ANTONIO BALLATORE 1016  ARROYITO
1601,ESCUELA ESPECIAL CRECER,ESCUELA ESPECIAL CRECER,LUQUE,RIO SEGUNDO,CÓRDOBA,140326100,SANTA FE 837 SAN IGNACIO LUQUE
1162,ESC. ESP. DE ATENCION P/DISCAP. AUDITIVOS (EX R.M.PIDAL),ESCUELA ESPECIAL DE ATENCION PARA DISCAPACITADOS AUDITIVOS (EX R M PIDAL),RIO CUARTO,RIO CUARTO,CÓRDOBA,140500600,MAIPU 2546 BIMACO RIO CUARTO
1163,ESC. ESP. DR. ALFREDO TOMAS BRUNO,ESCUELA ESPECIAL DOCTOR ALFREDO TOMAS BRUNO,GENERAL LEVALLE,PRESIDENTE ROQUE SAENZ PEÑA,CÓRDOBA,140201100,BERNARDINO ANCE 523 NORTE GRAL. LEVALLE
1164,ESC. ESP. DR. ARTURO M. BARBERO,ESCUELA ESPECIAL DOCTOR ARTURO M BARBERO,LA FRANCIA,SAN JUSTO,CÓRDOBA,140357200,INTENDENTE MARCONETTI 297  LA FRANCIA
1165,ESC. ESP. DR. ARTURO M. BARBERO ANEXO DEVOTO,ESCUELA ESPECIAL DOCTOR ARTURO M BARBERO ANEXO DEVOTO,DEVOTO,SAN JUSTO,CÓRDOBA,140357201,ESTEEBAN LARCO 516  DEVOTO
1166,ESC. ESP. DR. ARTURO UMBERTO ILLIA,ESCUELA ESPECIAL DOCTOR ARTURO UMBERTO ILLIA,CRUZ DEL EJE,CRUZ DEL EJE,CÓRDOBA,140251500,GENERAL BUSTOS S/N°  FATIMA CRUZ DEL EJE
1167,ESC. ESP. DR. ARTURO UMBERTO ILLIA ANEXO PIEDRAS ANCHAS,ESCUELA ESPECIAL DOCTOR ARTURO UMBERTO ILLIA ANEXO PIEDRAS ANCHAS,PIEDRAS ANCHAS,MINAS,CÓRDOBA,140251501,RUTA PROVINCIAL Nº 15   PIEDRAS ANCHAS P/SAN CARLOS MINAS
1168,ESC. ESP. DR. ARTURO UMBERTO ILLIA ANEXO VILLA DE SOTO,ESCUELA ESPECIAL DOCTOR ARTURO UMBERTO ILLIA ANEXO VILLA DE SOTO,VILLA DE SOTO,CRUZ DEL EJE,CÓRDOBA,140251502,MONTEVIDEO S/N  LAS FLORES
1169,ESC. ESP. DR. DOMINGO CABRED,ESCUELA ESPECIAL DOCTOR DOMINGO CABRED,CORDOBA,CAPITAL,CÓRDOBA,140242900,AV. MAESTRO MARCELO LOPEZ 2650 CIUDAD UNIVERSITARIA Ba. CIUDAD UNIVERSITARIA
1170,ESC. ESP. DR. JERONIMO DE MORAGAS,ESCUELA ESPECIAL DOCTOR JERONIMO DE MORAGAS,CORDOBA,CAPITAL,CÓRDOBA,140243000,PAMPAYASTA 3080 AMPLIACION SAN CARLOS
1171,ESC. ESP. DR. JERONIMO DE MORAGAS ANEXO DE MONTECRISTO,ESCUELA ESPECIAL DOCTOR JERONIMO DE MORAGAS ANEXO DE MONTECRISTO,MONTECRISTO,RIO PRIMERO,CÓRDOBA,140243001,SARMIENTO 615 MALVINAS ARGENTINAS MONTECRISTO
1172,ESC. ESP. DR. JORGE LOINAS,ESCUELA ESPECIAL DOCTOR JORGE LOINAS,MARCOS JUAREZ,MARCOS JUAREZ,CÓRDOBA,140070800,SAN MARTIN 1145 CENTRO MARCOS JUAREZ
1602,ESCUELA ESPECIAL DR. JOSE REYES CONTRERAS,ESCUELA ESPECIAL DOCTOR JOSE REYES CONTRERAS,COSQUIN,PUNILLA,CÓRDOBA,140262400,MONSEÑOR D'ANDREA 2300 SANTA TERESITA COSQUIN
1603,ESCUELA ESPECIAL DR. JOSE REYES CONTRERAS ANEXO LA CALERA,ESCUELA ESPECIAL DOCTOR JOSE REYES CONTRERAS ANEXO LA CALERA,LA CALERA,COLON,CÓRDOBA,140262401,RIO DE LA PLATA 941 MINETTI LA CALERA
1231,ESC.ESP. DR. LUIS GANEM,ESCUELA ESPECIAL DOCTOR LUIS GANEM,VICUÑA MACKENNA,RIO CUARTO,CÓRDOBA,140379300,INT. LORENZO GOMEZ 1012 SAN VICENTE VICUÑA MACKENNA
1232,ESC.ESP. DR. LUIS GANEM ANEXO DEL CAMPILLO,ESCUELA ESPECIAL DOCTOR LUIS GANEM ANEXO DEL CAMPILLO,DEL CAMPILLO,GENERAL ROCA,CÓRDOBA,140379301,MARIANO MORENO S/N°  COOK DEL CAMPILLO
1604,ESCUELA ESPECIAL DR. RAUL CARREA,ESCUELA ESPECIAL DOCTOR RAUL CARREA,CORDOBA,CAPITAL,CÓRDOBA,140270600,INDEPENDENCIA 375 CENTRO Bº CENTRO
1605,ESCUELA ESPECIAL DRA. CAROLINA ANA MOSCA,ESCUELA ESPECIAL DOCTORA CAROLINA ANA MOSCA,CORDOBA,CAPITAL,CÓRDOBA,140021300,BRASIL 100 GUEMES B° GUEMES
1606,ESCUELA ESPECIAL DRA. CAROLINA ANA MOSCA ANEXO ALTA GRACIA,ESCUELA ESPECIAL DOCTORA CAROLINA ANA MOSCA ANEXO ALTA GRACIA,ALTA GRACIA,SANTA MARIA,CÓRDOBA,140021301,ELSA COLICA 100 PARQUE SAN JUAN ALTA GRACIA
1607,ESCUELA ESPECIAL DRA. CECILIA GRIERSON,ESCUELA ESPECIAL DOCTORA CECILIA GRIERSON,RIO CUARTO,RIO CUARTO,CÓRDOBA,140348200,ARROYO PIEDRAS BLANCAS S/N°  SAN JOSE DE CALASANZ RIO CUARTO
1173,ESC. ESP. DRA. LYDIA FOGUELMAN DE CORIAT,ESCUELA ESPECIAL DOCTORA LYDIA FOGUELMAN DE CORIAT,CORDOBA,CAPITAL,CÓRDOBA,140441100,JACINTO RIOS 688 GENERAL PAZ Bº GENERAL PAZ
1233,ESC.ESP. DRA. TELMA RECA DE ACOSTA,ESCUELA ESPECIAL DOCTORA TELMA RECA DE ACOSTA,VILLA DOLORES,SAN JAVIER,CÓRDOBA,140112700,GENERAL PAZ 1757 PARQUE VILLA DOLORES A DOS CUADRAS DEL HOSPITAL REGIONAL
1608,ESCUELA ESPECIAL EL BARRILETE,ESCUELA ESPECIAL EL BARRILETE,CORDOBA,CAPITAL,CÓRDOBA,140560800,MAESTRO LOPEZ S/N  CIUDAD UNIVERSITARIA CIUDAD UNIVERSITARIA
1237,ESC.ESP.ENRIQUE A.GONZALEZ,ESCUELA ESPECIAL ENRIQUE A GONZALEZ,CRUZ ALTA,MARCOS JUAREZ,CÓRDOBA,140204500,SARMIENTO 1007 RIVADAVIA CRUZ ALTA
1609,ESCUELA ESPECIAL ERNESTO SORIA,ESCUELA ESPECIAL ERNESTO SORIA,CORONEL MOLDES,RIO CUARTO,CÓRDOBA,140375400,ARGERICH 251 SAN JUAN CORONEL MOLDES
1610,ESCUELA ESPECIAL ESTACION GENERAL PAZ,ESCUELA ESPECIAL ESTACION GENERAL PAZ,GENERAL PAZ,COLON,CÓRDOBA,140550500,SAN LUIS   GENERAL PAZ
1174,ESC. ESP. GENERAL MANUEL BELGRANO,ESCUELA ESPECIAL GENERAL MANUEL BELGRANO,VILLA GENERAL BELGRANO,CALAMUCHITA,CÓRDOBA,140470900,AV. SAN MARTIN 35 CENTRO VILLA GENERAL BELGRANO
1175,ESC. ESP. HELEN KELLER,ESCUELA ESPECIAL HELEN KELLER,CORDOBA,CAPITAL,CÓRDOBA,140046900,MAESTRO MARCELO LOPEZ S/N°  CIUDAD UNIVERSITARIA B° CIUDAD UNIVERSITARIA
1176,ESC. ESP. INST. DEL LENGUAJE Y LA AUDICION CORDOBA I.L.A.C,ESCUELA ESPECIAL INSTITUTO DEL LENGUAJE Y LA AUDICION CORDOBA I L A C,CORDOBA,CAPITAL,CÓRDOBA,140047600,MAESTRO MARCELO LOPEZ  CIUDAD UNIVERSITARIA B° CIUDAD UNIVERSITARIA
1177,ESC. ESP. INT. ELVIO PEDRO BARAVALLE,ESCUELA ESPECIAL INTENDENTE ELVIO PEDRO BARAVALLE,BALNEARIA,SAN JUSTO,CÓRDOBA,140191900,Tristan Cornejo 800  BALNEARIA
1178,ESC. ESP. JERONIMO LUIS DE CABRERA,ESCUELA ESPECIAL JERONIMO LUIS DE CABRERA,GENERAL CABRERA,JUAREZ CELMAN,CÓRDOBA,140383700,AMERICA LATINA 810 DUILIO GIORGETTI GENERAL CABRERA
1611,ESCUELA ESPECIAL JUAN MANUEL FERNANDEZ,ESCUELA ESPECIAL JUAN MANUEL FERNANDEZ,CAPILLA DEL MONTE,PUNILLA,CÓRDOBA,140284000,PUEYRREDON 131 CENTRO CAPILLA DEL MONTE
1179,ESC. ESP. JUANA MANSO,ESCUELA ESPECIAL JUANA MANSO,VILLA ALLENDE,COLON,CÓRDOBA,140044700,25 DE MAYO 583 CENTRO VILLA ALLENDE
1180,ESC. ESP. JUANA MANSO ANEXO LA GRANJA,ESCUELA ESPECIAL JUANA MANSO ANEXO LA GRANJA,LA GRANJA,COLON,CÓRDOBA,140044702,CALLE PUBLICA S/N   LA GRANJA (PARAJE LOS MOLLES)
1612,ESCUELA ESPECIAL JUANA MANSO ANEXO RIO CEBALLOS,ESCUELA ESPECIAL JUANA MANSO ANEXO RIO CEBALLOS,RIO CEBALLOS,COLON,CÓRDOBA,140044701,CALLE PUBLICA S/N  LOZA RIO CEBALLOS( POLO EDUCATIVO DE B°LOZA)
1613,ESCUELA ESPECIAL JULIAN CARBALLO,ESCUELA ESPECIAL JULIAN CARBALLO,LA CARLOTA,JUAREZ CELMAN,CÓRDOBA,140127800,SAN MARTIN 927  LA CARLOTA
1614,ESCUELA ESPECIAL JULIAN CARBALLO ANEXO ALEJANDRO ROCA,ESCUELA ESPECIAL JULIAN CARBALLO ANEXO ALEJANDRO ROCA,ALEJANDRO ROCA,JUAREZ CELMAN,CÓRDOBA,140127801,EDUARDO DUFFY 23  ALEJANDRO ROCA
1615,ESCUELA ESPECIAL LA ROSA AZUL,ESCUELA ESPECIAL LA ROSA AZUL,MORTEROS,SAN JUSTO,CÓRDOBA,140322600,25 DE MAYO 1123 CENTRO MORTEROS
1181,ESC. ESP. LUCIERNAGAS,ESCUELA ESPECIAL LUCIERNAGAS,RIO CUARTO,RIO CUARTO,CÓRDOBA,140193700,PASAJE ABILENE 1151 ABILENE RIO CUARTO
1234,ESC.ESP. MARIA DEL CARMEN AMAYA,ESCUELA ESPECIAL MARIA DEL CARMEN AMAYA,SAN JOSE DE LA DORMIDA,TULUMBA,CÓRDOBA,140538600,EVARISTO VALDEZ 249 CENTRO SAN JOSE DE LA DORMIDA (ATRAS DE IPEA 223)
1616,ESCUELA ESPECIAL MARIA MONTESSORI,ESCUELA ESPECIAL MARIA MONTESSORI,CORDOBA,CAPITAL,CÓRDOBA,140227200,PERU 1751 PARQUE SAN FRANCISCO B°PARQUE SAN FRANCISCO
1182,ESC. ESP. MARIA MONTESSORI ANEXO DE MALAGUEÑO,ESCUELA ESPECIAL MARIA MONTESSORI ANEXO DE MALAGUEÑO,MALAGUEÑO,SANTA MARIA,CÓRDOBA,140227201,BELGRANO 300 CENTRO MALAGUEÑO
1183,ESC. ESP. MARIA SILVINA CASAÑAS RECALDE,ESCUELA ESPECIAL MARIA SILVINA CASAÑAS RECALDE,MINA CLAVERO,SAN ALBERTO,CÓRDOBA,140464200,SALSACATE 1925  MINA CLAVERO
1235,ESC.ESP. MIRIAN HAYQUEL DE ANDRES,ESCUELA ESPECIAL MIRIAN HAYQUEL DE ANDRES,SANTA ROSA DE RIO PRIMERO,RIO PRIMERO,CÓRDOBA,140009600,BOULEVAR  MITRE  813  VILLA SANTA ROSA DE RIO PRIMERO
1617,ESCUELA ESPECIAL NICANOR TOLEDANO GONZALEZ,ESCUELA ESPECIAL NICANOR TOLEDANO GONZALEZ,JOVITA,GENERAL ROCA,CÓRDOBA,140544400,BARTOLOME MITRE 63 CENTRO JOVITA-GENERAL ROCA
1184,ESC. ESP. NORBERTO DANIEL ABDO,ESCUELA ESPECIAL NORBERTO DANIEL ABDO,ARIAS,MARCOS JUAREZ,CÓRDOBA,140475000,ZARAZAGA 850 SAN FRANCISCO DE ASIS ARIAS
1185,ESC. ESP. NORBERTO DANIEL ABDO ANEXO ALEJO LEDESMA,ESCUELA ESPECIAL NORBERTO DANIEL ABDO ANEXO ALEJO LEDESMA,ALEJO LEDESMA,MARCOS JUAREZ,CÓRDOBA,140475003,JOSUE RODRIGUEZ S/N  SAN CAYETANO ESTE ALEJO LEDESMA
1186,ESC. ESP. NORBERTO DANIEL ABDO ANEXO DE ISLA VERDE,ESCUELA ESPECIAL NORBERTO DANIEL ABDO ANEXO DE ISLA VERDE,ISLA VERDE,MARCOS JUAREZ,CÓRDOBA,140475001,CHILE   ISLA VERDE
1187,ESC. ESP. P/DISC. AUDITIVOS DR. EMILIO G. MEINCKE,ESCUELA ESPECIAL PARA DISCAPACITADOS AUDITIVOS DOCTOR EMILIO G MEINCKE,LA FALDA,PUNILLA,CÓRDOBA,140120700,INGENIERO CASSAFOUSTH 1123 LAS PLAYAS LA FALDA (PARADA MONECARLOS SOBRE RUTA 38)
1188,ESC. ESP. PROF. ENRIQUE HUGO MORA,ESCUELA ESPECIAL PROFESOR ENRIQUE HUGO MORA,CORDOBA,CAPITAL,CÓRDOBA,140333100,DIEZ GOMEZ 2445 VIVERO NORTE B° VIVERO NORTE
1189,ESC. ESP. PROF. LUIS MORZONE,ESCUELA ESPECIAL PROFESOR LUIS MORZONE,UNQUILLO,COLON,CÓRDOBA,140309600,25 DE MAYO 66 CENTRO UNQUILLO
1190,ESC. ESP. PROF. LUIS MORZONE ANEXO SALSIPUEDES,ESCUELA ESPECIAL PROFESOR LUIS MORZONE ANEXO SALSIPUEDES,EL PUEBLITO,COLON,CÓRDOBA,140309601,25 DE MAYO S/N   EL PUEBLITO P/SALSIPUEDES
1238,ESC.ESP.RECUPERADORA PABLO VI,ESCUELA ESPECIAL RECUPERADORA PABLO VI,VILLA NUEVA,GENERAL SAN MARTIN,CÓRDOBA,140338700,DEAN FUNES 757 TRÁNSITO CABANILLAS VILLA NUEVA
1239,ESC.ESP.RECUPERADORA PABLO VI ANEXO IDA VILLA MARIA,ESCUELA ESPECIAL RECUPERADORA PABLO VI ANEXO IDA VILLA MARIA,VILLA MARIA,GENERAL SAN MARTIN,CÓRDOBA,140338702,RAWSON 1300 BELGRANO VILLA MARIA
1191,ESC. ESP. ROSA GOMEZ DE MELLINA,ESCUELA ESPECIAL ROSA GOMEZ DE MELLINA,EMBALSE,CALAMUCHITA,CÓRDOBA,140248200,FRANCISCO RAMIREZ Y LISANDRO DE LA TORRE S/N°  CASINO EMBALSE
1192,ESC. ESP. ROSA GOMEZ DE MELLINA ANEXO DISCAP.AUDITIVOS Y SORDOS Y DISCAP.VISUALES Y CIEGOS DE RIO TERCERO,ESCUELA ESPECIAL ROSA GOMEZ DE MELLINA ANEXO DISCAPACITADOS AUDITIVOS Y SORDOS Y DISCAPACITADOS VISUALES Y CIEGOS DE RIO TERCERO,RIO TERCERO,TERCERO ARRIBA,CÓRDOBA,140248201,JUAN B.JUSTO 545 CASTAGNINO RIO TERCERO
1193,ESC. ESP. ROSA SILVIA NOCETTI,ESCUELA ESPECIAL ROSA SILVIA NOCETTI,OLIVA,TERCERO ARRIBA,CÓRDOBA,140160800,HIPOLITO IRIGOYEN S/N°  MEDALLA MILAGROSA OLIVA
1619,ESCUELA ESPECIAL SAN JOSE,ESCUELA ESPECIAL SAN JOSE,UCACHA,JUAREZ CELMAN,CÓRDOBA,140102600,LA RIOJA 138 CENTRO UCACHA
1236,ESC.ESP. SANTA ELENA,ESCUELA ESPECIAL SANTA ELENA,ELENA,RIO CUARTO,CÓRDOBA,140096700,BV. GENERAL PAZ 362 CENTRO ELENA
1195,ESC. ESP. SANTA MONICA,ESCUELA ESPECIAL SANTA MONICA,DEAN FUNES,ISCHILIN,CÓRDOBA,140071800,HUBERT ELFEN ESQ. GUIRALDES  JOSE HERNANDEZ DEAN FUNES
1620,ESCUELA ESPECIAL SANTA ROSA DE CALAMUCHITA,ESCUELA ESPECIAL SANTA ROSA DE CALAMUCHITA,SANTA ROSA DE CALAMUCHITA,CALAMUCHITA,CÓRDOBA,140550600,ENTRE RIOS 73 CENTRO SANTA ROSA DE CALAMUCHITA
1194,ESC. ESP. S/N DE B° COLINAS DEL CERRO,ESCUELA ESPECIAL SIN NOMBRE DE B COLINAS DEL CERRO,CORDOBA,CAPITAL,CÓRDOBA,140582400,MARIANO MANSILLA 1025 COLINAS DEL CERRO B° COLINAS DEL CERRO (EN LA ESC.REPUBLICA DE PANAMA-PUENTE 15
1618,ESCUELA ESPECIAL S/N DE VILLA VALERIA,ESCUELA ESPECIAL SIN NOMBRE DE VILLA VALERIA,VILLA VALERIA,GENERAL ROCA,CÓRDOBA,140583200,DR. OSVALDO DEPINO 1051  VILLA VALERIA
1621,ESCUELA ESPECIAL TANCACHA,ESCUELA ESPECIAL TANCACHA,TANCACHA,TERCERO ARRIBA,CÓRDOBA,140510500,ROQUE SAENZ PEÑA s/n°
1196,ESC. ESP. VICENTA CASTRO CAMBON,ESCUELA ESPECIAL VICENTA CASTRO CAMBON,RIO CUARTO,RIO CUARTO,CÓRDOBA,140178100,TREJO Y SANABRIA 1270 ROQUE SAENZ PEÑA RIO CUARTO
1240,ESC.ESP.WENDY M.CORDOBA,ESCUELA ESPECIAL WENDY M CORDOBA,ADELIA MARIA,RIO CUARTO,CÓRDOBA,140188900,9 DE JULIO ESQ. ALBERDI  CENTRO ADELIA MARIA
1197,ESC. ESP. Y FORM.LABORAL Nº 19 BEATRIZ.A.MARTINEZ ALLIO,ESCUELA ESPECIAL Y FORMACION LABORAL 19 BEATRIZ A MARTINEZ ALLIO,CORDOBA,CAPITAL,CÓRDOBA,140126900,MAESTRO MARCELO LOPEZ 2620 CIUDAD UNIVERSITARIA B°CIUDAD UNIVERSITARIA
1622,ESCUELA ESTADOS UNIDOS DE NORTEAMERICA,ESCUELA ESTADOS UNIDOS DE NORTEAMERICA,CORDOBA,CAPITAL,CÓRDOBA,140045500,LA PAMPA 550 PASO DE LOS ANDES B° PASO DE LOS ANDES-A 1 CUADRA DE BV.SAN JUAN
1623,ESCUELA ESTANISLAO DEL CAMPO,ESCUELA ESTANISLAO DEL CAMPO,CORDOBA,CAPITAL,CÓRDOBA,140075600,RIO PRIMERO 1208 ALTAMIRA B° ALTAMIRA
1624,ESCUELA ESTANISLAO DEL CAMPO,ESCUELA ESTANISLAO DEL CAMPO,LOS CHAÑARITOS,RIO SEGUNDO,CÓRDOBA,140117700,CALLE PUBLICA   LOS CHAÑARITOS P/RUTA NACIONAL Nº19
1625,ESCUELA ESTANISLAO DEL CAMPO,ESCUELA ESTANISLAO DEL CAMPO,COLONIA CARLOS CASADO,MARCOS JUAREZ,CÓRDOBA,140146600,CALLE PUBLICA S/N°   COLONIA CARLOS CASADO P/MARCOS JUAREZ
1626,ESCUELA ESTEBAN DE LUCA,ESCUELA ESTEBAN DE LUCA,COLONIA JERUSALEN,MARCOS JUAREZ,CÓRDOBA,140415000,CALLE PUBLICA S/N    COLONIA JERUSALEN (RUTA Nº6) P/INRIVILLE
1627,ESCUELA ESTEBAN ECHEVARRIA,ESCUELA ESTEBAN ECHEVARRIA,LA TOMA,TULUMBA,CÓRDOBA,140083900,CALLE PUBLICA   LA TOMA P/SAN JOSE DE LA DORMIDA
1628,ESCUELA ESTEBAN ECHEVERRIA,ESCUELA ESTEBAN ECHEVERRIA,HERNANDO,TERCERO ARRIBA,CÓRDOBA,140041200,BELGRANO SUD S/N  BELGRANO HERNANDO
1629,ESCUELA ESTEBAN ECHEVERRIA,ESCUELA ESTEBAN ECHEVERRIA,VILLA GIARDINO,PUNILLA,CÓRDOBA,140068100,CHILE 42 INDEPENDENCIA VILLA GIARDINO
1630,ESCUELA ESTEBAN ECHEVERRIA,ESCUELA ESTEBAN ECHEVERRIA,CORDOBA,CAPITAL,CÓRDOBA,140365600,LOPEZ Y PLANES 2378 SAN VICENTE B° SAN VICENTE (A 150 MTS. AV. COSTANERA)
1631,ESCUELA ESTHER SANCHEZ DE ROUVIERE,ESCUELA ESTHER SANCHEZ DE ROUVIERE,EMBALSE,CALAMUCHITA,CÓRDOBA,140247600,COYUYO S/N°  VILLA IRUPE EMBALSE P/CAMINO A LA LOCALIDAD SEGUNDA USINA
1632,ESCUELA EVA DUARTE,ESCUELA EVA DUARTE,VILLA CARLOS PAZ,PUNILLA,CÓRDOBA,140539400,ROMA  COLINAS II VILLA CARLOS PAZ (CALLE ROMA S/N°)
1633,ESCUELA EVA DUARTE (EX S/N DE BºPARQUE LICEO IIºSECC.),ESCUELA EVA DUARTE (EX SIN NOMBRE DE BPARQUE LICEO IISECC),CORDOBA,CAPITAL,CÓRDOBA,140480800,BARTOLOME HIDALGO  1050 PARQUE LICEO 2DA. SECCION B°PARQUE LICEO 2DA. SECCION
1634,ESCUELA EXPERIMENTAL CON ENFASIS EN TECNOLOGIAS DE LA INFORMACION Y LA COMUNICACION,ESCUELA EXPERIMENTAL CON ENFASIS EN TECNOLOGIAS DE LA INFORMACION Y LA COMUNICACION,SAN PEDRO,SAN ALBERTO,CÓRDOBA,140547200,VELEZ SARSFIELD 196  SAN PEDRO
1635,ESCUELA EXPERIMENTAL CON ENFASIS EN TECNOLOGIAS DE LA INFORMACION Y LA COMUNICACION,ESCUELA EXPERIMENTAL CON ENFASIS EN TECNOLOGIAS DE LA INFORMACION Y LA COMUNICACION - SAN VICENTE,CORDOBA,CAPITAL,CÓRDOBA,140547400,AGUSTIN GARZON  1221 SAN VICENTE  B° SAN VICENTE
1636,ESCUELA EXPERIMENTAL CON ENFASIS EN TECNOLOGIAS DE LA INFORMACION Y LA COMUNICACION,ESCUELA EXPERIMENTAL CON ENFASIS EN TECNOLOGIAS DE LA INFORMACION Y LA COMUNICACION - VILLA RETIRO,CORDOBA,CAPITAL,CÓRDOBA,140566800,CALLE PUBLICA S/N  VILLA RETIRO (Bº A.G.E.C. II) B°VILLA RETIRO (Bº A.G.E.C.II-colindante al Bº Ciudad de Los Cuartetos)Comparte predio con la ESC.DE POLICIA Y AGENTES M.BELGRANO
1637,ESCUELA EXPERIMENTAL CON ENFASIS EN TECNOLOGIAS DE LA INFORMACION Y LA COMUNICACION,ESCUELA EXPERIMENTAL CON ENFASIS EN TECNOLOGIAS DE LA INFORMACION Y LA COMUNICACION,SAN FRANCISCO,SAN JUSTO,CÓRDOBA,140549200,LAS GUAYANAS  533  SAN FRANCISCO - SAN JUSTO
1638,ESCUELA EXPERIMENTAL CON ENFASIS EN TECNOLOGIAS DE LA INFORMACION Y LA COMUNICACION,ESCUELA EXPERIMENTAL CON ENFASIS EN TECNOLOGIAS DE LA INFORMACION Y LA COMUNICACION,SAN FRANCISCO,SAN JUSTO,CÓRDOBA,140570700,ESPAÑA 2160 B° INDEPENDENCIA SAN FRANCISCO
1639,ESCUELA EXPERIMENTAL CON ENFASIS EN TECNOLOGIAS DE LA INFORMACION Y LA COMUNICACION,ESCUELA EXPERIMENTAL CON ENFASIS EN TECNOLOGIAS DE LA INFORMACION Y LA COMUNICACION,SAN FRANCISCO,SAN JUSTO,CÓRDOBA,140570800,FALUCHO S/N°  PRESIDENTE ROQUE SAENZ PEÑA SAN FRANCISCO
1640,ESCUELA EXPERIMENTAL CON ENFASIS EN TECNOLOGIAS DE LA INFORMACION Y LA COMUNICACION,ESCUELA EXPERIMENTAL CON ENFASIS EN TECNOLOGIAS DE LA INFORMACION Y LA COMUNICACION,VILLA DOLORES,SAN JAVIER,CÓRDOBA,140550700,HIPOLITO YRIGOYEN 150 CENTRO VILLA DOLORES
1641,ESCUELA EXPERIMENTAL CON ENFASIS EN TECNOLOGIAS DE LA INFORMACION Y LA COMUNICACION,ESCUELA EXPERIMENTAL CON ENFASIS EN TECNOLOGIAS DE LA INFORMACION Y LA COMUNICACION,PORTEÑA,SAN JUSTO,CÓRDOBA,140550800,SAN LUIS S/N  GORCHS PORTEÑA - FRENTE A ESCUELA 9 DE JULIO
1642,ESCUELA EXPERIMENTAL CON ENFASIS EN TECNOLOGIAS DE LA INFORMACION Y LA COMUNICACION,ESCUELA EXPERIMENTAL CON ENFASIS EN TECNOLOGIAS DE LA INFORMACION Y LA COMUNICACION,LABOULAYE,PRESIDENTE ROQUE SAENZ PEÑA,CÓRDOBA,140550900,ORLANDINI 188 CHACARITA LABOULAYE
1643,ESCUELA EXPERIMENTAL CON ENFASIS EN TECNOLOGIAS DE LA INFORMACION Y LA COMUNICACION,ESCUELA EXPERIMENTAL CON ENFASIS EN TECNOLOGIAS DE LA INFORMACION Y LA COMUNICACION,VILLA CARLOS PAZ,PUNILLA,CÓRDOBA,140557300,Uspallata 1289 MIGUEL MUÑOZ B VILLA CARLOS PAZ
1644,ESCUELA EXPERIMENTAL CON ENFASIS EN TECNOLOGIAS DE LA INFORMACION Y LA COMUNICACION,ESCUELA EXPERIMENTAL CON ENFASIS EN TECNOLOGIAS DE LA INFORMACION Y LA COMUNICACION,LA CALERA,COLON,CÓRDOBA,140557400,RECONQUISTA 700 EL CHORRITO LA CALERA - PREDIO EX MENORES MADRES
1645,ESCUELA EXPERIMENTAL CON ENFASIS EN TECNOLOGIAS DE LA INFORMACION Y LA COMUNICACION,ESCUELA EXPERIMENTAL CON ENFASIS EN TECNOLOGIAS DE LA INFORMACION Y LA COMUNICACION,VILLA MARIA,GENERAL SAN MARTIN,CÓRDOBA,140561000,AVENIDA UNIVERSIDAD  450 SAN JUAN BAUTISTA B°SAN JUAN BAUTISTA
1646,ESCUELA EXPERIMENTAL CON ENFASIS EN TECNOLOGIAS DE LA INFORMACION Y LA COMUNICACION,ESCUELA EXPERIMENTAL CON ENFASIS EN TECNOLOGIAS DE LA INFORMACION Y LA COMUNICACION,VILLA MARIA,GENERAL SAN MARTIN,CÓRDOBA,140566700,ARTURO JAURETCHE 1555 CAMPUS UNVM VILLA MARIA- CAMPUS UNVM
1647,ESCUELA EXPERIMENTAL CON ENFASIS EN TECNOLOGIAS DE LA INFORMACION Y LA COMUNICACION,ESCUELA EXPERIMENTAL CON ENFASIS EN TECNOLOGIAS DE LA INFORMACION Y LA COMUNICACION,TRANSITO,SAN JUSTO,CÓRDOBA,140562200,JULIO A. ROCA 151  TRANSITO - AL LADO DE CASA DE LA CULTURA
1648,ESCUELA EXPERIMENTAL CON ENFASIS EN TECNOLOGIAS DE LA INFORMACION Y LA COMUNICACION,ESCUELA EXPERIMENTAL CON ENFASIS EN TECNOLOGIAS DE LA INFORMACION Y LA COMUNICACION,LA PARA,RIO PRIMERO,CÓRDOBA,140562300,17 de agosto 405 Villa Guglieri LA PARA
1649,ESCUELA EXPERIMENTAL CON ENFASIS EN TECNOLOGIAS DE LA INFORMACION Y LA COMUNICACION,ESCUELA EXPERIMENTAL CON ENFASIS EN TECNOLOGIAS DE LA INFORMACION Y LA COMUNICACION,RIO CUARTO,RIO CUARTO,CÓRDOBA,140562400,ARROYO PIEDRAS BLANCAS S/N°  SAN JOSE DE CALASANZ RIO CUARTO - TERMINAL DE OMNIBUS
1650,ESCUELA EXPERIMENTAL CON ENFASIS EN TECNOLOGIAS DE LA INFORMACION Y LA COMUNICACION,ESCUELA EXPERIMENTAL CON ENFASIS EN TECNOLOGIAS DE LA INFORMACION Y LA COMUNICACION,RIO CUARTO,RIO CUARTO,CÓRDOBA,140566600,GENERAL ENRIQUE MOSCONI 240 INDUSTRIAL RIO CUARTO
1655,ESCUELA EXPERIMENTAL CON ENFASIS EN TECNOLOGIAS DE LA INFORMACION Y LA COMUNICACION,ESCUELA EXPERIMENTAL CON ENFASIS EN TECNOLOGIAS DE LA INFORMACION Y LA COMUNICACION,EMBALSE,CALAMUCHITA,CÓRDOBA,140568300,BLAS PARERA y BELGRANO S/N   EMBALSE
1656,ESCUELA EXPERIMENTAL CON ENFASIS EN TECNOLOGIAS DE LA INFORMACION Y LA COMUNICACION,ESCUELA EXPERIMENTAL CON ENFASIS EN TECNOLOGIAS DE LA INFORMACION Y LA COMUNICACION,VILLA GENERAL BELGRANO,CALAMUCHITA,CÓRDOBA,140568400,AV. SAN MARTIN 35 CENTRO VILLA GENERAL BELGRANO
1657,ESCUELA EXPERIMENTAL CON ENFASIS EN TECNOLOGIAS DE LA INFORMACION Y LA COMUNICACION,ESCUELA EXPERIMENTAL CON ENFASIS EN TECNOLOGIAS DE LA INFORMACION Y LA COMUNICACION,COLONIA CAROYA,COLON,CÓRDOBA,140568500,AV SAN MARTIN 836  COLONIA CAROYA
1658,ESCUELA EXPERIMENTAL CON ENFASIS EN TECNOLOGIAS DE LA INFORMACION Y LA COMUNICACION,ESCUELA EXPERIMENTAL CON ENFASIS EN TECNOLOGIAS DE LA INFORMACION Y LA COMUNICACION,UNQUILLO,COLON,CÓRDOBA,140568600,25 DE MAYO 50 CENTRO UNQUILLO
1659,ESCUELA EXPERIMENTAL CON ENFASIS EN TECNOLOGIAS DE LA INFORMACION Y LA COMUNICACION,ESCUELA EXPERIMENTAL CON ENFASIS EN TECNOLOGIAS DE LA INFORMACION Y LA COMUNICACION,CRUZ DEL EJE,CRUZ DEL EJE,CÓRDOBA,140568700,Eva Perón  187 Normal CRUZ DEL EJE
1660,ESCUELA EXPERIMENTAL CON ENFASIS EN TECNOLOGIAS DE LA INFORMACION Y LA COMUNICACION,ESCUELA EXPERIMENTAL CON ENFASIS EN TECNOLOGIAS DE LA INFORMACION Y LA COMUNICACION,HUINCA RENANCO,GENERAL ROCA,CÓRDOBA,140568800,JUAN B.JUSTO S/N°  NORTE HUINCA RENANCO
1661,ESCUELA EXPERIMENTAL CON ENFASIS EN TECNOLOGIAS DE LA INFORMACION Y LA COMUNICACION,ESCUELA EXPERIMENTAL CON ENFASIS EN TECNOLOGIAS DE LA INFORMACION Y LA COMUNICACION,VILLA NUEVA,GENERAL SAN MARTIN,CÓRDOBA,140568900,DEAN FUNES 757 CENTRO VILLA NUEVA
1662,ESCUELA EXPERIMENTAL CON ENFASIS EN TECNOLOGIAS DE LA INFORMACION Y LA COMUNICACION,ESCUELA EXPERIMENTAL CON ENFASIS EN TECNOLOGIAS DE LA INFORMACION Y LA COMUNICACION,DEAN FUNES,ISCHILIN,CÓRDOBA,140569000,RICARDO GUIRALDES S/N°  JOSE HERNANDEZ DEAN FUNES
1663,ESCUELA EXPERIMENTAL CON ENFASIS EN TECNOLOGIAS DE LA INFORMACION Y LA COMUNICACION,ESCUELA EXPERIMENTAL CON ENFASIS EN TECNOLOGIAS DE LA INFORMACION Y LA COMUNICACION,LA CARLOTA,JUAREZ CELMAN,CÓRDOBA,140569100,SAN MARTIN 927 LA CARLOTA LA CARLOTA
1664,ESCUELA EXPERIMENTAL CON ENFASIS EN TECNOLOGIAS DE LA INFORMACION Y LA COMUNICACION,ESCUELA EXPERIMENTAL CON ENFASIS EN TECNOLOGIAS DE LA INFORMACION Y LA COMUNICACION,CORRAL DE BUSTOS,MARCOS JUAREZ,CÓRDOBA,140569200,AV.ARGENTINA esq. MORENO   CORRAL DE BUSTOS (FUNCIONA EN DOS EDIFICIOS)
1665,ESCUELA EXPERIMENTAL CON ENFASIS EN TECNOLOGIAS DE LA INFORMACION Y LA COMUNICACION,ESCUELA EXPERIMENTAL CON ENFASIS EN TECNOLOGIAS DE LA INFORMACION Y LA COMUNICACION,MARCOS JUAREZ,MARCOS JUAREZ,CÓRDOBA,140569300,MENDOZA 804 SUR MARCOS JUAREZ
1666,ESCUELA EXPERIMENTAL CON ENFASIS EN TECNOLOGIAS DE LA INFORMACION Y LA COMUNICACION,ESCUELA EXPERIMENTAL CON ENFASIS EN TECNOLOGIAS DE LA INFORMACION Y LA COMUNICACION,LA FALDA,PUNILLA,CÓRDOBA,140569400,INGENIERO CASSAFOUSTH 1123 LAS PLAYAS LA FALDA
1667,ESCUELA EXPERIMENTAL CON ENFASIS EN TECNOLOGIAS DE LA INFORMACION Y LA COMUNICACION,ESCUELA EXPERIMENTAL CON ENFASIS EN TECNOLOGIAS DE LA INFORMACION Y LA COMUNICACION,VICUÑA MACKENNA,RIO CUARTO,CÓRDOBA,140569500,CRISTOBAL COLON 675 CENTRO VICUÑA MACKENNA
1668,ESCUELA EXPERIMENTAL CON ENFASIS EN TECNOLOGIAS DE LA INFORMACION Y LA COMUNICACION,ESCUELA EXPERIMENTAL CON ENFASIS EN TECNOLOGIAS DE LA INFORMACION Y LA COMUNICACION,VILLA DE MARIA,RIO SECO,CÓRDOBA,140569600,CALLE PUBLICA S/N   OESTE VILLA DE MARIA
1669,ESCUELA EXPERIMENTAL CON ENFASIS EN TECNOLOGIAS DE LA INFORMACION Y LA COMUNICACION,ESCUELA EXPERIMENTAL CON ENFASIS EN TECNOLOGIAS DE LA INFORMACION Y LA COMUNICACION,ONCATIVO,RIO SEGUNDO,CÓRDOBA,140569700,Combatientes de Malvinas 1541 Adan Alejo Tauber ONCATIVO
1670,ESCUELA EXPERIMENTAL CON ENFASIS EN TECNOLOGIAS DE LA INFORMACION Y LA COMUNICACION,ESCUELA EXPERIMENTAL CON ENFASIS EN TECNOLOGIAS DE LA INFORMACION Y LA COMUNICACION,MINA CLAVERO,SAN ALBERTO,CÓRDOBA,140569800,AV. SAN MARTIN  2337 CENTRO MINA CLAVERO
1671,ESCUELA EXPERIMENTAL CON ENFASIS EN TECNOLOGIAS DE LA INFORMACION Y LA COMUNICACION,ESCUELA EXPERIMENTAL CON ENFASIS EN TECNOLOGIAS DE LA INFORMACION Y LA COMUNICACION,ARROYITO,SAN JUSTO,CÓRDOBA,140569900,HUMBERTO PRIMO  335 SUR ARROYITO
1672,ESCUELA EXPERIMENTAL CON ENFASIS EN TECNOLOGIAS DE LA INFORMACION Y LA COMUNICACION,ESCUELA EXPERIMENTAL CON ENFASIS EN TECNOLOGIAS DE LA INFORMACION Y LA COMUNICACION,LAS VARILLAS,SAN JUSTO,CÓRDOBA,140570000,AVELLANEDA 994 SILVIO PALMERO LAS VARILLAS
1673,ESCUELA EXPERIMENTAL CON ENFASIS EN TECNOLOGIAS DE LA INFORMACION Y LA COMUNICACION,ESCUELA EXPERIMENTAL CON ENFASIS EN TECNOLOGIAS DE LA INFORMACION Y LA COMUNICACION,ALTA GRACIA,SANTA MARIA,CÓRDOBA,140570100,OBREGÓN CANO S/N  PREDIO DE POTRERO DE LOYOLA ALTA GRACIA
1674,ESCUELA EXPERIMENTAL CON ENFASIS EN TECNOLOGIAS DE LA INFORMACION Y LA COMUNICACION,ESCUELA EXPERIMENTAL CON ENFASIS EN TECNOLOGIAS DE LA INFORMACION Y LA COMUNICACION,DESPEÑADEROS,SANTA MARIA,CÓRDOBA,140570200,BV.9 DE JULIO S/N°  CENTRO DESPEÑADEROS(cerca ROTONDA del FERROCARRIL-Frente a PANADERIA 9 de JULIO
1675,ESCUELA EXPERIMENTAL CON ENFASIS EN TECNOLOGIAS DE LA INFORMACION Y LA COMUNICACION,ESCUELA EXPERIMENTAL CON ENFASIS EN TECNOLOGIAS DE LA INFORMACION Y LA COMUNICACION,TANCACHA,TERCERO ARRIBA,CÓRDOBA,140570300,MORENO esq BV.POETA LUGONES   TANCACHA
1676,ESCUELA EXPERIMENTAL CON ENFASIS EN TECNOLOGIAS DE LA INFORMACION Y LA COMUNICACION,ESCUELA EXPERIMENTAL CON ENFASIS EN TECNOLOGIAS DE LA INFORMACION Y LA COMUNICACION,RIO TERCERO,TERCERO ARRIBA,CÓRDOBA,140570400,RÍO GALLEGOS 455 SARMIENTO RIO TERCERO
1677,ESCUELA EXPERIMENTAL CON ENFASIS EN TECNOLOGIAS DE LA INFORMACION Y LA COMUNICACION,ESCUELA EXPERIMENTAL CON ENFASIS EN TECNOLOGIAS DE LA INFORMACION Y LA COMUNICACION,BELL VILLE,UNION,CÓRDOBA,140570500,BV. COLON  695 ESTACION BELL VILLE (FUPEU)
1678,ESCUELA EXPERIMENTAL CON ENFASIS EN TECNOLOGIAS DE LA INFORMACION Y LA COMUNICACION,ESCUELA EXPERIMENTAL CON ENFASIS EN TECNOLOGIAS DE LA INFORMACION Y LA COMUNICACION,VILLA DEL TOTORAL,TOTORAL,CÓRDOBA,140570600,REPUBLICA ARGENTINA S/N  B°SOL NACIENTE VILLA DEL TOTORAL
1682,ESCUELA FACUNDO QUIROGA,ESCUELA FACUNDO QUIROGA,SAN JOSE DE LA DORMIDA,TULUMBA,CÓRDOBA,140568200,EVA PERON esq JOSE NAVERGOJ S/N   SAN JOSE DE LA DORMIDA
1683,ESCUELA FERNANDO DE TREJO Y SANABRIA,ESCUELA FERNANDO DE TREJO Y SANABRIA,COLONIA NUEVA UDINE,SAN JUSTO,CÓRDOBA,140248700,CALLE PUBLICA S/N    COLONIA NUEVA UDINE P/ALTOS DE CHIPION
1198,ESC. FISCAL MARIANO MORENO,ESCUELA FISCAL MARIANO MORENO,RIO CEBALLOS,COLON,CÓRDOBA,140198500,LOS NOGALES  VILLA LOS ALTOS RIO CEBALLOS
1684,ESCUELA FLORENCIO SANCHEZ,ESCUELA FLORENCIO SANCHEZ,CORDOBA,CAPITAL,CÓRDOBA,140232800,DE LOS RODEOS S/N°  EL GATEADO B° EL GATEADO
1685,ESCUELA FLORENTINO AMEGHINO,ESCUELA FLORENTINO AMEGHINO,VILLA MARIA,GENERAL SAN MARTIN,CÓRDOBA,140131400,SAN JUAN 1794 FLORENTINO AMEGHINO VILLA MARIA
1686,ESCUELA FLORENTINO AMEGHINO,ESCUELA FLORENTINO AMEGHINO,UNQUILLO,COLON,CÓRDOBA,140198300,GUAICURUES Y CHARRVAS  GOBERNADOR PIZARRO UNQUILLO
1687,ESCUELA FLORENTINO AMEGHINO,ESCUELA FLORENTINO AMEGHINO,FREYRE,SAN JUSTO,CÓRDOBA,140249300,AV.BELGRANO 169  FREYRE
1688,ESCUELA FLORENTINO AMEGHINO,ESCUELA FLORENTINO AMEGHINO,BELL VILLE,UNION,CÓRDOBA,140269400,ENTRE RIOS 457 CENTRO BELL VILLE
1689,ESCUELA FLORENTINO AMEGHINO,ESCUELA FLORENTINO AMEGHINO,RIO CUARTO,RIO CUARTO,CÓRDOBA,140348100,9 DE JULIO 314 CENTRO RIO CUARTO
1690,ESCUELA FLORENTINO AMEGHINO,ESCUELA FLORENTINO AMEGHINO,SIMBOLAR,TOTORAL,CÓRDOBA,140380900,CALLEJON S/N   SIMBOLAR(AL LADO DE LA POLICIA)
1691,ESCUELA FORTIN EL ARBOL (EX NACIONAL 309),ESCUELA FORTIN EL ARBOL (EX NACIONAL 309),COLONIA EL ARBOL,PRESIDENTE ROQUE SAENZ PEÑA,CÓRDOBA,140143200,CALLE PUBLICA S/N°   COLONIA EL ARBOL P/GENERAL LEVALLE
1692,ESCUELA FORTIN HEROICO,ESCUELA FORTIN HEROICO,LA CARLOTA,JUAREZ CELMAN,CÓRDOBA,140334300,MARIA ACOSTA 673 CENTRO LA CARLOTA
1693,ESCUELA FRANCISCO ANTONIO RIZZUTO,ESCUELA FRANCISCO ANTONIO RIZZUTO,CORDOBA,CAPITAL,CÓRDOBA,140307300,FERDINAND DE LESSEPS 140 CENTRO AMERICA B° CENTRO AMERICA
1694,ESCUELA FRANCISCO FAGGIOLLI (EX NAC.201),ESCUELA FRANCISCO FAGGIOLLI (EX NACIONAL 201),SAN PEDRO DE GÜTEMBERG,RIO SECO,CÓRDOBA,140394200,CALLE PUBLICA S/N    SAN PEDRO
1695,ESCUELA FRANCISCO JAVIER MUÑIZ,ESCUELA FRANCISCO JAVIER MUÑIZ,COLONIA SANTA MARIA,SAN JUSTO,CÓRDOBA,140099900,CALLE PUBLICA S/N    COLONIA SANTA MARIA P/S.M. LASPIUR
1696,ESCUELA FRANCISCO JAVIER MUÑIZ,ESCUELA FRANCISCO JAVIER MUÑIZ,VILLA DOLORES,SAN JAVIER,CÓRDOBA,140175100,CONSTITUCION NACIONAL 980 LA FERIA VILLA DOLORES
1697,ESCUELA FRANCISCO MALBRAN,ESCUELA FRANCISCO MALBRAN,POZO DEL MOLLE,RIO SEGUNDO,CÓRDOBA,140024300,DIAGONAL PTE. PERON 512  POZO DEL MOLLE
1698,ESCUELA FRANCISCO N. LAPRIDA,ESCUELA FRANCISCO N LAPRIDA,SAN JOSE DE LA DORMIDA,TULUMBA,CÓRDOBA,140408400,FACUNDO QUIROGA 564 CENTRO SAN JOSE DE LA DORMIDA
1699,ESCUELA FRANCISCO NARCISO DE LAPRIDA,ESCUELA FRANCISCO NARCISO DE LAPRIDA,CONLARA,SAN JAVIER,CÓRDOBA,140150400,CALLE PUBLICA   CONLARA
1700,ESCUELA FRANCISCO ORTIZ DE OCAMPO,ESCUELA FRANCISCO ORTIZ DE OCAMPO,BERROTARAN,RIO CUARTO,CÓRDOBA,140309300,SARMIENTO 445 NORTE BERROTARAN
1701,ESCUELA FRANCISCO VIDAL,ESCUELA FRANCISCO VIDAL,CORDOBA,CAPITAL,CÓRDOBA,140234700,MARCOS INFANTE 560 PANAMERICANO B° PANAMERICANO
1702,ESCUELA FRAY ANSELMO CHIANEA,ESCUELA FRAY ANSELMO CHIANEA,LAS 4 ESQUINAS,GENERAL SAN MARTIN,CÓRDOBA,140178800,CALLE PUBLICA S/N    PARAJE LAS 4 ESQUINAS-RUTA 158 P/VILLA MARIA
1703,ESCUELA FRAY CAYETANO RODRIGUEZ,ESCUELA FRAY CAYETANO RODRIGUEZ,ALICIA,SAN JUSTO,CÓRDOBA,140099600,MITRE 718  ALICIA
1704,ESCUELA FRAY JOSE ANTONIO DE SAN ALBERTO,ESCUELA FRAY JOSE ANTONIO DE SAN ALBERTO,CORDOBA,CAPITAL,CÓRDOBA,140073800,ESQUIU 1340 PUEYRREDON B° PUEYRREDON
1705,ESCUELA FRAY JOSE MARIA NOGAL,ESCUELA FRAY JOSE MARIA NOGAL,AMBUL,SAN ALBERTO,CÓRDOBA,140270200,DOMINGO FAUSTINO SARMIENTO S/N  CENTRO AMBUL
1706,ESCUELA FRAY JUSTO DE SANTA MARIA DE ORO,ESCUELA FRAY JUSTO DE SANTA MARIA DE ORO,JUSTINIANO POSSE,UNION,CÓRDOBA,140352800,9 DE JULIO 979 CENTRO JUSTINIANO POSSE - MANZANA HISTORICA
1707,ESCUELA FRAY JUSTO SANTA MARIA DE ORO,ESCUELA FRAY JUSTO SANTA MARIA DE ORO,MALAGUEÑO,SANTA MARIA,CÓRDOBA,140013500,CRUCERO GENERAL BELGRANO  1º DE MAYO MALAGUEÑO
1708,ESCUELA FRAY JUSTO SANTA MARIA DE ORO,ESCUELA FRAY JUSTO SANTA MARIA DE ORO,SAN CARLOS MINAS,MINAS,CÓRDOBA,140369400,MONSEÑOR LEAL   SAN CARLOS MINAS
1709,ESCUELA FRAY JUSTO SANTA MARIA DE ORO,ESCUELA FRAY JUSTO SANTA MARIA DE ORO,CORDOBA,CAPITAL,CÓRDOBA,140407600,CALLAO 2320 1º DE MAYO B° 1º DE MAYO
1710,ESCUELA FRAY LUIS BELTRAN,ESCUELA FRAY LUIS BELTRAN,COLONIA MARINA,SAN JUSTO,CÓRDOBA,140028800,SARMIENTO 583 CENTRO COLONIA MARINA
1711,ESCUELA FRAY LUIS BELTRAN,ESCUELA FRAY LUIS BELTRAN,DALMACIO VELEZ SARSFIELD,TERCERO ARRIBA,CÓRDOBA,140256400,JUANA AZURDUY 283  DALMACIO VELEZ SARSFIELD
1712,ESCUELA FRAY LUIS BELTRAN,ESCUELA FRAY LUIS BELTRAN,SAUCE ARRIBA,SAN ALBERTO,CÓRDOBA,140257700,CALLE PUBLICA   SAUCE ARRIBA
1713,ESCUELA FRAY MAMERTO ESQUIU,ESCUELA FRAY MAMERTO ESQUIU,CORDOBA,CAPITAL,CÓRDOBA,140011500,MARTIN ALLENDE 2005 YOFRE NORTE BARRIO YOFRE NORTE
1714,ESCUELA FRAY MAMERTO ESQUIU,ESCUELA FRAY MAMERTO ESQUIU,VILLA DOLORES,SAN JAVIER,CÓRDOBA,140089700,JUAN DE GARAY 2157 EL PORVENIR VILLA DOLORES
1715,ESCUELA FRAY MAMERTO ESQUIU,ESCUELA FRAY MAMERTO ESQUIU,LA PUERTA,RIO PRIMERO,CÓRDOBA,140185200,SAN LORENZO 698  LA PUERTA
1716,ESCUELA FRAY MAMERTO ESQUIU,ESCUELA FRAY MAMERTO ESQUIU,CASPI CHUCUNA,SOBREMONTE,CÓRDOBA,140216200,CALLE PUBLICA S/N    CASPICUCHUNA P/SAN FRANCISCO DEL CHAÑAR
1717,ESCUELA FRAY MAMERTO ESQUIU,ESCUELA FRAY MAMERTO ESQUIU,CANALS,UNION,CÓRDOBA,140273200,CHUBUT 179 SUR CANALS
1718,ESCUELA FRAY MAMERTO ESQUIU,ESCUELA FRAY MAMERTO ESQUIU,AVELLANEDA,ISCHILIN,CÓRDOBA,140295500,CALLE PUBLICA S/N°   AVELLANEDA
1719,ESCUELA FRAY MARCOS DONATTI,ESCUELA FRAY MARCOS DONATTI,CORONEL MOLDES,RIO CUARTO,CÓRDOBA,140187800,AV. 9 DE JULIO 626  CORONEL MOLDES
1720,ESCUELA FRAY MOISES ALVAREZ,ESCUELA FRAY MOISES ALVAREZ,BULNES,RIO CUARTO,CÓRDOBA,140059200,SARMIENTO 187  BULNES
1721,ESCUELA FRAY PIO BENTIVOGLIO,ESCUELA FRAY PIO BENTIVOGLIO,GENERAL CABRERA,JUAREZ CELMAN,CÓRDOBA,140383900,MAIPU 962 BARRIO  ARGENTINO GENERAL CABRERA
1722,ESCUELA FRENCH Y BERUTTI,ESCUELA FRENCH Y BERUTTI,VILLA YACANTO,CALAMUCHITA,CÓRDOBA,140012700,CORDOBA S/N  LA HUERTILLA VILLA YACANTO
1723,ESCUELA FRENCH Y BERUTTI,ESCUELA FRENCH Y BERUTTI,OLAETA,JUAREZ CELMAN,CÓRDOBA,140101800,25 DE MAYO 135  OLAETA
1724,ESCUELA FRENCH Y BERUTTI,ESCUELA FRENCH Y BERUTTI,CAMPO SANTA RITA,UNION,CÓRDOBA,140171900,CALLE PUBLICA S/N    CAMPO SANTA RITA - A 8 KM SUDESTE DE SAN MARCOS
1725,ESCUELA FRENCH Y BERUTTI,ESCUELA FRENCH Y BERUTTI,RAFAEL GARCIA,SANTA MARIA,CÓRDOBA,140244700,SARMIENTO Y BERUTTI   RAFAEL GARCIA
1726,ESCUELA FRENCH Y BERUTTI,ESCUELA FRENCH Y BERUTTI,ARROYO DE LOS LEONES,SAN JUSTO,CÓRDOBA,140324700,CALLE PUBLICA   COLONIA ARROYO DE LOS LEONES P/ARROYITO
1727,ESCUELA GABRIEL LUXARDO,ESCUELA GABRIEL LUXARDO,PLAZA LUXARDO,SAN JUSTO,CÓRDOBA,140029400,GABRIEL LUXARDO S/Nº   PLAZA LUXARDO
1728,ESCUELA GABRIELA MISTRAL,ESCUELA GABRIELA MISTRAL,MALAGUEÑO,SANTA MARIA,CÓRDOBA,140013700,MARCELO GARLOT 251 YOCSINA MALAGUEÑO
1729,ESCUELA GABRIELA MISTRAL,ESCUELA GABRIELA MISTRAL,LAS ISLETILLAS,TERCERO ARRIBA,CÓRDOBA,140041000,DOMINGO FAUSTINO SARMIENTO S/N   LAS ISLETILLAS
1730,ESCUELA GABRIELA MISTRAL,ESCUELA GABRIELA MISTRAL - QUEBRADA DE LAS ROSAS,CORDOBA,CAPITAL,CÓRDOBA,140135300,27 DE ABRIL 5650 QUEBRADA LAS ROSAS B° QUEBRADA DE LAS ROSAS
1731,ESCUELA GABRIELA MISTRAL,ESCUELA GABRIELA MISTRAL - JUNIORS,CORDOBA,CAPITAL,CÓRDOBA,140288500,LEONOR DE TEJEDA 1353 JUNIORS B° JUNIORS
1732,ESCUELA GABRIELA MISTRAL,ESCUELA GABRIELA MISTRAL,COLONIA FRONTERA NORTE,SAN JUSTO,CÓRDOBA,140191700,Ruta Provincial nº 3   COLONIA FRONTERA NORTE P/BALNEARIA
1733,ESCUELA GABRIELA MISTRAL,ESCUELA GABRIELA MISTRAL,SANTA ROSA DE CALAMUCHITA,CALAMUCHITA,CÓRDOBA,140247100,LA TACUARITA 532 VILLA STRADA SANTA ROSA DE CALAMUCHITA
1736,ESCUELA GABRIELA MISTRAL,ESCUELA GABRIELA MISTRAL,LAS LAGUNITAS,UNION,CÓRDOBA,140355200,CALLE PUBLICA S/N   COLONIA LAS LAGUNITAS P/MORRISON
1737,ESCUELA GAUCHOS ARGENTINOS,ESCUELA GAUCHOS ARGENTINOS,COLONIA EL MILAGRO ESTE,SAN JUSTO,CÓRDOBA,140097500,CALLE PUBLICA S/N°   COLONIA EL MILAGRO ESTE P/DEVOTO
1741,ESCUELA GENDARMERIA NACIONAL,ESCUELA GENDARMERIA NACIONAL,JESUS MARIA,COLON,CÓRDOBA,140344200,25 DE MAYO 125 VICENTE AGUERO JESUS MARIA
1742,ESCUELA GENERAL BARTOLOME MITRE,ESCUELA GENERAL BARTOLOME MITRE,GENERAL FOTHERINGHAM,TERCERO ARRIBA,CÓRDOBA,140258900,SAN JUAN ESQ. BELGRANO   GENERAL FOTHERINGHAN
1743,ESCUELA GENERAL BARTOLOME MITRE,ESCUELA GENERAL BARTOLOME MITRE,LOS CERRILLOS,SAN JAVIER,CÓRDOBA,140358900,BELGRANO 50 CENTRO LOS CERRILLOS
1744,ESCUELA GENERAL BELGRANO,ESCUELA GENERAL BELGRANO,EL TOSTADO,RIO PRIMERO,CÓRDOBA,140185000,CALLE PUBLICA S/N    EL TOSTADO P/LA PARA
1745,ESCUELA GENERAL CONRADO VILLEGAS,ESCUELA GENERAL CONRADO VILLEGAS,LABOULAYE,PRESIDENTE ROQUE SAENZ PEÑA,CÓRDOBA,140389300,INTENDENTE FENOGLIO 344 SANTA RITA LABOULAYE
1798,ESCUELA GRAL. DE DIV.MANUEL NICOLAS SAVIO (EX. NAC. No 483),ESCUELA GENERAL DE DIVISION MANUEL NICOLAS SAVIO (EX NACIONAL 483),RIO TERCERO,TERCERO ARRIBA,CÓRDOBA,140328800,SAN MARTIN 2 EL LIBERTADOR RIO TERCERO
1746,ESCUELA GENERAL ENRIQUE MOSCONI,ESCUELA GENERAL ENRIQUE MOSCONI,CORDOBA,CAPITAL,CÓRDOBA,140095700,FELIX ROBIN FERREYRA 2324 ALTO ALBERDI B° ALTO ALBERDI
1799,ESCUELA GRAL. FRANCISCO ORTIZ DE OCAMPO,ESCUELA GENERAL FRANCISCO ORTIZ DE OCAMPO,JESUS MARIA,COLON,CÓRDOBA,140078800,AV. DR. FRANCISCO N. DE LAPRIDA 649 CENTRO JESUS MARIA
1800,ESCUELA GRAL. FRANCISCO ORTIZ DE OCAMPO,ESCUELA GENERAL FRANCISCO ORTIZ DE OCAMPO,CORDOBA,CAPITAL,CÓRDOBA,140249800,SALTA 250 CENTRO B° CENTRO
1801,ESCUELA GRAL. IGNACIO HAMILTON FOTHERINGHAM,ESCUELA GENERAL IGNACIO HAMILTON FOTHERINGHAM,RIO CUARTO,RIO CUARTO,CÓRDOBA,140371700,AV. SABATTINI 3800 LAS FERIAS FRENTE A LA SOCIEDAD RURAL
1747,ESCUELA GENERAL JOSE DE SAN MARTIN,ESCUELA GENERAL JOSE DE SAN MARTIN,CASA GRANDE,PUNILLA,CÓRDOBA,140076300,RUTA NACIONAL Nº 38  CENTRO CASA GRANDE
1748,ESCUELA GENERAL JOSE DE SAN MARTIN,ESCUELA GENERAL JOSE DE SAN MARTIN,UCACHA,JUAREZ CELMAN,CÓRDOBA,140102800,MARIANO MORENO 375 SUR UCACHA
1749,ESCUELA GENERAL JOSE DE SAN MARTIN,ESCUELA GENERAL JOSE DE SAN MARTIN,LUQUE,RIO SEGUNDO,CÓRDOBA,140116600,CORDOBA 649  LUQUE
1750,ESCUELA GENERAL JOSE DE SAN MARTIN,ESCUELA GENERAL JOSE DE SAN MARTIN,CORRALITO,TERCERO ARRIBA,CÓRDOBA,140210800,PABLO A. PIZZURNO 149  CORRALITO
1751,ESCUELA GENERAL JOSE DE SAN MARTIN,ESCUELA GENERAL JOSE DE SAN MARTIN,SALSACATE,POCHO,CÓRDOBA,140254700,AVENIDA CURA BROCHERO 150 CENTRO SALSACATE
1752,ESCUELA GENERAL JOSE DE SAN MARTIN,ESCUELA GENERAL JOSE DE SAN MARTIN,VILLA GENERAL BELGRANO,CALAMUCHITA,CÓRDOBA,140295300,NICARAGUA 566 CENTRO VILLA GENERAL BELGRANO
1753,ESCUELA GENERAL JOSE DE SAN MARTIN,ESCUELA GENERAL JOSE DE SAN MARTIN,RIO PRIMERO,RIO PRIMERO,CÓRDOBA,140336600,CORRIENTES 251 LUCHI RIO PRIMERO
1754,ESCUELA GENERAL JOSE DE SAN MARTIN,ESCUELA GENERAL JOSE DE SAN MARTIN,MINA CLAVERO,SAN ALBERTO,CÓRDOBA,140364700,AVENIDA MITRE 1251  MINA CLAVERO
1802,ESCUELA GRAL. JOSE DE SAN MARTIN,ESCUELA GENERAL JOSE DE SAN MARTIN,VILLA ALLENDE,COLON,CÓRDOBA,140098600,GOYCOECHEA 150 CENTRO VILLA ALLENDE
1803,ESCUELA GRAL. JOSE DE SAN MARTIN,ESCUELA GENERAL JOSE DE SAN MARTIN,CAPITAN GENERAL BERNARDO O'HIGGINS,MARCOS JUAREZ,CÓRDOBA,140104900,AVENIDA ITALIA 323  CAPITAN GENERAL BERNARDO O HIGGINS
1804,ESCUELA GRAL. JOSE DE SAN MARTIN,ESCUELA GENERAL JOSE DE SAN MARTIN,LA PLAYA,MINAS,CÓRDOBA,140175700,CALLE PUBLICA   LA PLAYA P/GUASAPAMPA
1805,ESCUELA GRAL. JOSE DE SAN MARTIN,ESCUELA GENERAL JOSE DE SAN MARTIN,TANCACHA,TERCERO ARRIBA,CÓRDOBA,140210400,SARMIENTO 1076 NORTE TANCACHA - CAMINO A VILLA ASCASUBI
1806,ESCUELA GRAL. JOSE DE SAN MARTIN,ESCUELA GENERAL JOSE DE SAN MARTIN,LA LAGUNA,GENERAL SAN MARTIN,CÓRDOBA,140241800,SAN MARTIN   LA LAGUNA
1807,ESCUELA GRAL. JOSE DE SAN MARTIN,ESCUELA GENERAL JOSE DE SAN MARTIN,CAPILLA DEL MONTE,PUNILLA,CÓRDOBA,140267900,SARMIENTO 380 CENTRO CAPILLA DEL MONTE
1808,ESCUELA GRAL. JOSE DE SAN MARTIN,ESCUELA GENERAL JOSE DE SAN MARTIN,VILLA MARIA,GENERAL SAN MARTIN,CÓRDOBA,140337000,CARLOS PELLEGRINI 1050 RIVADAVIA VILLA MARIA
1809,ESCUELA GRAL. JOSE DE SAN MARTIN,ESCUELA GENERAL JOSE DE SAN MARTIN,LA CALERA,COLON,CÓRDOBA,140416600,JUAN RAMON GIMENEZ Y SUCRE  STOECKLIN LA CALERA
1810,ESCUELA GRAL. JOSÉ DE SAN MARTIN,ESCUELA GENERAL JOSÉ DE SAN MARTIN,LA HIGUERA,CRUZ DEL EJE,CÓRDOBA,140031000,DIAGONAL MONUMENTO A LA MADRE   LA HIGUERA P/SOTO EN RUTA PROV.N?15
1755,ESCUELA GENERAL JOSE MARIA PAZ,ESCUELA GENERAL JOSE MARIA PAZ,TANCACHA,TERCERO ARRIBA,CÓRDOBA,140351400,BARTOLOME MITRE 451 CENTRO TANCACHA-(frente a la plaza B.Rivadavia)
1797,ESCUELA GRAL JOSE MARIA PAZ,ESCUELA GENERAL JOSE MARIA PAZ,SANTA ANA,CRUZ DEL EJE,CÓRDOBA,140167300,CALLE PUBLICA S/N°   CAMINO PROVINCIAL A TOSNO - SANTA ANA P/PASO VIEJO
1811,ESCUELA GRAL. JOSE MARIA PAZ,ESCUELA GENERAL JOSE MARIA PAZ,COLONIA LAS CUATRO ESQUINAS,RIO PRIMERO,CÓRDOBA,140010500,CALLE PUBLICA   CNIA.LAS CUATRO ESQUINAS P/RIO 1?
1812,ESCUELA GRAL. JOSE MARIA PAZ,ESCUELA GENERAL JOSE MARIA PAZ,MONTE DEL ROSARIO,RIO PRIMERO,CÓRDOBA,140187300,CALLE PUBLICA S/N    MONTE DEL ROSARIO P/EL CRESPIN
1756,ESCUELA GENERAL JUSTO SOCRATES ANAYA,ESCUELA GENERAL JUSTO SOCRATES ANAYA,RIO CUARTO,RIO CUARTO,CÓRDOBA,140301200,AZOPARDO 1270 FENIX RIO CUARTO
1757,ESCUELA GENERAL LAMADRID,ESCUELA GENERAL LAMADRID,COLONIA LOS ALGARROBOS,COLON,CÓRDOBA,140217500,CALLE PUBLICA S/N    CNIA. LOS ALGARROBOS P/CNO.A SANTA ROSA Y CNIA.TIROLESA
1758,ESCUELA GENERAL MANUEL BELGRANO,ESCUELA GENERAL MANUEL BELGRANO,LA SERRANITA,SANTA MARIA,CÓRDOBA,140107900,SAN AGUSTIN S/N°   LA SERRANITA
1759,ESCUELA GENERAL MANUEL BELGRANO,ESCUELA GENERAL MANUEL BELGRANO,COLONIA CAROYA,COLON,CÓRDOBA,140311200,COSEANI SUR 701 GENERAL MANUEL BELGRANO COLONIA CAROYA
1760,ESCUELA GENERAL MANUEL BELGRANO,ESCUELA GENERAL MANUEL BELGRANO,CORDOBA,CAPITAL,CÓRDOBA,140332500,AMBOY 3230 OÑA B°OÑA
1761,ESCUELA GENERAL MANUEL BELGRANO,ESCUELA GENERAL MANUEL BELGRANO,OLIVA,TERCERO ARRIBA,CÓRDOBA,140366100,GENERAL PAZ 227 CENTRO OLIVA
1762,ESCUELA GENERAL MANUEL BELGRANO,ESCUELA GENERAL MANUEL BELGRANO,RIO TERCERO,TERCERO ARRIBA,CÓRDOBA,140367900,ISABEL LA CATOLICA 251 NORTE RIO TERCERO
1813,ESCUELA GRAL. MANUEL BELGRANO,ESCUELA GENERAL MANUEL BELGRANO,CAPILLA DEL MONTE,PUNILLA,CÓRDOBA,140264500,FERNANDO FADER S/N  BALUMBA CAPILLA DEL MONTE
1763,ESCUELA GENERAL MANUEL DE ESCALADA,ESCUELA GENERAL MANUEL DE ESCALADA,CORDOBA,CAPITAL,CÓRDOBA,140406400,CALLE PUBLICA S/N°  LA CARBONADA B° LA CARBONADA (RUTA 9 SUR KM 685 P/CNO.PROV.N°4)
1764,ESCUELA GENERAL MARTIN GUEMES,ESCUELA GENERAL MARTIN GUEMES,CAPILLA DE LOS REMEDIOS,RIO PRIMERO,CÓRDOBA,140233800,GUEMES Y RIVADAVIA   CAPILLA DE LOS REMEDIOS
1765,ESCUELA GENERAL MARTIN GUEMES,ESCUELA GENERAL MARTIN GUEMES,CHUÑA,ISCHILIN,CÓRDOBA,140281800,CALLE PUBLICA   CHUÑA
1766,ESCUELA GENERAL MARTIN GUEMES,ESCUELA GENERAL MARTIN GUEMES,CORDOBA,CAPITAL,CÓRDOBA,140292000,OBISPO CASTELLANO 256 MULLER B° MULLER
1767,ESCUELA GENERAL MARTIN M. DE GUEMES,ESCUELA GENERAL MARTIN M DE GUEMES,CORDOBA,CAPITAL,CÓRDOBA,140337600,MONTUFAR Y CORONADO 7126 QUINTAS DE ARGUELLO B° QUINTAS DE ARGUELLO
1768,ESCUELA GENERAL MITRE,ESCUELA GENERAL MITRE,SAN FRANCISCO,SAN JUSTO,CÓRDOBA,140319100,SANTA FE 538 SARMIENTO SAN FRANCISCO
1251,ESCUELA  GENERAL NAPOLEON URIBURU,ESCUELA GENERAL NAPOLEON URIBURU,VICUÑA MACKENNA,RIO CUARTO,CÓRDOBA,140188100,LIBERTADOR GENERAL SAN MARTIN 318 CENTRO VICUÑA MACKENNA
1769,ESCUELA GENERAL NICOLAS LEVALLE,ESCUELA GENERAL NICOLAS LEVALLE,GENERAL LEVALLE,PRESIDENTE ROQUE SAENZ PEÑA,CÓRDOBA,140389800,BERNARDINO ANCE 601 NORTE GENERAL LEVALLE
1770,ESCUELA GENERAL PAZ,ESCUELA GENERAL PAZ,RIO CUARTO,RIO CUARTO,CÓRDOBA,140213600,MITRE 850 CENTRO RIO CUARTO
1771,ESCUELA GENERAL SAN MARTIN,ESCUELA GENERAL SAN MARTIN,AUSONIA,GENERAL SAN MARTIN,CÓRDOBA,140017900,25 DE MAYO 551  AUSONIA
1772,ESCUELA GENERAL SAN MARTIN,ESCUELA GENERAL SAN MARTIN,DEAN FUNES,ISCHILIN,CÓRDOBA,140069400,MAIPU 150 PLAZA BUSTAMANTE DEAN FUNES
1773,ESCUELA GENERAL SAN MARTIN,ESCUELA GENERAL SAN MARTIN,SAN FRANCISCO DEL CHAÑAR,SOBREMONTE,CÓRDOBA,140083100,SARMIENTO 385 CENTRO SAN FRANCISCO DEL CHAÑAR DETRAS DE EPEC
1774,ESCUELA GENERAL SAN MARTIN,ESCUELA GENERAL SAN MARTIN,SAN JAVIER (YACANTO),SAN JAVIER,CÓRDOBA,140111900,CALLE PUBLICA   SAN JAVIER (YACANTO)
1775,ESCUELA GENERAL SAN MARTIN,ESCUELA GENERAL SAN MARTIN,COLONIA CAROYA,COLON,CÓRDOBA,140139800,MAESTRA OLGA PROSDOCIMO 3580 CENTRO COLONIA CAROYA
1776,ESCUELA GENERAL SAN MARTIN,ESCUELA GENERAL SAN MARTIN,BALLESTEROS,UNION,CÓRDOBA,140148500,PDTE. PERON 75 CENTRO BALLESTEROS
1777,ESCUELA GENERAL SAN MARTIN,ESCUELA GENERAL SAN MARTIN,GENERAL DEHEZA,JUAREZ CELMAN,CÓRDOBA,140195000,BV. SAN MARTIN 251 CENTRO GENERAL DEHEZA
1778,ESCUELA GENERAL SAN MARTIN,ESCUELA GENERAL SAN MARTIN,RIO CUARTO,RIO CUARTO,CÓRDOBA,140213800,BELGRANO 986 SANTA ROSA RIO CUARTO
1779,ESCUELA GENERAL SAN MARTIN,ESCUELA GENERAL SAN MARTIN,POZO DEL MOLLE,RIO SEGUNDO,CÓRDOBA,140246800,BELGRANO 225  POZO DEL MOLLE
1780,ESCUELA GENERAL SAN MARTIN,ESCUELA GENERAL SAN MARTIN,SAN AGUSTIN,CALAMUCHITA,CÓRDOBA,140289000,ROQUE SAENZ PEÑA 118  SAN AGUSTIN - A DOS CUADRAS DE PLAZA LOS AMIGOS - CALLE DE TIERRA
1781,ESCUELA GENERAL SAN MARTIN,ESCUELA GENERAL SAN MARTIN,LOS SURGENTES,MARCOS JUAREZ,CÓRDOBA,140314900,RIVADAVIA 324  LOS SURGENTES
1782,ESCUELA GENERAL SAN MARTIN,ESCUELA GENERAL SAN MARTIN,COLONIA ITALIANA,MARCOS JUAREZ,CÓRDOBA,140316500,ISLAS MALVINAS 219  COLONIA ITALIANA
1783,ESCUELA GENERAL SAN MARTIN,ESCUELA GENERAL SAN MARTIN,COLONIA MILESSI,SAN JUSTO,CÓRDOBA,140339900,CALLE PUBLICA S/N°   COLONIA MILESSI OESTE P/BRINKMANN
1784,ESCUELA GENERAL SAN MARTIN,ESCUELA GENERAL SAN MARTIN,VILLA DOLORES,SAN JAVIER,CÓRDOBA,140358700,EDISON 130 CENTRO VILLA DOLORES
1785,ESCUELA GENERAL SAN MARTIN,ESCUELA GENERAL SAN MARTIN,ADELIA MARIA,RIO CUARTO,CÓRDOBA,140379700,SARMIENTO 98 CENTRO ADELIA MARIA
1786,ESCUELA GENERAL SAN MARTIN,ESCUELA GENERAL SAN MARTIN,GUTEMBERG,RIO SECO,CÓRDOBA,140394300,SARMIENTO 400  GUTEMBERG
1814,ESCUELA GRAL. SAN MARTIN,ESCUELA GENERAL SAN MARTIN,EL BARRIAL,SAN JAVIER,CÓRDOBA,140150600,CALLE PUBLICA   EL BARRIAL P/SAN JOSE
1815,ESCUELA GRAL. SAN MARTIN,ESCUELA GENERAL SAN MARTIN,MARCOS JUAREZ,MARCOS JUAREZ,CÓRDOBA,140204700,MENDOZA 1482 SUR MARCOS JUAREZ
1816,ESCUELA GRAL. SAN MARTIN,ESCUELA GENERAL SAN MARTIN,GUANACO MUERTO,CRUZ DEL EJE,CÓRDOBA,140385800,CALLE PUBLICA   GUANACO MUERTO
1817,ESCUELA GRAL. VICTORIANO RODRIGUEZ,ESCUELA GENERAL VICTORIANO RODRIGUEZ,LA CESIRA,PRESIDENTE ROQUE SAENZ PEÑA,CÓRDOBA,140142600,ALVEAR 220  LA CESIRA
1787,ESCUELA GERONIMO GRAGERA,ESCUELA GERONIMO GRAGERA,CORDOBA,CAPITAL,CÓRDOBA,140480500,MOLLEYACO ESQ.PAYEN  CERRO NORTE MOLLEYACO
1790,ESCUELA GOBERNADOR AMADEO SABATTINI,ESCUELA GOBERNADOR AMADEO SABATTINI,CORDOBA,CAPITAL,CÓRDOBA,140001400,GERMANIA 2665 YAPEYU B° YAPEYU
1788,ESCUELA GOB BRIGADIER JUAN IGNACIO SAN MARTIN,ESCUELA GOBERNADOR BRIGADIER JUAN IGNACIO SAN MARTIN,CORDOBA,CAPITAL,CÓRDOBA,140342900,ENFERMERA CLERMONT 1225 VILLA PAEZ B°VILLA PAEZ
1791,ESCUELA GOBERNADOR DR. AMADEO SABATTINI,ESCUELA GOBERNADOR DOCTOR AMADEO SABATTINI,RIO CUARTO,RIO CUARTO,CÓRDOBA,140300700,MANSILLA 320 GRAL. PAZ RIO CUARTO
1792,ESCUELA GOBERNADOR EMILIO F. OLMOS,ESCUELA GOBERNADOR EMILIO F OLMOS,CORDOBA,CAPITAL,CÓRDOBA,140045400,AVENIDA FUERZA AEREA ARGENTINA 2229 PARQUE CAPITAL B° PARQUE CAPITAL
1738,ESCUELA GDOR. JOSE FRANCISCO JAVIER DIAZ,ESCUELA GOBERNADOR JOSE FRANCISCO JAVIER DIAZ,HERNANDO,TERCERO ARRIBA,CÓRDOBA,140259400,25 DE MAYO 678 GDOR DIAZ HERNANDO
1793,ESCUELA GOBERNADOR JOSE MANUEL ALVAREZ,ESCUELA GOBERNADOR JOSE MANUEL ALVAREZ,CORDOBA,CAPITAL,CÓRDOBA,140066700,WENCESLAO PAUNERO ESQ. C. ARENAL  PARQUE SARMIENTO
1739,ESCUELA GDOR. JOSE VICENTE DE OLMOS,ESCUELA GOBERNADOR JOSE VICENTE DE OLMOS,CORDOBA,CAPITAL,CÓRDOBA,140304100,OBISPO TREJO 871 NUEVA CORDOBA
1794,ESCUELA GOBERNADOR JUAN BAUTISTA BUSTOS,ESCUELA GOBERNADOR JUAN BAUTISTA BUSTOS,CORDOBA,CAPITAL,CÓRDOBA,140399200,CACHEUTA ESQ. BRANDAN  ALTOS DE VELEZ SARSFIELD B° ALTOS DE VELEZ SARSFIELD
1795,ESCUELA GOBERNADOR JUSTO PAEZ MOLINA,ESCUELA GOBERNADOR JUSTO PAEZ MOLINA,CORDOBA,CAPITAL,CÓRDOBA,140414900,JOAQUIN MONTAÑA 1350 VILLA  AZALAIS B° VILLA AZALAIS
1740,ESCUELA GDOR. MANUEL LOPEZ(EX S/N DE B° M.FRAGUEIRO ANEXO),ESCUELA GOBERNADOR MANUEL LOPEZ (EX SIN NOMBRE DE B M FRAGUEIRO ANEXO),CORDOBA,CAPITAL,CÓRDOBA,140477800,URQUIZA 4800 MARIANO FRAGUEIRO I.P.V.ANEXO CERCA DE CIRCUNVALACI? NORTE.
1789,ESCUELA GOB. SANTIAGO DEL CASTILLO,ESCUELA GOBERNADOR SANTIAGO DEL CASTILLO,CORDOBA,CAPITAL,CÓRDOBA,140041800,RAMON MUNILLA S/Nº  VILLA AZALAIS B° VILLA AZALAIS
1796,ESCUELA GRACIELA DEL RIO,ESCUELA GRACIELA DEL RIO,CORDOBA,CAPITAL,CÓRDOBA,140512800,CALLE PUBLICA S/N  AMPLIACION CABILDO B° AMPLIACION CABILDO
1818,ESCUELA GREGORIA IGNACIA PEREZ,ESCUELA GREGORIA IGNACIA PEREZ,RIO TERCERO,TERCERO ARRIBA,CÓRDOBA,140161700,ANGELINA ORTIZ ESQ. INDEPENDENCIA  ACUÑA RIO TERCERO
1199,ESC. GREGORIA MATORRAS DE SAN MARTIN,ESCUELA GREGORIA MATORRAS DE SAN MARTIN,EL RETIRO,POCHO,CÓRDOBA,140525200,CALLE PUBLICA   EL RETIRO
1819,ESCUELA GREGORIA MATORRAS DE SAN MARTIN,ESCUELA GREGORIA MATORRAS DE SAN MARTIN,CORDOBA,CAPITAL,CÓRDOBA,140229200,AV.JUAN B.JUSTO 4800 MARIA LASTENIA B° MARIA LASTENIA
1820,ESCUELA GRUPO DE ARTILLERIA AEROTRANSPORTADA 4,ESCUELA GRUPO DE ARTILLERIA AEROTRANSPORTADA 4,COLONIA TIROLESA,COLON,CÓRDOBA,140403400,PEDRO COLOMBO 58 SANTA ELENA COLONIA TIROLESA - RUTA A 74 KM 22
1821,ESCUELA GUIDO Y SPANO,ESCUELA GUIDO Y SPANO,VICUÑA MACKENNA,RIO CUARTO,CÓRDOBA,140179400,SARMIENTO 672 CENTRO VICUÑA MACKENNA
1822,ESCUELA HAYDEE PONSA LUQUE DE PACHECO,ESCUELA HAYDEE PONSA LUQUE DE PACHECO,CHARACATO,CRUZ DEL EJE,CÓRDOBA,140468100,CALLE PUBLICA S/N°   CHACARATO
1823,ESCUELA HEBE SAN MARTIN DE DUPRAT(EX S/N DE BºJARDIN NORTE),ESCUELA HEBE SAN MARTIN DE DUPRAT (EX SIN NOMBRE DE B JARDIN NORTE),RIO CUARTO,RIO CUARTO,CÓRDOBA,140480400,GRITO DE ALCORTA ESQUINA ARAUCANOS 597 JARDIN NORTE RIO CUARTO
1824,ESCUELA HEROES DE MALVINAS,ESCUELA HEROES DE MALVINAS,CORDOBA,CAPITAL,CÓRDOBA,140479900,DAGUERRE 5100 ALMIRANTE BROWN B° ALMIRANTE BROWN (CNO A CAPILLA DE LOS REMEDIOS KM 6)
1825,ESCUELA HEROES DE MALVINAS(EX S/N BºI.P.V. CNO.A VILLA POSSE,ESCUELA HEROES DE MALVINAS (EX SIN NOMBRE BIPV CNO A VILLA POSSE,CORDOBA,CAPITAL,CÓRDOBA,140480300,CALLE PUBLICA S/N°  I.P.V.(CNO. A VILLA POSSE) B°I.P.V.(CNO. A VILLA POSSE)-Frente plaza central del barrio
1826,ESCUELA HILARIO ASCASUBI,ESCUELA HILARIO ASCASUBI,BELL VILLE,UNION,CÓRDOBA,140254200,BV. ASCASUBI 653 CTALAMOCHITA BELL VILLE
1827,ESCUELA HILARIO ASCASUBI,ESCUELA HILARIO ASCASUBI,CORDOBA,CAPITAL,CÓRDOBA,140332400,CADIZ 2930 COLON B° COLON
1828,ESCUELA HIPOLITO BOUCHARD,ESCUELA HIPOLITO BOUCHARD,SAN FRANCISCO,SAN JUSTO,CÓRDOBA,140418100,E.J.CARRA 1873 BOUCHARD SAN FRANCISCO
1829,ESCUELA HIPOLITO BUCHARDO,ESCUELA HIPOLITO BUCHARDO,SAN MARCOS SUD,UNION,CÓRDOBA,140170100,MAIPU S/N  CENTRO SAN MARCOS SUD
1830,ESCUELA HIPOLITO IRIGOYEN,ESCUELA HIPOLITO IRIGOYEN,CORRAL DE BUSTOS,MARCOS JUAREZ,CÓRDOBA,140266600,BV. FAUDA 278  CORRAL DE BUSTOS
1831,ESCUELA HIPOLITO VIEYTES,ESCUELA HIPOLITO VIEYTES,CAÑADA DE RIO PINTO,ISCHILIN,CÓRDOBA,140080800,JOSE FARINA   CAÑADA DE RIO PINTO
1832,ESCUELA HOGAR Nº 1 ALBERTO MAGGI (C/ALBERGUE),ESCUELA HOGAR 1 ALBERTO MAGGI (C/ALBERGUE),SAN ROQUE,PUNILLA,CÓRDOBA,140294300,RUTA E 55 S/N  SAN ROQUE COMUNA DE SAN ROQUE P/RUTA E 55
1833,ESCUELA HONORATO LACONI,ESCUELA HONORATO LACONI,CORDOBA,CAPITAL,CÓRDOBA,140231300,TOMAS DE IROBI 557 MARQUES DE SOBREMONTE B° MARQUES DE SOBREMONTE
1834,ESCUELA HOSPITALARIA ATRAPASUEÑOS,ESCUELA HOSPITALARIA ATRAPASUEÑOS,CORDOBA,CAPITAL,CÓRDOBA,140531300,FERROVIARIOS S/N°  CRISOL NORTE BARRIO CRISOL NORTE
1835,ESCUELA HOSPITALARIA Y DOMICILIARIA SEMILLAS DEL CORAZON,ESCUELA HOSPITALARIA Y DOMICILIARIA SEMILLAS DEL CORAZON,CORDOBA,CAPITAL,CÓRDOBA,140515700,AV. CASTRO BARROS 650 SAN MARTIN B° SAN MARTIN
1836,ESCUELA HUGO LEONELLI,ESCUELA HUGO LEONELLI,CORDOBA,CAPITAL,CÓRDOBA,140241000,CALLE PUBLICA  GRANJA DE FUNES 2º SECCION
1837,ESCUELA HUGO WAST,ESCUELA HUGO WAST,HUINCA RENANCO,GENERAL ROCA,CÓRDOBA,140158100,PRESIDENTE PERON 585 VILLA TORROBA HUINCA RENANCO
1838,ESCUELA HUGO WAST,ESCUELA HUGO WAST,CORDOBA,CAPITAL,CÓRDOBA,140362400,SANTIAGO CACERES 2099 CACERES B° CACERES
1839,ESCUELA HUMBERTO ROQUE DAGUM(EX ESC.DE B° R.DE ESCALADA),ESCUELA HUMBERTO ROQUE DAGUM (EX ESCUELA DE B R DE ESCALADA),CORDOBA,CAPITAL,CÓRDOBA,140477700,VIAS DE FFCC GRAL.BEGRANO ESQ.JAPON  REMEDIOS DE ESCALADA B° REMEDIOS DE ESCALADA
1840,ESCUELA INES MOYANO DE MOLINA,ESCUELA INES MOYANO DE MOLINA,SAN ESTEBAN,PUNILLA,CÓRDOBA,140263300,MUJICA LAINEZ  CENTRO (AL LADO DEL DISPENSARIO) SAN ESTEBAN
1844,ESCUELA INGENIERO ALBERTO R. MASCIAS,ESCUELA INGENIERO ALBERTO R MASCIAS,ASCOCHINGA,COLON,CÓRDOBA,140323300,CALLE PUBLICA   ASCOCHINGA P/RUTA E 66
1845,ESCUELA INGENIERO ALFREDO EBELOT,ESCUELA INGENIERO ALFREDO EBELOT,PINCEN,GENERAL ROCA,CÓRDOBA,140214900,FELIPA ROSALES   PINCEN
1846,ESCUELA INGENIERO ANIBAL V. SANCHEZ,ESCUELA INGENIERO ANIBAL V SANCHEZ,LA HERRADURA,UNION,CÓRDOBA,140056700,CALLE PUBLICA S/N    LA HERRADURA P/BALLESTEROS SUD
1847,ESCUELA INGENIERO EMILIO FELIPE OLMOS,ESCUELA INGENIERO EMILIO FELIPE OLMOS,PLAZA SAN FRANCISCO,SAN JUSTO,CÓRDOBA,140251100,AVDA LOS INMIGRANTES 6284 PLAZA SAN FRANCISCO PLAZA SAN FRANCISCO
1841,ESCUELA ING. FEDERICO NEHER (C/ALBERGUE),ESCUELA INGENIERO FEDERICO NEHER (C/ALBERGUE),SANTA ELENA,RIO SECO,CÓRDOBA,140330600,CALLE PUBLICA S/N    SANTA ELENA - CAMINO A CERRO COLORADO
1842,ESCUELA ING. JUAN MARIO MASJOAN,ESCUELA INGENIERO JUAN MARIO MASJOAN,CORDOBA,CAPITAL,CÓRDOBA,140283900,PEDRO L. DE CABRERA 3070 JARDIN B° JARDIN
1843,ESCUELA ING. REGINO M. MADERS,ESCUELA INGENIERO REGINO M MADERS,CORDOBA,CAPITAL,CÓRDOBA,140416400,CHIRINO DE POSADAS 5400 SAN FELIPE
1848,ESCUELA INTEGRAL ARGENTINA MARIANO MORENO,ESCUELA INTEGRAL ARGENTINA MARIANO MORENO,CORDOBA,CAPITAL,CÓRDOBA,140291300,AV. 24 DE SETIEMBRE 882 GENERAL PAZ B° GENERAL PAZ
1849,ESCUELA INTEGRAL M. BELGRANO,ESCUELA INTEGRAL M BELGRANO,CORDOBA,CAPITAL,CÓRDOBA,140398300,LUIS BRAILE 2384 SARMIENTO B° SARMIENTO
1850,ESCUELA INTENDENTE DR. RAUL G. VILLAFAÑE,ESCUELA INTENDENTE DOCTOR RAUL G VILLAFAÑE,SAN FRANCISCO,SAN JUSTO,CÓRDOBA,140110000,LAS GUAYANAS 584 CIUDAD SAN FRANCISCO
1851,ESCUELA INTENDENTE GRIMBERG,ESCUELA INTENDENTE GRIMBERG,VILLA CARLOS PAZ,PUNILLA,CÓRDOBA,140079500,INTENDENTE LEON GRIMBERG S/N  COLINAS DE VELEZ SARSFIELD VILLA CARLOS PAZ
1852,ESCUELA ISABEL LA CATOLICA,ESCUELA ISABEL LA CATOLICA,CORDOBA,CAPITAL,CÓRDOBA,140308100,SUBOFICIAL AVIADOR OTTANO S/N°  AERONAUTICO B° AERONAUTICO -(AV FUERZA AEREA AL 6200)
1853,ESCUELA ISLA DE LOS ESTADOS,ESCUELA ISLA DE LOS ESTADOS,VILLA CARLOS PAZ,PUNILLA,CÓRDOBA,140072600,LOS CEIBOS  LA QUINTA VILLA CARLOS PAZ
1854,ESCUELA ISLAS MALVINAS,ESCUELA ISLAS MALVINAS,COLONIA MARIA GODEKEN,MARCOS JUAREZ,CÓRDOBA,140405200,CALLE PUBLICA   CNIA MARIA GODEKEN P/COLONIA ITALIANA(17 KM. P/TIERRA)
1855,ESCUELA ITUZAINGO,ESCUELA ITUZAINGO,SACANTA,SAN JUSTO,CÓRDOBA,140152600,ITUZAINGO 251 SAN MIGUEL SACANTA
1856,ESCUELA JAPON,ESCUELA JAPON,CORDOBA,CAPITAL,CÓRDOBA,140000500,AV. PUEYRREDON 2400 RESIDENCIAL ALBERDI B° RESIDENCIAL ALBERDI
1857,ESCUELA JAVIER LAZCANO COLODRERO,ESCUELA JAVIER LAZCANO COLODRERO,CORDOBA,CAPITAL,CÓRDOBA,140155200,RAIMUNDO CAPARROZ 7309 ARGUELLO B° ARGUELLO
1858,ESCUELA JAVIER VILLAFAÑE (EX S/N DE B° AUTODROMO),ESCUELA JAVIER VILLAFAÑE (EX SIN NOMBRE DE B AUTODROMO),CORDOBA,CAPITAL,CÓRDOBA,140477400,MANUEL CALVINO  AUTODROMO
1859,ESCUELA JERONIMO LUIS DE CABRERA,ESCUELA JERONIMO LUIS DE CABRERA,LA DORMIDA,CALAMUCHITA,CÓRDOBA,140006600,CALLE PUBLICA S/N°   PARAJE LA DORMIDA P/LA CRUZ
1860,ESCUELA JERONIMO LUIS DE CABRERA,ESCUELA JERONIMO LUIS DE CABRERA,ESPINILLAL,RIO CUARTO,CÓRDOBA,140372600,CALLE PUBLICA S/N   COLONIA EL ESPINILLAL P/ALCIRA GIGENA
1861,ESCUELA JERONIMO LUIS DE CABRERA,ESCUELA JERONIMO LUIS DE CABRERA,MIRAMAR,SAN JUSTO,CÓRDOBA,140393500,INDEPENDENCIA  288 Centro MIRAMAR
1862,ESCUELA JERONIMO LUIS DE CABRERA,ESCUELA JERONIMO LUIS DE CABRERA,GUATIMOZIN,MARCOS JUAREZ,CÓRDOBA,140404200,ENTRE RIOS NORTE S/N  PEIRANO GUATIMOZIN
1863,ESCUELA JERONIMO LUIS DE CABRERA,ESCUELA JERONIMO LUIS DE CABRERA,IMPIRA,RIO SEGUNDO,CÓRDOBA,140412300,SAN MARTIN S/N°   IMPIRA
1864,ESCUELA JOAQUIN V. GONZALEZ,ESCUELA JOAQUIN V GONZALEZ,LUCA,GENERAL SAN MARTIN,CÓRDOBA,140058000,9 DE JULIO 350  LUCA
1865,ESCUELA JOAQUIN VICTOR GONZALEZ,ESCUELA JOAQUIN VICTOR GONZALEZ,VILLA BERNA,CALAMUCHITA,CÓRDOBA,140006000,CALLE PUBLICA   VILLA BERNA P/LA CUMBRECITA
1866,ESCUELA JOAQUIN VICTOR GONZALEZ,ESCUELA JOAQUIN VICTOR GONZALEZ,VILLA CIUDAD DE AMERICA,SANTA MARIA,CÓRDOBA,140107100,RUTA N 5 KM 54  DIEGO DE ROJAS VILLA CIUDAD DE AMERICA
1867,ESCUELA JOAQUIN VICTOR GONZALEZ,ESCUELA JOAQUIN VICTOR GONZALEZ,CRUZ DEL EJE,CRUZ DEL EJE,CÓRDOBA,140108200,COLON  LA TOMA CRUZ DEL EJE
1868,ESCUELA JOAQUIN VICTOR GONZALEZ,ESCUELA JOAQUIN VICTOR GONZALEZ,LOS GUINDOS,RIO PRIMERO,CÓRDOBA,140186300,CALLE PUBLICA S/N    LOS GUINDOS(POR RUTA PROV 10) P/RIO PRIMERO
1869,ESCUELA JOAQUIN VICTOR GONZALEZ,ESCUELA JOAQUIN VICTOR GONZALEZ,LEONES,MARCOS JUAREZ,CÓRDOBA,140352000,RAMON INFANTE 422 CENTRO LEONES
1870,ESCUELA JOHN FITZGERALD KENNEDY,ESCUELA JOHN FITZGERALD KENNEDY,CAMPO LAS CHACRAS,UNION,CÓRDOBA,140056400,CALLE PUBLICA S/N   CAMPO LAS CHACRAS P/JUSTINIANO POSSE
1871,ESCUELA JORDAN MALDONADO,ESCUELA JORDAN MALDONADO,SALSIPUEDES,COLON,CÓRDOBA,140387000,DESIDERIO TORRES 360 ORO VERDE SALSIPUEDES
1872,ESCUELA JORGE A. SOLA,ESCUELA JORGE A SOLA,COLONIA MONTE GRANDE,SAN JUSTO,CÓRDOBA,140248600,CALLE PUBLICA S/N    COLONIA MONTE GRANDE P/ALTOS DE CHIPION
1873,ESCUELA JORGE ALEJANDRO NEWBERY,ESCUELA JORGE ALEJANDRO NEWBERY,LAS HIGUERAS,RIO CUARTO,CÓRDOBA,140113000,ESPAÑA 36  LAS HIGUERAS
1874,ESCUELA JORGE NEWBERY,ESCUELA JORGE NEWBERY,CORDOBA,CAPITAL,CÓRDOBA,140010600,A. MACIAS  JORGE NEWBERY B° JORGE NEWBERY
1875,ESCUELA JORGE NEWBERY,ESCUELA JORGE NEWBERY,UNQUILLO,COLON,CÓRDOBA,140370500,LAVALLE 165 LA PROVIDENCIA UNQUILLO
1876,ESCUELA JOSE AGUIRRE CAMARA,ESCUELA JOSE AGUIRRE CAMARA,CORDOBA,CAPITAL,CÓRDOBA,140345300,PETIROSSI  LOS FILTROS B° LOS FILTROS
1877,ESCUELA JOSE ANTONIO ALVAREZ CONDARCO,ESCUELA JOSE ANTONIO ALVAREZ CONDARCO,VILLA CARLOS PAZ,PUNILLA,CÓRDOBA,140070400,IGUALDAD 199 SAN IGNACIO VILLA CARLOS PAZ
1878,ESCUELA JOSE BERNARDO ITURRASPE,ESCUELA JOSE BERNARDO ITURRASPE,SAN FRANCISCO,SAN JUSTO,CÓRDOBA,140092800,CABRERA 1736 GENERAL ROCA SAN FRANCISCO
1879,ESCUELA JOSE CROTTO,ESCUELA JOSE CROTTO,VILLA VALERIA,GENERAL ROCA,CÓRDOBA,140340900,SAN JOSE DE CALASANZ S/N   VILLA VALERIA
1880,ESCUELA JOSE DE SAN MARTIN,ESCUELA JOSE DE SAN MARTIN,ZURI POZO,CRUZ DEL EJE,CÓRDOBA,140035400,CALLE PUBLICA S/N   ZURI POZO
1881,ESCUELA JOSE DE SAN MARTIN,ESCUELA JOSE DE SAN MARTIN,SANABRIA,GENERAL SAN MARTIN,CÓRDOBA,140057900,CALLE PUBLICA S/N    SANABRIA
1882,ESCUELA JOSE DE SAN MARTIN,ESCUELA JOSE DE SAN MARTIN,VILLA CARLOS PAZ,PUNILLA,CÓRDOBA,140069600,AMEGHINO 199 VILLA SUIZA ARGENTINA VILLA CARLOS PAZ
1883,ESCUELA JOSE DE SAN MARTIN,ESCUELA JOSE DE SAN MARTIN,COLONIA LUIS A. ZAUCE,SAN JUSTO,CÓRDOBA,140099800,CALLE PUBLICA S/N    CNIA.LUIS A.SAUZE
1884,ESCUELA JOSE DE SAN MARTIN,ESCUELA JOSE DE SAN MARTIN,VILLA DE MARIA,RIO SECO,CÓRDOBA,140209500,RIVADAVIA 768 CENTRO VILLA DE MARIA
1885,ESCUELA JOSE DE SAN MARTIN,ESCUELA JOSE DE SAN MARTIN,LOS HORNILLOS,SAN JAVIER,CÓRDOBA,140220300,GENERAL SAN MARTIN S/N   LOS HORNILLOS
1886,ESCUELA JOSE DE SAN MARTIN,ESCUELA JOSE DE SAN MARTIN,MONTE MAIZ,UNION,CÓRDOBA,140261000,SAN JUAN 2300 BARRACAS MONTE MAIZ
1887,ESCUELA JOSE DE SAN MARTIN,ESCUELA JOSE DE SAN MARTIN,CHAJAN,RIO CUARTO,CÓRDOBA,140279600,BOULEVAR CORDOBA  356  CHAJAN
1888,ESCUELA JOSE DE SAN MARTIN,ESCUELA JOSE DE SAN MARTIN,SAN BASILIO,RIO CUARTO,CÓRDOBA,140280000,BELGRANO 121 CENTRO SAN BASILIO
1889,ESCUELA JOSE DE SAN MARTIN,ESCUELA JOSE DE SAN MARTIN,CORDOBA,CAPITAL,CÓRDOBA,140295100,J. M. GALAN 660 SAN MARTIN B° SAN MARTIN
1890,ESCUELA JOSE DE SAN MARTIN,ESCUELA JOSE DE SAN MARTIN,LA CAUTIVA,RIO CUARTO,CÓRDOBA,140375700,SAN MARTIN 273 CENTRO LA CAUTIVA(A MENOS DE 100 MTS DE LA MUNICIPALIDAD)
1891,ESCUELA JOSE DE SAN MARTIN,ESCUELA JOSE DE SAN MARTIN,LA TUNA,TOTORAL,CÓRDOBA,140380700,CALLE PUBLICA S/N   LA TUNA
1892,ESCUELA JOSE GABRIEL BROCHERO,ESCUELA JOSE GABRIEL BROCHERO,VILLA CURA BROCHERO,SAN ALBERTO,CÓRDOBA,140351600,MARIANO MORENO 291 CENTRO VILLA CURA BROCHERO
1893,ESCUELA JOSE GIMENEZ LAGOS,ESCUELA JOSE GIMENEZ LAGOS,ARROYITO,SAN JUSTO,CÓRDOBA,140374400,FALUCHO 1118 SAN JOSE ARROYITO
1894,ESCUELA JOSE HERNANDEZ,ESCUELA JOSE HERNANDEZ,DEAN FUNES,ISCHILIN,CÓRDOBA,140081700,AVENIDA ARGENTINA 428 JOSE HERNANDEZ DEAN FUNES
1895,ESCUELA JOSE HERNANDEZ,ESCUELA JOSE HERNANDEZ,VILLA EL CHACAY,RIO CUARTO,CÓRDOBA,140181300,EL AGUARIBAY S/N°   VILLA EL CHACAY P/LAS ALBAHACAS
1896,ESCUELA JOSE HERNANDEZ,ESCUELA JOSE HERNANDEZ,CAMPO LABORDE,MARCOS JUAREZ,CÓRDOBA,140315000,CALLE PUBLICA S/N    CAMPO LABORDE P/CAMILO ALDAO
1897,ESCUELA JOSE HERNANDEZ,ESCUELA JOSE HERNANDEZ,VILLA DEL PRADO,SANTA MARIA,CÓRDOBA,140316900,AVENIDA HIPOLITO IRIGOYEN S/N   VILLA DEL PRADO
1898,ESCUELA JOSE HERNANDEZ,ESCUELA JOSE HERNANDEZ,CORDOBA,CAPITAL,CÓRDOBA,140332300,ASTURIAS 1947 COLON Iglesia San Pablo Apostol
1899,ESCUELA JOSE HERNANDEZ,ESCUELA JOSE HERNANDEZ,CANALS,UNION,CÓRDOBA,140353800,SAN MARTIN 187 CENTRO CANALS - AL LADO DE LA POLICÍA
1900,ESCUELA JOSE INGENIEROS,ESCUELA JOSE INGENIEROS,VILLA MARIA,GENERAL SAN MARTIN,CÓRDOBA,140159900,SANTA FE 1217 CENTRO VILLA MARIA
1901,ESCUELA JOSE INGENIEROS,ESCUELA JOSE INGENIEROS,ARROYO SECO,CALAMUCHITA,CÓRDOBA,140183400,CALLE PUBLICA   ARROYO SECO
1902,ESCUELA JOSE INGENIEROS,ESCUELA JOSE INGENIEROS,CRUZ DEL EJE,CRUZ DEL EJE,CÓRDOBA,140320000,DR. ARTURO U. ILLIA 2211 25 DE MAYO CRUZ DEL EJE
1903,ESCUELA JOSE INGENIEROS,ESCUELA JOSE INGENIEROS,ESTACION COLONIA TIROLESA,COLON,CÓRDOBA,140403700,25 DE MAYO   CAMINO A RIO CHICO P/EST.CNIA.TIROLESA
1904,ESCUELA JOSE LUIS SERSIC,ESCUELA JOSE LUIS SERSIC,CORDOBA,CAPITAL,CÓRDOBA,140416500,PEREZ CORREA 1500 MARQUES DE SOBREMONTE-ANEXO B° MARQUES DE SOBREMONTE-ANEXO
1905,ESCUELA JOSE MANUEL ESTRADA,ESCUELA JOSE MANUEL ESTRADA,TORO PUJIO,SAN JUSTO,CÓRDOBA,140113900,AVENIDA LOS PINARES   COLONIA TORO PUJIO P/MARULL
1906,ESCUELA JOSE MANUEL ESTRADA,ESCUELA JOSE MANUEL ESTRADA,VILLA MARIA,GENERAL SAN MARTIN,CÓRDOBA,140159300,CARTAGENA 570 BELLO HORIZONTE VILLA MARIA
1907,ESCUELA JOSE MANUEL ESTRADA,ESCUELA JOSE MANUEL ESTRADA,TOSQUITAS,RIO CUARTO,CÓRDOBA,140179100,AVELLANEDA 181  TOSQUITAS
1908,ESCUELA JOSE MANUEL ESTRADA,ESCUELA JOSE MANUEL ESTRADA,VILLA FONTANA,RIO PRIMERO,CÓRDOBA,140185600,RIVADAVIA 435  VILLA FONTANA
1909,ESCUELA JOSE MANUEL ESTRADA,ESCUELA JOSE MANUEL ESTRADA,LAS ARRIAS,TULUMBA,CÓRDOBA,140242200,CRUZ DEL EJE 481  LAS ARRIAS
1910,ESCUELA JOSE MANUEL ESTRADA,ESCUELA JOSE MANUEL ESTRADA,ALICIA,SAN JUSTO,CÓRDOBA,140309900,LA RIOJA 527  ALICIA
1911,ESCUELA JOSE MANUEL ESTRADA,ESCUELA JOSE MANUEL ESTRADA,MONTE BUEY,MARCOS JUAREZ,CÓRDOBA,140409700,SARMIENTO 402  MONTE BUEY
1912,ESCUELA JOSE MANUEL ESTRADA,ESCUELA JOSE MANUEL ESTRADA,CORDOBA,CAPITAL,CÓRDOBA,140412500,AV. BERNARDO O'HIGGINS KM 8   VILLA SAN CARLOS B° VILLA SAN CARLOS
1913,ESCUELA JOSE MARIA BEDOYA,ESCUELA JOSE MARIA BEDOYA,CORDOBA,CAPITAL,CÓRDOBA,140130200,AGUSTIN GARZON 2738 SAN VICENTE B° SAN VICENTE
1914,ESCUELA JOSE MARIA PAZ,ESCUELA JOSE MARIA PAZ,LAS VARILLAS,SAN JUSTO,CÓRDOBA,140042900,BUENOS AIRES 460 JOSE MARIA PAZ LAS VARILLAS
1915,ESCUELA JOSE MARIA PAZ,ESCUELA JOSE MARIA PAZ,BELL VILLE,UNION,CÓRDOBA,140050000,PIO ANGULO 1000 TALLERES BELL VILLE
1916,ESCUELA JOSE MARIA PAZ,ESCUELA JOSE MARIA PAZ,BELEN,TOTORAL,CÓRDOBA,140066300,CALLE PUBLICA   BELEN P/SARMIENTO
1917,ESCUELA JOSE MARIA PAZ,ESCUELA JOSE MARIA PAZ,DEAN FUNES,ISCHILIN,CÓRDOBA,140069500,ALMIRANTE BROWN 355 CENTRO DEAN FUNES
1918,ESCUELA JOSE MARIA PAZ,ESCUELA JOSE MARIA PAZ,GENERAL PAZ,COLON,CÓRDOBA,140083000,BUENOS AIRES S/N   ESTACION GENERAL PAZ
1919,ESCUELA JOSE MARIA PAZ,ESCUELA JOSE MARIA PAZ,GENERAL BALDISSERA,MARCOS JUAREZ,CÓRDOBA,140104400,SARMIENTO 633 CENTRO GENERAL BALDISSERA
1920,ESCUELA JOSE MARIA PAZ,ESCUELA JOSE MARIA PAZ,ONCATIVO,RIO SEGUNDO,CÓRDOBA,140121900,25 DE MAYO 700  ONCATIVO
1921,ESCUELA JOSE MARIA PAZ,ESCUELA JOSE MARIA PAZ,HIPOLITO BOUCHARD,GENERAL ROCA,CÓRDOBA,140130100,AVENIDA MANNY   HIPOLITO BOUCHARD
1922,ESCUELA JOSE MARIA PAZ,ESCUELA JOSE MARIA PAZ,CHACRAS NORTE,RIO PRIMERO,CÓRDOBA,140130400,CALLE PUBLICA   LAS CHACRAS NORTE
1923,ESCUELA JOSE MARIA PAZ,ESCUELA JOSE MARIA PAZ,GENERAL CABRERA,JUAREZ CELMAN,CÓRDOBA,140195100,25 DE MAYO 1183 LAS ROSAS GENERAL CABRERA
1924,ESCUELA JOSE MARIA PAZ,ESCUELA JOSE MARIA PAZ,LAS PEÑAS,RIO CUARTO,CÓRDOBA,140196100,AVDA. 22 DE OCTUBRE   LAS PEÑAS SUD
1925,ESCUELA JOSE MARIA PAZ,ESCUELA JOSE MARIA PAZ,ELENA,RIO CUARTO,CÓRDOBA,140196400,CALLE PUBLICA S/N°   PARAJE BOCA DEL SAUCE P/ELENA
1926,ESCUELA JOSE MARIA PAZ,ESCUELA JOSE MARIA PAZ - ALTO ALBERDI,CORDOBA,CAPITAL,CÓRDOBA,140227500,AV. COLON 2772 ALTO ALBERDI B° ALTO ALBERDI
1927,ESCUELA JOSE MARIA PAZ,ESCUELA JOSE MARIA PAZ,LA FALDA,PUNILLA,CÓRDOBA,140285200,HIPOLITO YRIGOYEN 431 VILLA CAPRICHOSA LA FALDA
1928,ESCUELA JOSE MARIA PAZ,ESCUELA JOSE MARIA PAZ,ALTA GRACIA,SANTA MARIA,CÓRDOBA,140296700,INTENDENTE PERALTA 80 CAMARA ALTA GRACIA
1929,ESCUELA JOSE MARIA PAZ,ESCUELA JOSE MARIA PAZ,SAN FRANCISCO,SAN JUSTO,CÓRDOBA,140303900,GARIBALDI 800 LA FLORIDA SAN FRANCISCO
1930,ESCUELA JOSE MARIA PAZ,ESCUELA JOSE MARIA PAZ,EL TIO,SAN JUSTO,CÓRDOBA,140357800,15 DE OCTUBRE 588  LE TIO
1931,ESCUELA JOSE MARIA PAZ,ESCUELA JOSE MARIA PAZ,LA PAZ,SAN JAVIER,CÓRDOBA,140359000,VELEZ SARSFIELD S/N°  CENTRO LA PAZ(FRENTE A LA PLAZA PRINCIPAL)
1932,ESCUELA JOSE MARIA PAZ,ESCUELA JOSE MARIA PAZ,IGLESIA VIEJA,CRUZ DEL EJE,CÓRDOBA,140370900,CALLE PUBLICA S/N°   IGLESIA VIEJA P/TUCLANE
1933,ESCUELA JOSE MARIA PAZ,ESCUELA JOSE MARIA PAZ,ALCIRA,RIO CUARTO,CÓRDOBA,140388400,GRAL. ROCA 643 CENTRO ALCIRA
1934,ESCUELA JOSE MARIA PAZ,ESCUELA JOSE MARIA PAZ,ARROYITO,SAN JUSTO,CÓRDOBA,140393600,VELEZ SARSFIELD 1049 CENTRO ARROYITO
1935,ESCUELA JOSE MARIA PAZ,ESCUELA JOSE MARIA PAZ,DEL CAMPILLO,GENERAL ROCA,CÓRDOBA,140400800,JOSE MARIA PAZ 444 ENRIQUE COOK DEL CAMPILLO
1936,ESCUELA JOSÉ MARÍA PAZ,ESCUELA JOSE MARIA PAZ - PATRICIOS,CORDOBA,CAPITAL,CÓRDOBA,140367800,MARIANO USANDIVARAS 2254 PATRICIOS B° PATRICIOS
1937,ESCUELA JOSE MARMOL,ESCUELA JOSE MARMOL,CORDOBA,CAPITAL,CÓRDOBA,140000300,AV. LOS PLATANOS 1346 LOS PLATANOS B° LOS PLATANOS
1938,ESCUELA JOSE MARMOL,ESCUELA JOSE MARMOL,VILLA MARIA,GENERAL SAN MARTIN,CÓRDOBA,140205300,NACIONES UNIDAS 385 GUEMES VILLA MARIA
1939,ESCUELA JOSE MARMOL,ESCUELA JOSE MARMOL,RODEO DE PIEDRA,SAN JAVIER,CÓRDOBA,140220400,ZENON TAPIA 2810  RODEO DE PIEDRA
1940,ESCUELA JOSE MATIAS ZAPIOLA (EX.NAC.Nº 379),ESCUELA JOSE MATIAS ZAPIOLA (EX NACIONAL 379),RIO TERCERO,TERCERO ARRIBA,CÓRDOBA,140329400,CHACABUCO 649 LAS VIOLETAS RIO TERCERO
1941,ESCUELA JOSE RUBIROLA,ESCUELA JOSE RUBIROLA,VILLA ROSSI,PRESIDENTE ROQUE SAENZ PEÑA,CÓRDOBA,140143000,DR. LUIS ROSSI   VILLA ROSSI
1942,ESCUELA JOSE SEEBER,ESCUELA JOSE SEEBER,SEEBER,SAN JUSTO,CÓRDOBA,140223600,SAN PANTALEON 425  SEEBER
1943,ESCUELA JOSÉ VICENTE LOPEZ (EX NACIONAL Nº 493),ESCUELA JOSÉ VICENTE LOPEZ (EX NACIONAL 493),ARROYO DE LOS PATOS,SAN ALBERTO,CÓRDOBA,140050800,RUTA 14 Y ESMERALDA   ARROYO DE LOS PATOS
1944,ESCUELA JUAN AMOS COMENIO (EX S/N. DE Bº VILLA UNION),ESCUELA JUAN AMOS COMENIO (EX SIN NOMBRE DE B VILLA UNION),CORDOBA,CAPITAL,CÓRDOBA,140478400,BRADLEY Y TRES CRUCES  VILLA UNION B° VILLA UNION
1945,ESCUELA JUAN BAUTISTA ALBERDI,ESCUELA JUAN BAUTISTA ALBERDI,CORDOBA,CAPITAL,CÓRDOBA,140021400,AV. GENERAL PAZ 488 CENTRO B° CENTRO
1946,ESCUELA JUAN BAUTISTA ALBERDI,ESCUELA JUAN BAUTISTA ALBERDI,LAS JUNTURAS,RIO SEGUNDO,CÓRDOBA,140032200,DEAN FUNES 674 CENTRO LAS JUNTURAS
1947,ESCUELA JUAN BAUTISTA ALBERDI,ESCUELA JUAN BAUTISTA ALBERDI,BELL VILLE,UNION,CÓRDOBA,140049500,MITRE 695 ARTEMIO ARAN BELL VILLE
1948,ESCUELA JUAN BAUTISTA ALBERDI,ESCUELA JUAN BAUTISTA ALBERDI,COLONIA ALMADA,TERCERO ARRIBA,CÓRDOBA,140123700,SANTA ROSA 171  COLONIA ALMADA
1949,ESCUELA JUAN BAUTISTA ALBERDI,ESCUELA JUAN BAUTISTA ALBERDI,UNQUILLO,COLON,CÓRDOBA,140165900,EL CAÑADON 139 CABANA CABANA  - (RUTA E57) AV. SAN MART? 3800 a la izq. 5 km apr
1950,ESCUELA JUAN BAUTISTA ALBERDI,ESCUELA JUAN BAUTISTA ALBERDI,WASHINGTON,RIO CUARTO,CÓRDOBA,140178500,CALLE Nº 3   WASHINGTON
1951,ESCUELA JUAN BAUTISTA ALBERDI,ESCUELA JUAN BAUTISTA ALBERDI,SANTA MARIA DE PUNILLA (ESTACION SANTA MARIA),PUNILLA,CÓRDOBA,140212100,BELGRANO  VILLA CAEIRO VILLA CAEIRO- SATA MARIA DE PUNILLA
1952,ESCUELA JUAN BAUTISTA ALBERDI,ESCUELA JUAN BAUTISTA ALBERDI,MARCOS JUAREZ,MARCOS JUAREZ,CÓRDOBA,140281300,FLORENTINA ROSA 1260 VILLA ARGENTINA MARCOS JUAREZ
1953,ESCUELA JUAN BAUTISTA ALBERDI,ESCUELA JUAN BAUTISTA ALBERDI,TOLEDO,SANTA MARIA,CÓRDOBA,140317100,CONSTITUCION 136  TOLEDO
1954,ESCUELA JUAN BAUTISTA ALBERDI,ESCUELA JUAN BAUTISTA ALBERDI,CAMILO ALDAO,MARCOS JUAREZ,CÓRDOBA,140366000,BV. SAN MARTIN 650  CAMILO ALDAO
1955,ESCUELA JUAN BAUTISTA ALBERDI,ESCUELA JUAN BAUTISTA ALBERDI,UCACHA,JUAREZ CELMAN,CÓRDOBA,140372900,JOSE MARIA PAZ 72  UCACHA
1956,ESCUELA JUAN BAUTISTA AZOPARDO,ESCUELA JUAN BAUTISTA AZOPARDO,SANTA MARIA DE PUNILLA (ESTACION SANTA MARIA),PUNILLA,CÓRDOBA,140398000,SARMIENTO 59 VILLA BUSTOS SANTA MARIA DE PUNILLA (EST. S.)
1957,ESCUELA JUAN BAUTISTA BUSTOS,ESCUELA JUAN BAUTISTA BUSTOS,PILAR,RIO SEGUNDO,CÓRDOBA,140250200,9 DE JULIO  NORTE PILAR
1958,ESCUELA JUAN BEIRO,ESCUELA JUAN BEIRO,COLONIA BEIRO ESTE,SAN JUSTO,CÓRDOBA,140132800,CALLE PUBLICA S/N    COLONIA BEIRO E P/MORTEROS
1959,ESCUELA JUAN DE SAN MARTIN Y GOMEZ,ESCUELA JUAN DE SAN MARTIN Y GOMEZ,SARMIENTO,TOTORAL,CÓRDOBA,140189400,ESPAÑA S/N°   SARMIENTO
1960,ESCUELA JUAN DOMINGO PERON,ESCUELA JUAN DOMINGO PERON,CORDOBA,CAPITAL,CÓRDOBA,140498100,PLAZA 17 DE OCTUBRE  CIUDAD EVITA B°CIUDAD EVITA - ACCESO POR RUTA N°9 FRENTE A FIAT
1961,ESCUELA JUAN JOSE CASTELLI,ESCUELA JUAN JOSE CASTELLI,TUCLAME,CRUZ DEL EJE,CÓRDOBA,140371200,CALLE PUBLICA   TUCLAME
1962,ESCUELA JUAN JOSE PASO,ESCUELA JUAN JOSE PASO,SAN ANTONIO DE ARREDONDO,PUNILLA,CÓRDOBA,140287100,RUTA PROV. 14 (KM.43 1/2)  CENTRO RUTA PROV. 14-KM.43
1963,ESCUELA JUAN JOSE PASO,ESCUELA JUAN JOSE PASO,LA QUINTA,RIO PRIMERO,CÓRDOBA,140378300,CALLE PUBLICA S/N    LA QUINTA P/SANTA ROSA DE RIO 1°
1964,ESCUELA JUAN JOSE PASO,ESCUELA JUAN JOSE PASO,NICOLAS BRUZONE,GENERAL ROCA,CÓRDOBA,140401600,MARIANO MORENO   NICOLAS BRUZONE
1965,ESCUELA JUAN LARREA,ESCUELA JUAN LARREA,LOS MOLINOS,CALAMUCHITA,CÓRDOBA,140073600,CALLE PUBLICA S/N   LOS MOLINOS
1966,ESCUELA JUAN LAVALLE,ESCUELA JUAN LAVALLE,CAMPO LAS VIBORAS,SAN JUSTO,CÓRDOBA,140096900,CALLE PUBLICA S/N°   CAMPO LAS VIBORAS P/COL.SAN BARTOLOME
1967,ESCUELA JUAN LAVALLE ANEXO CAMPO LA MOROCHA,ESCUELA JUAN LAVALLE ANEXO CAMPO LA MOROCHA,CAMPO LA MOROCHA,SAN JUSTO,CÓRDOBA,140096901,CALLE PUBLICA S/N   CAMPO LA MOROCHA
1968,ESCUELA JUAN M. DE PUEYRREDON,ESCUELA JUAN M DE PUEYRREDON,CORDOBA,CAPITAL,CÓRDOBA,140239000,ANCASTI 4555 EMPALME
1969,ESCUELA JUAN MARIA GUTIERREZ,ESCUELA JUAN MARIA GUTIERREZ,CORDOBA,CAPITAL,CÓRDOBA,140077500,BV. DE LOS ALEMANES 4200 LOS BOULEVARES B° LOS BOULEVARES
1970,ESCUELA JUAN MARTIN DE PUEYRREDON,ESCUELA JUAN MARTIN DE PUEYRREDON,AGUA DEL MOLLE,ISCHILIN,CÓRDOBA,140080400,CALLE PUBLICA S/N   AGUA DEL MOLLE (A 150 MTS CIC - COPACABANA)
1971,ESCUELA JUAN MARTIN RECALDE,ESCUELA JUAN MARTIN RECALDE,SAN LORENZO,SAN ALBERTO,CÓRDOBA,140257900,AV. CURA BROCHERO S/N°   SAN LORENZO
1972,ESCUELA JUAN MINETTI,ESCUELA JUAN MINETTI,LA CALERA,COLON,CÓRDOBA,140225000,ENTRE RIOS S/N  DUMESNIL B°DUMESNIL - LA CALERA
1973,ESCUELA JUAN PABLO II (EX ANEXO JOSE AGUIRRE CAMARA),ESCUELA JUAN PABLO II (EX ANEXO JOSE AGUIRRE CAMARA),CORDOBA,CAPITAL,CÓRDOBA,140512100,MANUELA CACIGAS 650 AMPLIACION LAS PALMAS B° AMPLIACION LAS PALMAS
1974,ESCUELA JUAN PASCUAL PRINGLES,ESCUELA JUAN PASCUAL PRINGLES,LABOULAYE,PRESIDENTE ROQUE SAENZ PEÑA,CÓRDOBA,140298900,AVENIDA INDEPENDENCIA 284 SUR LABOULAYE
1975,ESCUELA JUAN PEDRO CABRINI,ESCUELA JUAN PEDRO CABRINI,ARIAS,MARCOS JUAREZ,CÓRDOBA,140399400,SANTA FE 1414 VIRGEN DEL ROSARIO ARIAS
1976,ESCUELA JUAN PEDRO ESNAOLA,ESCUELA JUAN PEDRO ESNAOLA,ANA ZUMARAN,UNION,CÓRDOBA,140056100,CALLE PUBLICA S/N   ANA ZUMARAN
1977,ESCUELA JUAN XXIII,ESCUELA JUAN XXIII,CORDOBA,CAPITAL,CÓRDOBA,140222400,GENERAL EMILIO CONESA 6130 NICOLAS AVELLANEDA B° NICOLAS AVELLANEDA
1978,ESCUELA JUAN ZORRILLA DE SAN MARTIN,ESCUELA JUAN ZORRILLA DE SAN MARTIN,CORDOBA,CAPITAL,CÓRDOBA,140129200,JOSE ESTEBAN BUSTOS 1875 CERRO DE LAS ROSAS B° CERRO DE LAS ROSAS
1979,ESCUELA JUANA AZURDUY,ESCUELA JUANA AZURDUY,CORDOBA,CAPITAL,CÓRDOBA,140503000,CALLE PUBLICA S/N   ZEPA A Y B B°ZEPA A Y B
1980,ESCUELA JUANA EUFEMIA MAQUIEIRA DE ZAMBRUNO,ESCUELA JUANA EUFEMIA MAQUIEIRA DE ZAMBRUNO,MARCOS JUAREZ,MARCOS JUAREZ,CÓRDOBA,140204600,MENDOZA 804 SUR MARCOS JUAREZ
1981,ESCUELA JUANA M. M. DE FERNANDEZ,ESCUELA JUANA M M DE FERNANDEZ,EL CORCOVADO EL TORREON,CALAMUCHITA,CÓRDOBA,140183500,LOS ROBLES   EL CORCOVADO (VILLA RUMIPAL)
1982,ESCUELA JUANA MANSO,ESCUELA JUANA MANSO,JUSTINIANO POSSE,UNION,CÓRDOBA,140147800,DEAN FUNES 346 CENTRO JUSTINIANO POSSE
1983,ESCUELA JUANA MANSO,ESCUELA JUANA MANSO,VILLA MARIA,GENERAL SAN MARTIN,CÓRDOBA,140158900,RAWSON 2125  VILLA MARIA
1984,ESCUELA JUANA MANUELA GORRITI,ESCUELA JUANA MANUELA GORRITI,EL BARREAL,CRUZ DEL EJE,CÓRDOBA,140385500,CALLE PUBLICA   RUTA PROVINCIAL A 75 - EL BARRIAL
1985,ESCUELA JUANA PAULA MANSO,ESCUELA JUANA PAULA MANSO,CANTERAS QUILPO,CRUZ DEL EJE,CÓRDOBA,140036100,CALLE PUBLICA S/N°   CANTERAS DE QUILPO - LA CUESTA
1986,ESCUELA JULIAN AGUIRRE,ESCUELA JULIAN AGUIRRE,BALLESTEROS SUR,UNION,CÓRDOBA,140148400,EFRAIN TAGLE    BALLESTEROS SUD - RUTA 9 (ACCESO NORTE)
1987,ESCUELA JULIO ARGENTINO ROCA,ESCUELA JULIO ARGENTINO ROCA,NO FIGURA EN TABLA,GENERAL SAN MARTIN,CÓRDOBA,140086700,CALLE PUBLICA S/N    MONTE DE LOS LAZOS P/VILLA MARIA
1988,ESCUELA JULIO DIAZ USANDIVARAS (EX ANEXO PEDRO GOYENA),ESCUELA JULIO DIAZ USANDIVARAS (EX ANEXO PEDRO GOYENA),CORDOBA,CAPITAL,CÓRDOBA,140488500,MARIA DE LA SERNA 2850 LAS LILAS B° LAS LILAS
1989,ESCUELA JULIO ROBERTO BARRIENTOS,ESCUELA JULIO ROBERTO BARRIENTOS,ALTA GRACIA,SANTA MARIA,CÓRDOBA,140475400,INTENDENTE MOLINARI S/N 1525 PARQUE DEL VIRREY ALTA GRACIA
1200,ESC. JUSTO JOSE DE URQUIZA,ESCUELA JUSTO JOSE DE URQUIZA,VILLA MARIA,GENERAL SAN MARTIN,CÓRDOBA,140205600,PUERTO MONTT 1152 MARIANO MORENO VILLA MARIA
1990,ESCUELA JUSTO JOSE DE URQUIZA,ESCUELA JUSTO JOSE DE URQUIZA,CORDOBA,CAPITAL,CÓRDOBA,140002200,SUIPACHA 2309 PUEYRREDON BARRIO PUEYRREDON
1991,ESCUELA JUSTO JOSE DE URQUIZA,ESCUELA JUSTO JOSE DE URQUIZA,INRIVILLE,MARCOS JUAREZ,CÓRDOBA,140316100,D. F. SARMIENTO 220  INRIVILLE
1992,ESCUELA JUSTO JOSE DE URQUIZA,ESCUELA JUSTO JOSE DE URQUIZA,VILLA CORAZON DE MARIA,COLON,CÓRDOBA,140491900,CALLE PUBLICA S/N    CNO. CHACRA DE LA MERCED - KM.18
1993,ESCUELA JUSTO JOSE PACHECO,ESCUELA JUSTO JOSE PACHECO,CRUZ DEL EJE,CRUZ DEL EJE,CÓRDOBA,140030800,CALLE  11 LA FERIA CRUZ DEL EJE
1994,ESCUELA LA RECONQUISTA,ESCUELA LA RECONQUISTA,SALSIPUEDES,COLON,CÓRDOBA,140386700,CERRITO s/N  CENTRO SALSIPUEDES
1995,ESCUELA LA SANTA MARIA,ESCUELA LA SANTA MARIA,CAMPO METAYER,COLON,CÓRDOBA,140411600,HORACIO ADRIAN METAYER S/N  LA CORINA CAMPO METAYER(Desde Ruta 9 Norte se ingresa por la calle paralela al Canal Maestro 15-hacia el Este)
1996,ESCUELA LEANDRO N. ALEM,ESCUELA LEANDRO N ALEM,NOETINGER,UNION,CÓRDOBA,140111400,ANDRES COSTA 486  NOETINGER
1997,ESCUELA LEONILA DE LAS MERCEDES LEMOS,ESCUELA LEONILA DE LAS MERCEDES LEMOS,LAS ACEQUIAS,RIO CUARTO,CÓRDOBA,140277300,MAIPU 535 NORTE LAS ACEQUIAS
1998,ESCUELA LEONOR DE TEJEDA,ESCUELA LEONOR DE TEJEDA,LABOULAYE,PRESIDENTE ROQUE SAENZ PEÑA,CÓRDOBA,140201500,AVENIDA CARLOS PELLEGRINI 247 LA CHACARITA LABOULAYE
1999,ESCUELA LEOPOLDO HERRERA,ESCUELA LEOPOLDO HERRERA,CRUZ DEL EJE,CRUZ DEL EJE,CÓRDOBA,140247400,AVELLANEDA Este 384 LEOPOLDO HERRERA CRUZ DEL EJE
2000,ESCUELA LEOPOLDO LUGONES,ESCUELA LEOPOLDO LUGONES,CORDOBA,CAPITAL,CÓRDOBA,140101200,LARTIGAU LESPADA 2820 POETA LUGONES B° POETA LUGONES
2001,ESCUELA LEOPOLDO LUGONES,ESCUELA LEOPOLDO LUGONES,LOS ALAMOS,TULUMBA,CÓRDOBA,140216900,CALLE PUBLICA S/N°   LOS ALAMOS P/SAN JOSE DE LA DORMIDA - 18 KM ESTE DE RUT 9
2002,ESCUELA LEOPOLDO LUGONES,ESCUELA LEOPOLDO LUGONES,LAS TAPIAS,SAN JAVIER,CÓRDOBA,140220600,CALLE PUBLICA   LAS TAPIAS - RUTA N° 20
2003,ESCUELA LEOPOLDO LUGONES,ESCUELA LEOPOLDO LUGONES,MORRISON,UNION,CÓRDOBA,140269600,AV. LEONARDO MURIALDO 524 NORTE MORRISON
2004,ESCUELA LEOPOLDO LUGONES,ESCUELA LEOPOLDO LUGONES,RIO CUARTO,RIO CUARTO,CÓRDOBA,140300400,FRAY QUIRICO PORRECA 1310 LAS DELICIAS RIO CUARTO
2005,ESCUELA LEOPOLDO LUGONES (EX DE VILLA LOS LLANOS),ESCUELA LEOPOLDO LUGONES (EX DE VILLA LOS LLANOS),JUAREZ CELMAN,COLON,CÓRDOBA,140477300,LEOPOLDO LUGONES 225 VILLA LOS LLANOS BARRIO VILLA LOS LLANOS - JUAREZ CELMAN
2006,ESCUELA LIBERTADOR GENERAL SAN MARTIN,ESCUELA LIBERTADOR GENERAL SAN MARTIN,COSTASACATE,RIO SEGUNDO,CÓRDOBA,140019200,25 DE MAYO 163 CENTRO COSTASACATE
2007,ESCUELA LIBERTADOR GENERAL SAN MARTIN,ESCUELA LIBERTADOR GENERAL SAN MARTIN,CORDOBA,CAPITAL,CÓRDOBA,140407000,SANTIAGO MORALES 4400 FERREYRA B° FERREYRA (CERCA DEL CAMINO INTERFABRICA E INTERSECCION CON RUTA NACIONAL N°9)
2008,ESCUELA LIBERTADOR GRAL. SAN MARTIN,ESCUELA LIBERTADOR GENERAL SAN MARTIN,SOCAVONES,SANTA MARIA,CÓRDOBA,140105400,CAMINO 60 CUADRAS KM.12  ZONA RURAL SOCAVONES - SUPERMERCADO EL DOCE
2009,ESCUELA LIBERTADOR GRAL. SAN MARTIN,ESCUELA LIBERTADOR GENERAL SAN MARTIN,CRUZ ALTA,MARCOS JUAREZ,CÓRDOBA,140204100,RIVADAVIA 1252 RIVADAVIA CRUZ ALTA
2010,ESCUELA LIBERTADOR JOSE DE SAN MARTIN,ESCUELA LIBERTADOR JOSE DE SAN MARTIN,COLONIA MAUNIER CENTRO,SAN JUSTO,CÓRDOBA,140115300,CALLE PUBLICA   COLONIA MAUNIER CENTRO
2011,ESCUELA LISANDRO DE LA TORRE,ESCUELA LISANDRO DE LA TORRE,COLONIA DOS HERMANOS,SAN JUSTO,CÓRDOBA,140132400,CALLE PUBLICA S/N°   COLONIA DOS HERMANOS
2012,ESCUELA LORENZO SUAREZ DE FIGUEROA,ESCUELA LORENZO SUAREZ DE FIGUEROA,CORDOBA,CAPITAL,CÓRDOBA,140286300,DEFENSA  LA HUERTILLA P/AV.VELEZ SARSFIELD AL 5000
2013,ESCUELA LOS INMIGRANTES,ESCUELA LOS INMIGRANTES,COLONIA CAROYA,COLON,CÓRDOBA,140311000,CALLE 172  MALABRIGO COLONIA CAROYA
2014,ESCUELA LUCIA VAIRA DE AIMETTA,ESCUELA LUCIA VAIRA DE AIMETTA,SAN FRANCISCO,SAN JUSTO,CÓRDOBA,140319500,ANTARTIDA ARGENTINA 790 LA MILKA SAN FRANCISCO
2015,ESCUELA LUCIANO ARGUELLO,ESCUELA LUCIANO ARGUELLO,CERRO COLORADO,RIO SECO,CÓRDOBA,140124100,CALLE PUBLICA   CERRO COLORADO
2016,ESCUELA LUCIO VICTORIO MANSILLA,ESCUELA LUCIO VICTORIO MANSILLA,LABOULAYE,PRESIDENTE ROQUE SAENZ PEÑA,CÓRDOBA,140141300,GALO LLORENTE 229 BELGRANO LABOULAYE
2017,ESCUELA LUIS DE TEJEDA,ESCUELA LUIS DE TEJEDA,EL QUEBRACHAL,CRUZ DEL EJE,CÓRDOBA,140035000,CALLE PUBLICA S/N   EL QUEBRACHAL
2018,ESCUELA LUIS DE TEJEDA,ESCUELA LUIS DE TEJEDA,MONTE MAIZ,UNION,CÓRDOBA,140260600,SALTA 1771 CENTRO MONTE MAIZ
2019,ESCUELA LUIS FELIPE DEL ROSARIO PEÑEÑORY,ESCUELA LUIS FELIPE DEL ROSARIO PEÑEÑORY,LA PATRIA,POCHO,CÓRDOBA,140053100,CALLE PUBLICA   LA PATRIA
2020,ESCUELA LUIS MARIA DRAGO,ESCUELA LUIS MARIA DRAGO,SANTA ROSA DE CALAMUCHITA,CALAMUCHITA,CÓRDOBA,140020800,CALLE 22 S/N  VILLA RIO SANTA ROSA SANTA ROSA DE CALAMUCHITA
2021,ESCUELA LUIS PASTEUR,ESCUELA LUIS PASTEUR,MELO,PRESIDENTE ROQUE SAENZ PEÑA,CÓRDOBA,140085200,25 DE MAYO   MELO
2022,ESCUELA LUIS TESSANDORI,ESCUELA LUIS TESSANDORI,CHUCZIRAS,SAN JAVIER,CÓRDOBA,140220000,CALLE PUBLICA   LAS CHUCHIRAS P/RUTA N° 14 A SAN JAVIER
2023,ESCUELA M. LUDUEÑA DE LAZO,ESCUELA M LUDUEÑA DE LAZO,MONTECRISTO,RIO PRIMERO,CÓRDOBA,140492100,SARMIENTO 571 MALVINAS MONTECRISTO
2024,ESCUELA MADRE MARIA DEL TRANSITO,ESCUELA MADRE MARIA DEL TRANSITO,CORDOBA,CAPITAL,CÓRDOBA,140476500,CALLE PUBLICA  VILLA BOEDO
2025,ESCUELA MADRE TERESA DE CALCUTA,ESCUELA MADRE TERESA DE CALCUTA,CORDOBA,CAPITAL,CÓRDOBA,140492700,ONOFRIO PALAMARA 2900 AMPLIACION CERVECEROS B° AMPLIACION CERVECEROS
2026,ESCUELA MADRE TERESA DE CALCUTA,ESCUELA MADRE TERESA DE CALCUTA,RIO CUARTO,RIO CUARTO,CÓRDOBA,140516000,GAUDARD 3480 CIUDAD NUEVA B° CIUDAD NUEVA - RIO CUARTO
2027,ESCUELA MAESTRA JUANA J. DE CHELI,ESCUELA MAESTRA JUANA J DE CHELI,VILLA HUIDOBRO,GENERAL ROCA,CÓRDOBA,140130000,PAVON Y ALBERDI  NORTE VILLA HUIDOBRO
2028,ESCUELA MAESTRO DOMINGO F. SARMIENTO,ESCUELA MAESTRO DOMINGO F SARMIENTO,MINA CLAVERO,SAN ALBERTO,CÓRDOBA,140349500,PAMPA DE ACHALA S/N°  MAYTHE MINA CLAVERO
2029,ESCUELA MAESTRO DOMINGO NOGAL,ESCUELA MAESTRO DOMINGO NOGAL,MONTECRISTO,RIO PRIMERO,CÓRDOBA,140274900,AV SAN MARTIN 258  MONTECRISTO
2030,ESCUELA MAESTRO HERIBERTO GALABURRI,ESCUELA MAESTRO HERIBERTO GALABURRI,SAN VICENTE,SAN ALBERTO,CÓRDOBA,140038100,MONSEÑOR FARINA   SAN VICENTE
2031,ESCUELA MAESTRO INDIO FELIPE ROSAS,ESCUELA MAESTRO INDIO FELIPE ROSAS,RIO CUARTO,RIO CUARTO,CÓRDOBA,140475200,GERONIMO DEL BARCO 3075 PIZARRO RIO CUARTO
2032,ESCUELA MAESTRO JESUS ISMAEL RECALDE,ESCUELA MAESTRO JESUS ISMAEL RECALDE,PASCANAS,UNION,CÓRDOBA,140202600,SARMIENTO 451 CENTRO PASCANAS
2033,ESCUELA MAESTRO JOSE MARIA SALGUEIRO,ESCUELA MAESTRO JOSE MARIA SALGUEIRO,JAMES CRAIK,TERCERO ARRIBA,CÓRDOBA,140350600,PASTEUR 182  JAMES CRAIK
2034,ESCUELA MAESTRO MOYANO (EX ESC S/N° DE B° CHINGOLO I),ESCUELA MAESTRO MOYANO (EX ESCUELA SIN NOMBRE DE B CHINGOLO I),CORDOBA,CAPITAL,CÓRDOBA,140501200,CALLE PUBLICA S/N  CHINGOLO I
2035,ESCUELA MAESTROS PUNTANOS,ESCUELA MAESTROS PUNTANOS,CORDOBA,CAPITAL,CÓRDOBA,140293900,VIGIANO ESSAIN 4590 POETA LUGONES ANEXO Esquina con Avenida Cayol al 3700
2036,ESCUELA MAGDALENA T. DE CHARLES,ESCUELA MAGDALENA T DE CHARLES,VILLA DE LAS ROSAS,SAN JAVIER,CÓRDOBA,140220500,CHAMPAQUI 283 SAN NICOLAS VILLA DE LAS ROSAS
2037,ESCUELA MAHATMA GANDHI,ESCUELA MAHATMA GANDHI,CORDOBA,CAPITAL,CÓRDOBA,140296900,TALAVERA DE MADRID 3261 LA FRANCE B° LA FRANCE
2038,ESCUELA MALVINAS ARGENTINAS,ESCUELA MALVINAS ARGENTINAS,ETRURIA,GENERAL SAN MARTIN,CÓRDOBA,140072200,AV. REPUBLICA ARGENTINA 300 SORIA ETRURIA
2039,ESCUELA MALVINAS ARGENTINAS,ESCUELA MALVINAS ARGENTINAS,SANTA MONICA,CALAMUCHITA,CÓRDOBA,140237800,JUANITA CANESSA S/N   SANTA MONICA
2040,ESCUELA MANUEL BELGRANO,ESCUELA MANUEL BELGRANO,VILLA CARLOS PAZ,PUNILLA,CÓRDOBA,140024400,JUAN S. BACH 521 COSTA AZUL VILLA CARLOS PAZ
2041,ESCUELA MANUEL BELGRANO,ESCUELA MANUEL BELGRANO - GENERAL BELGRANO,CORDOBA,CAPITAL,CÓRDOBA,140120800,FERNANDO ABRAMO 2545 GENERAL BELGRANO B°GENERAL BELGRANO
2042,ESCUELA MANUEL BELGRANO,ESCUELA MANUEL BELGRANO - PARQUE VELEZ SARSFIELD,CORDOBA,CAPITAL,CÓRDOBA,140226000,SUECIA 2832 PARQUE VELEZ SARSFIELD B° PARQUE VELEZ SARSFIELD
2043,ESCUELA MANUEL BELGRANO,ESCUELA MANUEL BELGRANO,NO FIGURA EN TABLA,JUAREZ CELMAN,CÓRDOBA,140128600,CALLE PUBLICA S/N°   EX RUTA Nº 8-KM 489 P/LA CARLOTA
2044,ESCUELA MANUEL BELGRANO,ESCUELA MANUEL BELGRANO,LABOULAYE,PRESIDENTE ROQUE SAENZ PEÑA,CÓRDOBA,140141500,GUILLERMO GRANT 198 PUEYRREDON LABOULAYE
2045,ESCUELA MANUEL BELGRANO,ESCUELA MANUEL BELGRANO,MONTE DE LOS GAUCHOS,RIO CUARTO,CÓRDOBA,140188400,SARMIENTO   MONTE DE LOS GAUCHOS
2046,ESCUELA MANUEL BELGRANO,ESCUELA MANUEL BELGRANO,RIO CUARTO,RIO CUARTO,CÓRDOBA,140203800,SOBREMONTE 1333 CENTRO RIO CUARTO
2049,ESCUELA MANUEL BELGRANO,ESCUELA MANUEL BELGRANO,MALAGUEÑO,SANTA MARIA,CÓRDOBA,140238100,AVENIDA JUAN DOMINGO PERON 871  MALAGUEÑO
2050,ESCUELA MANUEL BELGRANO,ESCUELA MANUEL BELGRANO,RIO SEGUNDO,RIO SEGUNDO,CÓRDOBA,140242300,CORDOBA 1445 FLORESTA RIO SEGUNDO
2051,ESCUELA MANUEL BELGRANO,ESCUELA MANUEL BELGRANO,QUILINO,ISCHILIN,CÓRDOBA,140282500,25 DE MAYO 321  QUILINO
2052,ESCUELA MANUEL BELGRANO,ESCUELA MANUEL BELGRANO,VILLA DOLORES,SAN JAVIER,CÓRDOBA,140301000,AV. BELGRANO 1399 FATIMA VILLA DOLORES
2053,ESCUELA MANUEL BELGRANO,ESCUELA MANUEL BELGRANO,VILLA NUEVA,GENERAL SAN MARTIN,CÓRDOBA,140338400,9 DE JULIO 960 VILLA DEL PARQUE VILLA NUEVA
2054,ESCUELA MANUEL BELGRANO,ESCUELA MANUEL BELGRANO,VILLA HUIDOBRO,GENERAL ROCA,CÓRDOBA,140341300,ELSA A. VENTURINI 327 CENTRO VILLA HUIDOBRO A LA DERECHA DEL INSTITUTO LOS SAGRADOS CORAZONES
2055,ESCUELA MANUEL BELGRANO,ESCUELA MANUEL BELGRANO,LAS RABONAS,SAN ALBERTO,CÓRDOBA,140349800,CALLE PUBLICA S/N   LAS RABONAS P/RUTA NAC.Nº 14
2056,ESCUELA MANUEL BELGRANO,ESCUELA MANUEL BELGRANO,EL BRETE,CRUZ DEL EJE,CÓRDOBA,140385600,CALLE PUBLICA S/N°   CAMINO VIEJO
2057,ESCUELA MANUEL BELGRANO,ESCUELA MANUEL BELGRANO,ARROYITO,SAN JUSTO,CÓRDOBA,140393800,RIVADAVIA 473 CENTRO ARROYITO
2058,ESCUELA MANUEL BELGRANO,ESCUELA MANUEL BELGRANO,SAN PEDRO NORTE,TULUMBA,CÓRDOBA,140409600,9 DE JULIO S/N   SAN PEDRO NORTE
2059,ESCUELA MANUEL BELGRANO,ESCUELA MANUEL BELGRANO,MONTE BUEY,MARCOS JUAREZ,CÓRDOBA,140409800,9 DE JULIO 351  MONTE BUEY
2060,ESCUELA MANUEL BELGRANO,ESCUELA MANUEL BELGRANO,CALCHIN OESTE,RIO SEGUNDO,CÓRDOBA,140412400,JOSE HERNANDEZ 40  CALCHIN OESTE
2061,ESCUELA MANUEL BELGRANO,ESCUELA MANUEL BELGRANO,LA CALERA,COLON,CÓRDOBA,140535500,LAS ANEMONAS 2231 CUESTA COLORADA LA CALERA
2062,ESCUELA MANUEL EDUARDO PEREZ BULNES,ESCUELA MANUEL EDUARDO PEREZ BULNES,CORDOBA,CAPITAL,CÓRDOBA,140345200,FRANCISCO DE ARTEAGA  LAS VIOLETAS
2063,ESCUELA MANUEL ESTEBAN PIZARRO,ESCUELA MANUEL ESTEBAN PIZARRO,CORDOBA,CAPITAL,CÓRDOBA,140343400,AV. DUARTE QUIROS 4325 LAS PALMAS B° LAS PALMAS
2064,ESCUELA MANUEL LUCERO,ESCUELA MANUEL LUCERO,CORDOBA,CAPITAL,CÓRDOBA,140271200,DOCTOR MANUEL LUCERO 560 ALTA CORDOBA B° ALTA CORDOBA
2065,ESCUELA MANUEL SOLARES,ESCUELA MANUEL SOLARES,ALTA GRACIA,SANTA MARIA,CÓRDOBA,140266800,ESPAÑA 26 SUR ALTA GRACIA (FRENTE A LA PLAZA PRINCIPAL)
2066,ESCUELA MANUELA CABRAL DE TERZAGA,ESCUELA MANUELA CABRAL DE TERZAGA,LA POBLACION,SAN JAVIER,CÓRDOBA,140112300,CALLE PUBLICA   LA POBLACION
2067,ESCUELA MANUELA GUILLERMINA MALDONADO DE PARTELLI,ESCUELA MANUELA GUILLERMINA MALDONADO DE PARTELLI,LA ESQUINA,RIO CUARTO,CÓRDOBA,140324200,CALLE PUBLICA   LA ESQUINA P/TRES ACEQUIAS
2068,ESCUELA MARCOS SASTRE,ESCUELA MARCOS SASTRE,CRUZ DEL EJE,CRUZ DEL EJE,CÓRDOBA,140251400,MARIANO MORENO 1565 SANTA ROSA CRUZ DEL EJE
2069,ESCUELA MARGARITA A. DE PAZ,ESCUELA MARGARITA A DE PAZ,VILLA CARLOS PAZ,PUNILLA,CÓRDOBA,140079400,AV. ASUNCION  LA QUINTA VILLA CARLOS PAZ
2070,ESCUELA MARGARITA LATORRE MERCADO,ESCUELA MARGARITA LATORRE MERCADO,LA TORDILLA O COLONIA LA TORDILLA,SAN JUSTO,CÓRDOBA,140324900,8 DE SEPTIEMBRE 107  LA TORDILLA
2071,ESCUELA MARGARITA MARTINEZ DE SUAREZ,ESCUELA MARGARITA MARTINEZ DE SUAREZ,VILLA GUTIERREZ,ISCHILIN,CÓRDOBA,140295400,CALLE PUBLICA   VILLA GUTIERREZ P/KM.807
2072,ESCUELA MARGARITA SILLI DE CARABALLO,ESCUELA MARGARITA SILLI DE CARABALLO,LABOULAYE,PRESIDENTE ROQUE SAENZ PEÑA,CÓRDOBA,140348500,CRESPI 120 17 DE OCTUBRE LABOULAYE
2073,ESCUELA MARIA C. GARRONE DE MARTOCCIA,ESCUELA MARIA C GARRONE DE MARTOCCIA,WENCESLAO ESCALANTE,UNION,CÓRDOBA,140390400,ITALIA 1320  WENCESLAO ESCALANTE
2074,ESCUELA MARIA CELINA CALDECOT DE ARGUELLO,ESCUELA MARIA CELINA CALDECOT DE ARGUELLO,DIEGO DE ROJAS,RIO PRIMERO,CÓRDOBA,140378200,FIGUEROA ALCORTA   DIEGO DE ROJAS
2075,ESCUELA MARIA CELINA D AMELIO DE BERRA,ESCUELA MARIA CELINA D AMELIO DE BERRA,SAN ESTEBAN,PUNILLA,CÓRDOBA,140264200,PADRE RODOLFO HANZELIC  DOLORES DOLORES - SAN ESTEBAN
2076,ESCUELA MARIA DEL TRANSITO CABANILLAS (Bº EL QUEBRACHO),ESCUELA MARIA DEL TRANSITO CABANILLAS (B EL QUEBRACHO),CORDOBA,CAPITAL,CÓRDOBA,140488600,PASCUAL RUIZ HUIDOBRO ESQ. SAN ANDRES  EL QUEBRACHO
2077,ESCUELA MARIA ESTHER HERRERA DE GONZALEZ ELIZALDE,ESCUELA MARIA ESTHER HERRERA DE GONZALEZ ELIZALDE,LA CUMBRE,PUNILLA,CÓRDOBA,140284500,RIO NEGRO 530 ARGENTINO LA CUMBRE
2078,ESCUELA MARIA EUDORA CARRERA ZEBALLOS DE NECCO,ESCUELA MARIA EUDORA CARRERA ZEBALLOS DE NECCO,LOMA BOLA,SAN JAVIER,CÓRDOBA,140090300,AV. JUAN ADOLFO KRUTLI   LOMA BOLA
2079,ESCUELA MARIA EVA DUARTE,ESCUELA MARIA EVA DUARTE,LOS TAJAMARES,TULUMBA,CÓRDOBA,140242100,CALLE PUBLICA S/N    LOS TAJAMARES P/ SAN JOSE DE LA DORMIDA
2080,ESCUELA MARIA EVA DUARTE,ESCUELA MARIA EVA DUARTE,RIO CUARTO,RIO CUARTO,CÓRDOBA,140480700,TOMAS ANCHORENA 100 ALBERDI RIO CUARTO
2081,ESCUELA MARIA EVA DUARTE (EX DE FAMILIAS UNIDAS),ESCUELA MARIA EVA DUARTE (EX DE FAMILIAS UNIDAS),CORDOBA,CAPITAL,CÓRDOBA,140479700,CALLE PUBLICA  JOSE IGNACIO DIAZ 3º SECCION B° JOSE IGNACIO DIAZ 3º SECCION - CNO. 60 CUADRAS-KM 3
2082,ESCUELA MARIA EVA DUARTE DE PERON,ESCUELA MARIA EVA DUARTE DE PERON,VILLA DE MARIA,RIO SECO,CÓRDOBA,140498200,ING.LEOPOLDO CARO  EL PENCAL A una cuadra Ruta Nacional N°9
2083,ESCUELA MARIA JOSEFA BUSTOS,ESCUELA MARIA JOSEFA BUSTOS,LA CUMBRE,PUNILLA,CÓRDOBA,140067100,ALBERDI 277 CENTRO LA CUMBRE
2084,ESCUELA MARIA JOSEFA GONZALEZ CASEROS,ESCUELA MARIA JOSEFA GONZALEZ CASEROS,PILAR,RIO SEGUNDO,CÓRDOBA,140026900,25 DE MAYO 1325  PILAR
2085,ESCUELA MARIA JOSEFA GONZALEZ DE BELGRANO Y PERI,ESCUELA MARIA JOSEFA GONZALEZ DE BELGRANO Y PERI,DEAN FUNES,ISCHILIN,CÓRDOBA,140286700,JERONIMO LUIS DE CABRERA 451 LOS ALGARROBOS DEAN FUNES
2086,ESCUELA MARIA LAURENTINA ROBLEDO,ESCUELA MARIA LAURENTINA ROBLEDO,LUCIO V. MANSILLA,TULUMBA,CÓRDOBA,140355600,CALLE PUBLICA   LUCIO V. MANSILLA
2087,ESCUELA MARIA SALEME DE Bº CIUDAD DE MIS SUEÑOS,ESCUELA MARIA SALEME DE B CIUDAD DE MIS SUEÑOS,CORDOBA,CAPITAL,CÓRDOBA,140497800,CALLE PUBLICA  CIUDAD DE MIS SUEÑOS RUTA 9 (S) KM 690
2088,ESCUELA MARIA SANCHEZ DE MENDEVILLE,ESCUELA MARIA SANCHEZ DE MENDEVILLE,CORDOBA,CAPITAL,CÓRDOBA,140027500,AV. AGRIMENSOR ENRIQUE BODEREAU 7720 VILLA RIVERA INDARTE B° VILLA RIVERA INDARTE
2089,ESCUELA MARIA TERESA BEDONI,ESCUELA MARIA TERESA BEDONI,LA CARLOTA,JUAREZ CELMAN,CÓRDOBA,140128300,JORGE R. ROSS 1234 CENTRAL ARGENTINO LA CARLOTA
2090,ESCUELA MARIA TERESA NAVARRO,ESCUELA MARIA TERESA NAVARRO,ARROYITO,SAN JUSTO,CÓRDOBA,140393300,AV. MARCIAL VAUDAGNA 923 XANAES ARROYITO
2091,ESCUELA MARIANO FRAGUEIRO,ESCUELA MARIANO FRAGUEIRO,RIO CEBALLOS,COLON,CÓRDOBA,140044000,AVENIDA SAN MARTIN 4519 CENTRO RIO CEBALLOS
2092,ESCUELA MARIANO FRAGUEIRO,ESCUELA MARIANO FRAGUEIRO,LA PARA,RIO PRIMERO,CÓRDOBA,140186700,MARIANO FRAGUEIRO 385 MARIANO FRAGUEIRO LA PARA
2093,ESCUELA MARIANO FRAGUEIRO,ESCUELA MARIANO FRAGUEIRO,CORDOBA,CAPITAL,CÓRDOBA,140335000,ENTRE RIOS 3373 SAN VICENTE B° SAN VICENTE
2094,ESCUELA MARIANO MORENO,ESCUELA MARIANO MORENO,BAÑADO DE SOTO,CRUZ DEL EJE,CÓRDOBA,140034900,CALLE PUBLICA S/N   BAÑADO DE SOTO P/RUTA PROVINCIAL
2095,ESCUELA MARIANO MORENO,ESCUELA MARIANO MORENO,LOS SAUCES,CRUZ DEL EJE,CÓRDOBA,140036400,RUTA PROVINCIAL E 92   LOS SAUCES P/CAMINO A SAN MARCOS SIERRAS
2096,ESCUELA MARIANO MORENO,ESCUELA MARIANO MORENO,CAPILLA DEL MONTE,PUNILLA,CÓRDOBA,140043800,BERUTTI 29 LA TOMA CAPILLA DEL MONTE
2097,ESCUELA MARIANO MORENO,ESCUELA MARIANO MORENO,CHANCANI,POCHO,CÓRDOBA,140052900,CALLE PUBLICA   CHANCANI P/CAPILLA DEL CARMEN
2098,ESCUELA MARIANO MORENO,ESCUELA MARIANO MORENO,DEAN FUNES,ISCHILIN,CÓRDOBA,140073700,DORREGO 326 OBRAS SANITARIAS DEAN FUNES
2099,ESCUELA MARIANO MORENO,ESCUELA MARIANO MORENO,CRUZ CAÑA,SAN JAVIER,CÓRDOBA,140090500,CALLE PUBLICA   CRUZ CAÑA P/RUTA PROVINCIAL N 14
2100,ESCUELA MARIANO MORENO,ESCUELA MARIANO MORENO,RIO CUARTO,RIO CUARTO,CÓRDOBA,140091600,MONTEVIDEO 528 ALBERDI RIO CUARTO
2101,ESCUELA MARIANO MORENO,ESCUELA MARIANO MORENO,COLONIA EL CHAJA,MARCOS JUAREZ,CÓRDOBA,140103700,CALLE PUBLICA S/N    COLONIA EL CHAJA P/LEONES
2102,ESCUELA MARIANO MORENO,ESCUELA MARIANO MORENO,PASCANAS,UNION,CÓRDOBA,140202400,CARMEN DE RUIBAL 481 BERLIN PASCANAS
2103,ESCUELA MARIANO MORENO,ESCUELA MARIANO MORENO,LA PAQUITA,SAN JUSTO,CÓRDOBA,140223400,ALMIRANTE BROWN 231  LA PAQUITA
2104,ESCUELA MARIANO MORENO,ESCUELA MARIANO MORENO,CORDOBA,CAPITAL,CÓRDOBA,140236000,SANTA ROSA 1299 ALBERDI B° ALBERDI (ATRAS DE LA CENTRAL DE POLICIA)
2105,ESCUELA MARIANO MORENO,ESCUELA MARIANO MORENO,SANTA ROSA DE CALAMUCHITA,CALAMUCHITA,CÓRDOBA,140242700,LIBERTAD 470 CENTRO SANTA ROSA DE CALAMUCHITA
2106,ESCUELA MARIANO MORENO,ESCUELA MARIANO MORENO,CAMPO BUENA ESPERANZA,SANTA MARIA,CÓRDOBA,140244400,CALLE PUBLICA S/N°   CAMPO BUENA ESPERANZA P/DESPEÑADEROS
2107,ESCUELA MARIANO MORENO,ESCUELA MARIANO MORENO,COLONIA CAROYA,COLON,CÓRDOBA,140310900,LOTE 27 B  TRONCO POZO COLONIA CAROYA
2108,ESCUELA MARIANO MORENO,ESCUELA MARIANO MORENO,COLONIA CAROYA,COLON,CÓRDOBA,140318300,JUSTINIANO CELIZ HEREDIA 650 PUESTO VIEJO COLONIA CAROYA
2109,ESCUELA MARIANO MORENO,ESCUELA MARIANO MORENO,INRIVILLE,MARCOS JUAREZ,CÓRDOBA,140316000,LIBERTAD 725  INRIVILLE
2112,ESCUELA MARIANO MORENO,ESCUELA MARIANO MORENO,SAN ISIDRO,SANTA MARIA,CÓRDOBA,140323500,RUTA E-56 KM 10   SAN ISIDRO (VILLA SAN ISIDRO)
2113,ESCUELA MARIANO MORENO,ESCUELA MARIANO MORENO,VILLA DOLORES,SAN JAVIER,CÓRDOBA,140324000,PRESIDENTE PERON 565 JARDIN VILLA DOLORES
2114,ESCUELA MARIANO MORENO,ESCUELA MARIANO MORENO,CAÑADA DE MACHADO,RIO PRIMERO,CÓRDOBA,140336500,CALLE Nº 12   CAÑADA DE MACHADO - RIO PRIMERO
2115,ESCUELA MARIANO MORENO,ESCUELA MARIANO MORENO,JAMES CRAIK,TERCERO ARRIBA,CÓRDOBA,140350700,SAN MARTIN 602  JAMES CRAIK
2116,ESCUELA MARIANO MORENO,ESCUELA MARIANO MORENO,VILLA CONCEPCION DEL TIO,SAN JUSTO,CÓRDOBA,140357700,TUCUMAN 483  VILLA CONCEPCION DEL TIO
2117,ESCUELA MARIANO MORENO,ESCUELA MARIANO MORENO,LAS VARAS,SAN JUSTO,CÓRDOBA,140360800,GABRIELA MISTRAL 318  LAS VARAS
2118,ESCUELA MARIANO MORENO,ESCUELA MARIANO MORENO,OLIVA,TERCERO ARRIBA,CÓRDOBA,140363100,MMARIANO MORENO S/Nº  SAGRADO CORAZON OLIVA
2119,ESCUELA MARIANO MORENO,ESCUELA MARIANO MORENO,LABORDE,UNION,CÓRDOBA,140390700,BELGRANO 428 CENTRO LABORDE
2120,ESCUELA MARIANO MORENO,ESCUELA MARIANO MORENO,MARCOS JUAREZ,MARCOS JUAREZ,CÓRDOBA,140391800,SAN JUAN 1090 SUR MARCOS JUAREZ P/RUTA PROVINCIAL NRO 12
2121,ESCUELA MARINA MARIA MAGDALENA FAVA DE ESTEBAN,ESCUELA MARINA MARIA MAGDALENA FAVA DE ESTEBAN,SAN FRANCISCO,SAN JUSTO,CÓRDOBA,140303600,INDEPENDENCIA(N) 3927 INDEPENDENCIA SAN FRANCISCO
2122,ESCUELA MARIQUITA SANCHEZ DE THOMPSON,ESCUELA MARIQUITA SANCHEZ DE THOMPSON,SANTA ISABEL,RIO PRIMERO,CÓRDOBA,140187000,CALLE PUBLICA S/N   SANTA ISABEL-PARAJE LOS MIGUELITOS P/RIO I° NORTE
2123,ESCUELA MARQUES DE SOBREMONTE,ESCUELA MARQUES DE SOBREMONTE,VILLA DEL ROSARIO,RIO SEGUNDO,CÓRDOBA,140396400,INDEPENDENCIA 485  VILLA DEL ROSARIO
2124,ESCUELA MARTA JUANA GONZALEZ,ESCUELA MARTA JUANA GONZALEZ,CORDOBA,CAPITAL,CÓRDOBA,140505400,DEFENSA ESQ. CACHEUTA  VILLA EL LIBERTADOR B° VILLA EL LIBERTADOR
2125,ESCUELA MARTHA ALCIRA SALOTTI,ESCUELA MARTHA ALCIRA SALOTTI,CORDOBA,CAPITAL,CÓRDOBA,140282700,JULIO BEJANALE 6200 IPV ARGUELLO NORTE B° IPV ARGUELLO NORTE
2126,ESCUELA MARTIN GUEMES,ESCUELA MARTIN GUEMES,LA CURVA,SAN JUSTO,CÓRDOBA,140115100,CALLE PUBLICA   LA CURVA P/ARROYITO RUTA 19 KM. 618
2127,ESCUELA MARTIN GUEMES,ESCUELA MARTIN GUEMES,SILVIO PELLICO,GENERAL SAN MARTIN,CÓRDOBA,140119100,PRESBISTERO ANTONIO CONRERO 24  SILVIO PELLICO
2128,ESCUELA MARTIN GUEMES,ESCUELA MARTIN GUEMES,EL RODEO,TULUMBA,CÓRDOBA,140163100,CALLE PUBLICA   EL RODEO P/SAN JOSE DE LA DORMIDA
2129,ESCUELA MARTIN GUEMES,ESCUELA MARTIN GUEMES,MEDIA NARANJA,CRUZ DEL EJE,CÓRDOBA,140386100,CALLE PUBLICA S/N    RUTA PROVINCIAL A 175
2130,ESCUELA MARTIN GUEMES,ESCUELA MARTIN GUEMES,LOS HOYOS,RIO SECO,CÓRDOBA,140394600,CALLE PUBLICA S/N    LOS HOYOS
2131,ESCUELA MARTIN MALHARRO (EX NAC N° 353),ESCUELA MARTIN MALHARRO (EX NACIONAL 353),CUATRO CAMINOS,UNION,CÓRDOBA,140049700,CALLE PUBLICA S/N   COLONIA CUATRO CAMINOS P/BELL VILLE
2132,ESCUELA MARTIN MIGUEL DE GUEMES,ESCUELA MARTIN MIGUEL DE GUEMES,MALAGUEÑO,SANTA MARIA,CÓRDOBA,140014400,CORDOBA S/N°  VILLA SAN NICOLAS VILLA SAN NICOLAS - MALAGUEÑO
2133,ESCUELA MARTIN MIGUEL DE GUEMES,ESCUELA MARTIN MIGUEL DE GUEMES,RIO TERCERO,TERCERO ARRIBA,CÓRDOBA,140123000,ELEAZAR GARZON 2828 PARQUE MONTE GRANDE RIO TERCERO
2134,ESCUELA MARTIN MIGUEL DE GUEMES,ESCUELA MARTIN MIGUEL DE GUEMES,GENERAL DEHEZA,JUAREZ CELMAN,CÓRDOBA,140384200,PUEYRREDON 235 ARGENTINO GENERAL DEHEZA
2135,ESCUELA MARTIN SANTIAGO,ESCUELA MARTIN SANTIAGO,LA CIENEGUITA,ISCHILIN,CÓRDOBA,140062700,CAMINO VECINAL A CHUÑA   LA CIENAGUITA P/CAMINO VECINAL A CHUÑA
2136,ESCUELA MATEO JOSE LUQUE,ESCUELA MATEO JOSE LUQUE,CORDOBA,CAPITAL,CÓRDOBA,140011200,JACINTO DE ALTOLAGUIRRE 2089 YOFRE NORTE B°YOFRE NORTE
2137,ESCUELA MAURO FERNANDEZ,ESCUELA MAURO FERNANDEZ,CORDOBA,CAPITAL,CÓRDOBA,140226700,GONZALEZ ALBARRACIN 4237 RESIDENCIAL SAN ROQUE B° RESIDENCIAL SAN ROQUE
2138,ESCUELA MERCEDES A. CARRANZA PREGOT,ESCUELA MERCEDES A CARRANZA PREGOT,LAS CALLES,SAN ALBERTO,CÓRDOBA,140350000,CALLE PUBLICA   LAS CALLES
2139,ESCUELA MERCEDES DE SAN MARTIN,ESCUELA MERCEDES DE SAN MARTIN,VILLA DOLORES,SAN JAVIER,CÓRDOBA,140374500,AV. ARTURO ILLIA 988 ARDILES VILLA dolores
2140,ESCUELA MERCEDES S. M. DE BALCARCE,ESCUELA MERCEDES S M DE BALCARCE,VILLA RIO ICHO CRUZ,PUNILLA,CÓRDOBA,140070200,SAN MARTIN S/N°  CENTRO VILLA RIO ICHO CRUZ (ESC. AL LADO DE LA IGLESIA)
2141,ESCUELA MERCEDES S. M. DE BALCARCE ANEXO MAYU SUMAJ,ESCUELA MERCEDES S M DE BALCARCE ANEXO MAYU SUMAJ,MAYU SUMAJ,PUNILLA,CÓRDOBA,140070201,LOS ALAMOS 122  MAYU SUMAJ
2142,ESCUELA MIGUEL ANGEL ONTIVERO,ESCUELA MIGUEL ANGEL ONTIVERO,SAN MARTIN,SAN ALBERTO,CÓRDOBA,140257300,ANTONIA VIDAL   SAN MARTIN
2143,ESCUELA MIGUEL DE AZCUENAGA,ESCUELA MIGUEL DE AZCUENAGA,ALTAUTINA,SAN ALBERTO,CÓRDOBA,140037900,CALLE PUBLICA S/N°   ALTAUTINA
2144,ESCUELA MIGUEL GERONIMO PONCE,ESCUELA MIGUEL GERONIMO PONCE,VILLA ASCASUBI,TERCERO ARRIBA,CÓRDOBA,140351200,DUSSAN ALACEVICH 86  VILLA ASCASUBI
2145,ESCUELA MIGUEL RODRIGUEZ DE LA TORRE,ESCUELA MIGUEL RODRIGUEZ DE LA TORRE,CHAZON,GENERAL SAN MARTIN,CÓRDOBA,140174400,CALLE 16 582  CHAZON
2146,ESCUELA MIGUEL RODRIGUEZ DE LA TORRE,ESCUELA MIGUEL RODRIGUEZ DE LA TORRE,CORDOBA,CAPITAL,CÓRDOBA,140410700,LA GRANJA 3199 ALTO VERDE B° ALTO VERDE
2147,ESCUELA MISIONEROS SALESIANOS,ESCUELA MISIONEROS SALESIANOS,ALEJANDRO ROCA,JUAREZ CELMAN,CÓRDOBA,140321100,VELEZ SARSFIELD 625  ALEJANDRO ROCA
2148,ESCUELA MODESTA RODRIGUEZ,ESCUELA MODESTA RODRIGUEZ,CORDOBA,CAPITAL,CÓRDOBA,140361900,MALALCO 7261 U.O.C.R.A. B° U.O.C.R.A.
2149,ESCUELA MODESTO ACUÑA,ESCUELA MODESTO ACUÑA,RIO TERCERO,TERCERO ARRIBA,CÓRDOBA,140161600,AMINTA R. DE HERRERA 455 CENTRO RIO TERCERO
2150,ESCUELA MONSEÑOR LUIS ROSENDO LEAL,ESCUELA MONSEÑOR LUIS ROSENDO LEAL,TOSNO,MINAS,CÓRDOBA,140346700,CALLE PUBLICA S/N    TOSNO P/CIENAGA DEL CORO
2151,ESCUELA MONSEÑOR M. DE ANDREA,ESCUELA MONSEÑOR M DE ANDREA,CORDOBA,CAPITAL,CÓRDOBA,140239300,17 DE JULIO 3980 FERROVIARIO MITRE B° FERROVIARIO MITRE
2152,ESCUELA MTRA.FELISA DEL C. DE J.BELLORA DE DAVILA,ESCUELA MTRA FELISA DEL C DE J BELLORA DE DAVILA,LAS GRAMILLAS,RIO PRIMERO,CÓRDOBA,140240200,FAUSTINO SPOSETTI S/N°   LAS GRAMILLAS
2153,ESCUELA MYRIAM HAYGUEL DE ANDRES,ESCUELA MYRIAM HAYGUEL DE ANDRES,RIO PRIMERO,RIO PRIMERO,CÓRDOBA,140336900,PABLO ROBERT 182 SUR RIO PRIMERO
2154,ESCUELA NACIONES UNIDAS,ESCUELA NACIONES UNIDAS,CORDOBA,CAPITAL,CÓRDOBA,140232700,MARIA LOYOLA 200 REMEDIOS DE ESCALADA B° REMEDIOS DE ESCALADA
2155,ESCUELA NARCISO LAPRIDA,ESCUELA NARCISO LAPRIDA,LAGUNA LARGA,RIO SEGUNDO,CÓRDOBA,140030400,NARCISO LAPRIDA  VELEZ SARSFIELD LAGUNA LARGA
2156,ESCUELA NARCISO LAPRIDA,ESCUELA NARCISO LAPRIDA,CAMPO OJO DE AGUA,TERCERO ARRIBA,CÓRDOBA,140036900,CALLE PUBLICA   CAMPO OJO DE AGUA P/HERNANDO
2157,ESCUELA NARCISO LAPRIDA,ESCUELA NARCISO LAPRIDA,CAPILLA DEL CARMEN,RIO SEGUNDO,CÓRDOBA,140165300,GENERAL JOSE DE SAN MARTIN   CAPILLA DEL CARMEN
2158,ESCUELA NICOLAS AVELLANEDA,ESCUELA NICOLAS AVELLANEDA,CORONEL MOLDES,RIO CUARTO,CÓRDOBA,140188000,MITRE 74 Centro
2159,ESCUELA NICOLAS AVELLANEDA,ESCUELA NICOLAS AVELLANEDA,VILLA DE SOTO,CRUZ DEL EJE,CÓRDOBA,140252400,DEAN FUNES 2001 ESTACION SOTO VILLA DE SOTO
2160,ESCUELA NICOLAS AVELLANEDA,ESCUELA NICOLAS AVELLANEDA,VIAMONTE,UNION,CÓRDOBA,140273900,NICOLAS AVELLANEDA 169 CENTRO VIAMONTE
2161,ESCUELA NICOLAS AVELLANEDA,ESCUELA NICOLAS AVELLANEDA,LA FALDA,PUNILLA,CÓRDOBA,140290600,PROGRESO 399 SANTA ROSA LA FALDA
2162,ESCUELA NICOLAS AVELLANEDA,ESCUELA NICOLAS AVELLANEDA,RIO CUARTO,RIO CUARTO,CÓRDOBA,140301800,VICENTE LOPEZ 538 ALBERDI RIO CUARTO
2163,ESCUELA NICOLAS AVELLANEDA,ESCUELA NICOLAS AVELLANEDA,RINCON,RIO SEGUNDO,CÓRDOBA,140327400,9 DE JULIO S/Nº   RINCON P/RIO SEGUNDO
2164,ESCUELA NICOLAS AVELLANEDA,ESCUELA NICOLAS AVELLANEDA,ALEJO LEDESMA,MARCOS JUAREZ,CÓRDOBA,140399600,HIPOLITO IRIGOYEN 476 CENTRO ALEJO LEDESMA
2165,ESCUELA NICOLAS BERROTARAN,ESCUELA NICOLAS BERROTARAN,CORDOBA,CAPITAL,CÓRDOBA,140287600,AV.ELIAS YOFRE 1095 JARDIN
2166,ESCUELA NICOLAS RODRIGUEZ PEÑA,ESCUELA NICOLAS RODRIGUEZ PEÑA,EL QUEBRACHO,ISCHILIN,CÓRDOBA,140063900,CALLE PUBLICA S/N°   EL QUEBRACHO
2167,ESCUELA NIÑAS DE AYOHUMA,ESCUELA NIÑAS DE AYOHUMA,MORRISON,UNION,CÓRDOBA,140050300,VICENTE LOPEZ S/N  SUR MORRISON
2168,ESCUELA NIÑAS DE AYOHUMA,ESCUELA NIÑAS DE AYOHUMA,ESTANCIA DE GUADALUPE,MINAS,CÓRDOBA,140163400,CALLE PUBLICA   ESTANCIA DE GUADALUPE
2169,ESCUELA NIÑAS DE AYOHUMA,ESCUELA NIÑAS DE AYOHUMA,CORDOBA,CAPITAL,CÓRDOBA,140355700,VALERIO BETA 7300 ARGUELLO NORTE B° ARGUELLO NORTE
2170,ESCUELA NIÑAS DE AYOHUMA,ESCUELA NIÑAS DE AYOHUMA,QUEBRADA DE LOS POZOS,SAN JAVIER,CÓRDOBA,140405800,CALLE PUBLICA   QUEBRADA DE LOS POZOS P/RUTA PROV.N°14
2171,ESCUELA NOCTURNA 12 DE OCTUBRE,ESCUELA NOCTURNA 12 DE OCTUBRE,CAPILLA DEL MONTE,PUNILLA,CÓRDOBA,140067500,SARMIENTO 380 CENTRO CAPILLA DEL MONTE
2172,ESCUELA NOCTURNA 12 DE OCTUBRE ANEXO VILLA GIARDINO,ESCUELA NOCTURNA 12 DE OCTUBRE ANEXO VILLA GIARDINO,VILLA GIARDINO,PUNILLA,CÓRDOBA,140067501,LOS COCOS 314 CENTRO VILLA GIARDINO
2173,ESCUELA NOCTURNA 25 DE MAYO,ESCUELA NOCTURNA 25 DE MAYO,CORDOBA,CAPITAL,CÓRDOBA,140073500,AV. 24 DE SEPTIEMBRE 2400 YAPEYU B° YAPEYU
2174,ESCUELA NOCTURNA 25 DE MAYO ANEXO EXT. AULICA ESPACIO ILLIA,ESCUELA NOCTURNA 25 DE MAYO ANEXO EXTENSION AULICA ESPACIO ILLIA,CORDOBA,CAPITAL,CÓRDOBA,140073501,AV. GENERAL PAZ 539 CENTRO B° CENTRO
2271,ESCUELA NOCTURNA Nº 706 ALMAFUERTE,ESCUELA NOCTURNA 706 ALMAFUERTE,RIO SEGUNDO,RIO SEGUNDO,CÓRDOBA,140020600,RIVADAVIA 915 CENTRO RIO SEGUNDO
2175,ESCUELA NOCTURNA ALEGRIA AHORA,ESCUELA NOCTURNA ALEGRIA AHORA,CORDOBA,CAPITAL,CÓRDOBA,140572300,JULIO A. ROCA 576 BELLA VISTA
2176,ESCUELA NOCTURNA ANDRES PAJON,ESCUELA NOCTURNA ANDRES PAJON,JUAREZ CELMAN,COLON,CÓRDOBA,140545900,LOS EUCALIPTUS 196 VILLA LOS LLANOS ESTACION JUAREZ CELMAN-B°VILLA LOS LLANOS
2177,ESCUELA NOCTURNA ANDRES PAJON ANEXO Bº CIUDAD DE LOS NIÑOS,ESCUELA NOCTURNA ANDRES PAJON ANEXO B CIUDAD DE LOS NIÑOS,JUAREZ CELMAN,COLON,CÓRDOBA,140545901,MANZANA 42  CIUDAD DE LOS NIÑOS
2178,ESCUELA NOCTURNA ANTARTIDA ARGENTINA,ESCUELA NOCTURNA ANTARTIDA ARGENTINA,CORDOBA,CAPITAL,CÓRDOBA,140015500,ANCASTI 4555 EMPALME BARRIO EMPALME
2179,ESCUELA NOCTURNA ANTARTIDA ARGENTINA ANEXO EXTENSION AULICA BARRIO CORONEL OLMEDO,ESCUELA NOCTURNA ANTARTIDA ARGENTINA ANEXO EXTENSION AULICA BARRIO CORONEL OLMEDO,CORDOBA,CAPITAL,CÓRDOBA,140015503,IDELFONSO MUÑECAS ESQ. VITORICA  CORONEL OLMEDO B° CORONEL OLMEDO
2180,ESCUELA NOCTURNA ANTARTIDA ARGENTINA ANEXO I,ESCUELA NOCTURNA ANTARTIDA ARGENTINA ANEXO I,BOUWER,SANTA MARIA,CÓRDOBA,140015501,RUTA NACIONAL 36 KM 7 1/2
2181,ESCUELA NOCTURNA ANTARTIDA ARGENTINA ANEXO II,ESCUELA NOCTURNA ANTARTIDA ARGENTINA ANEXO II,BOUWER,SANTA MARIA,CÓRDOBA,140015502,RUTA NACIONAL 36 KM 7 1/2
2182,ESCUELA NOCTURNA ANTARTIDA ARGENTINA ANEXO III,ESCUELA NOCTURNA ANTARTIDA ARGENTINA ANEXO III,MONTECRISTO,RIO PRIMERO,CÓRDOBA,140015504,CNO A MONTE CRISTO S/N
2183,ESCUELA NOCTURNA ATAHUALPA YUPANQUI,ESCUELA NOCTURNA ATAHUALPA YUPANQUI,CORDOBA,CAPITAL,CÓRDOBA,140010900,TRAFALGAR 875 ALTA CORDOBA B° ALTA CORDOBA
2184,ESCUELA NOCTURNA ATALIVA HERRERA,ESCUELA NOCTURNA ATALIVA HERRERA,CRUZ DEL EJE,CRUZ DEL EJE,CÓRDOBA,140251600,MORENO 1565 SANTA ROSA CRUZ DEL EJE
2185,ESCUELA NOCTURNA BELISARIO ROLDAN,ESCUELA NOCTURNA BELISARIO ROLDAN,DESPEÑADEROS,SANTA MARIA,CÓRDOBA,140022300,CONGRESO 235 CENTRO DESPEÑADEROS
2186,ESCUELA NOCTURNA BERNARDO O HIGGINS,ESCUELA NOCTURNA BERNARDO O HIGGINS,CORDOBA,CAPITAL,CÓRDOBA,140075800,MARIO BRAVO 1323 ACOSTA B° ACOSTA
2187,ESCUELA NOCTURNA BERNARDO O HIGGINS ANEXO EXTENSION AULICA B°VILLA BOEDO,ESCUELA NOCTURNA BERNARDO O HIGGINS ANEXO EXTENSION AULICA BVILLA BOEDO,CORDOBA,CAPITAL,CÓRDOBA,140075802,CALLE PUBLICA S/N°  VILLA BOEDO VILLA BOEDO
1202,ESC. NOCT. CIUDAD DE BUENOS AIRES,ESCUELA NOCTURNA CIUDAD DE BUENOS AIRES,CORDOBA,CAPITAL,CÓRDOBA,140398100,DEFENSA  VILLA EL LIBERTADOR B° VILLA EL LIBERTADOR
1203,ESC. NOCT. CIUDAD DE BUENOS AIRES ANEXO B° VILLA EL LIBERTADOR,ESCUELA NOCTURNA CIUDAD DE BUENOS AIRES ANEXO B VILLA EL LIBERTADOR,CORDOBA,CAPITAL,CÓRDOBA,140398101,RIO NEGRO 5800 VILLA EL LIBERTADOR B° VILLA EL LIBERTADOR
1204,ESC. NOCT. CIUDAD DE BUENOS AIRES ANEXO EXTENSION AULICA B°VICOR,ESCUELA NOCTURNA CIUDAD DE BUENOS AIRES ANEXO EXTENSION AULICA BVICOR,CORDOBA,CAPITAL,CÓRDOBA,140398102,BARBADOS 3200 VICOR B°VICOR
2188,ESCUELA NOCTURNA COMANDANTE EDUARDO OLIVERO,ESCUELA NOCTURNA COMANDANTE EDUARDO OLIVERO,CORDOBA,CAPITAL,CÓRDOBA,140049300,AV RUFINO VARELA ORTIZ 2112 AMEGHINO SUR B° AMEGHINO SUR
2189,ESCUELA NOCTURNA DEAN GREGORIO FUNES,ESCUELA NOCTURNA DEAN GREGORIO FUNES,MALAGUEÑO,SANTA MARIA,CÓRDOBA,140013200,MERCEDES NAVARRO DE FERREYRA 293  MALAGUEÑO
2190,ESCUELA NOCTURNA DEAN GREGORIO FUNES ANEXO CABALANGO,ESCUELA NOCTURNA DEAN GREGORIO FUNES ANEXO CABALANGO,CABALANGO,PUNILLA,CÓRDOBA,140013201,EL VERGEL
2191,ESCUELA NOCTURNA DEAN GREGORIO FUNES ANEXO CARLOS PAZ,ESCUELA NOCTURNA DEAN GREGORIO FUNES ANEXO CARLOS PAZ,VILLA CARLOS PAZ,PUNILLA,CÓRDOBA,140013203,SAN MARTIN 255 CENTRO 
2192,ESCUELA NOCTURNA DEAN GREGORIO FUNES EXT. AULICA TANTI,ESCUELA NOCTURNA DEAN GREGORIO FUNES EXTENSION AULICA TANTI,TANTI,PUNILLA,CÓRDOBA,140013204,SAN MARTIN 23
2197,ESCUELA NOCTURNA DR. RICARDO ROJAS,ESCUELA NOCTURNA DOCTOR RICARDO ROJAS,VILLA MARIA,GENERAL SAN MARTIN,CÓRDOBA,140159700,BUENOS AIRES 2314 GENERAL SAN MARTIN VILLA MARIA
2198,ESCUELA NOCTURNA DR.SANTIAGO ARIAS DE CABRERA,ESCUELA NOCTURNA DOCTOR SANTIAGO ARIAS DE CABRERA,RIO CUARTO,RIO CUARTO,CÓRDOBA,140214200,BAIGORRIA 552 CENTRO RIO CUARTO
2206,ESCUELA NOCTURNA DR.SANTIAGO ARIAS DE CABRERA ANEXO N°1,ESCUELA NOCTURNA DOCTOR SANTIAGO ARIAS DE CABRERA ANEXO 1,RIO CUARTO,RIO CUARTO,CÓRDOBA,140214202,AV. SABATTINI 2652 PIZARRO RIO CUARTO
2201,ESCUELA NOCTURNA DR.SANTIAGO ARIAS DE CABRERA ANEXO A EXT. AULICA LAS HIGUERAS,ESCUELA NOCTURNA DOCTOR SANTIAGO ARIAS DE CABRERA ANEXO A EXTENSION AULICA LAS HIGUERAS,LAS HIGUERAS,RIO CUARTO,CÓRDOBA,140214206,ESPAÑA 36  LAS HIGUERAS
2202,ESCUELA NOCTURNA DR.SANTIAGO ARIAS DE CABRERA ANEXO EXT. AULICA B° LOMITAS DE ORO,ESCUELA NOCTURNA DOCTOR SANTIAGO ARIAS DE CABRERA ANEXO EXTENSION AULICA B LOMITAS DE ORO,RIO CUARTO,RIO CUARTO,CÓRDOBA,140214205,ANTONIO LUCERO 740 LOMITAS DE ORO INMEDIACIONES DEL CEMENTERIO DE LA CONCEPCIÓN
2200,ESCUELA NOCTURNA DR.SANTIAGO ARIAS DE CABRERA ANEXO  EXT AUL B° ROQUE SAENZ PEÑA,ESCUELA NOCTURNA DOCTOR SANTIAGO ARIAS DE CABRERA ANEXO EXTENSION AULICA B ROQUE SAENZ PEÑA,RIO CUARTO,RIO CUARTO,CÓRDOBA,140214208,SADI CARNOT 1515 PROGRESO RIO CUARTO
2203,ESCUELA NOCTURNA DR.SANTIAGO ARIAS DE CABRERA ANEXO EXT. AULICA CORONEL MOLDES,ESCUELA NOCTURNA DOCTOR SANTIAGO ARIAS DE CABRERA ANEXO EXTENSION AULICA CORONEL MOLDES,CORONEL MOLDES,RIO CUARTO,CÓRDOBA,140214204,CORDOBA 155
2204,ESCUELA NOCTURNA DR.SANTIAGO ARIAS DE CABRERA ANEXO EXT. AULICA LAS ACEQUIAS,ESCUELA NOCTURNA DOCTOR SANTIAGO ARIAS DE CABRERA ANEXO EXTENSION AULICA LAS ACEQUIAS,LAS ACEQUIAS,RIO CUARTO,CÓRDOBA,140214207,MAIPU 515 CENTRO RIO CUARTO
2205,ESCUELA NOCTURNA DR.SANTIAGO ARIAS DE CABRERA ANEXO EXT. AULICA SAMPACHO,ESCUELA NOCTURNA DOCTOR SANTIAGO ARIAS DE CABRERA ANEXO EXTENSION AULICA SAMPACHO,SAMPACHO,RIO CUARTO,CÓRDOBA,140214203,HIPOLITO IRIGOYEN  36
2199,ESCUELA NOCTURNA DR.SANTIAGO ARIAS DE CABRERA ANEXO ISLAS MALVINAS,ESCUELA NOCTURNA DOCTOR SANTIAGO ARIAS DE CABRERA ANEXO ISLAS MALVINAS,RIO CUARTO,RIO CUARTO,CÓRDOBA,140214201,CARLOS GUADARD 3480  RIO CUARTO
2193,ESCUELA NOCTURNA DOMINGO F. SARMIENTO,ESCUELA NOCTURNA DOMINGO F SARMIENTO,CORDOBA,CAPITAL,CÓRDOBA,140131800,POZO DE LA LOMA 7309 ARGUELLO B° ARGUELLO
2194,ESCUELA NOCTURNA DOMINGO FAUSTINO SARMIENTO,ESCUELA NOCTURNA DOMINGO FAUSTINO SARMIENTO,RIO TERCERO,TERCERO ARRIBA,CÓRDOBA,140209900,AMINTA  R. DE HERRERA 455 CENTRO RIO TERCERO
2195,ESCUELA NOCTURNA DOMINGO FAUSTINO SARMIENTO ANEXO EXTENSION AULICA Bº MONTE GRANDE,ESCUELA NOCTURNA DOMINGO FAUSTINO SARMIENTO ANEXO EXTENSION AULICA B MONTE GRANDE,RIO TERCERO,TERCERO ARRIBA,CÓRDOBA,140209902,CAMPICHUELO 344 MONTE GRANDE RIO TERCERO
2196,ESCUELA NOCTURNA DOMINGO FAUSTINO SARMIENTO ANEXO EXTENSION AULICA DE CAPACITACION UNIVERSITARIA,ESCUELA NOCTURNA DOMINGO FAUSTINO SARMIENTO ANEXO EXTENSION AULICA DE CAPACITACION UNIVERSITARIA,RIO TERCERO,TERCERO ARRIBA,CÓRDOBA,140209904,RASTREADOR FOUNIER 740
2207,ESCUELA NOCTURNA EULOGIA SALVATIERRA DE PALACIO,ESCUELA NOCTURNA EULOGIA SALVATIERRA DE PALACIO,CORDOBA,CAPITAL,CÓRDOBA,140135700,AV. HUMBERTO PRIMO 2285 ALTO ALBERDI B° ALTO ALBERDI
2208,ESCUELA NOCTURNA EULOGIA SALVATIERRA DE PALACIO ANEXO AMPLIACION LAS PALMAS,ESCUELA NOCTURNA EULOGIA SALVATIERRA DE PALACIO ANEXO AMPLIACION LAS PALMAS,CORDOBA,CAPITAL,CÓRDOBA,140135703,MANUELA CACIGAS 650 AMPLIACION LAS PALMAS B° AMPLIACION LAS PALMAS
2209,ESCUELA NOCTURNA EULOGIA SALVATIERRA DE PALACIO ANEXO BATERIA LIBERTAD,ESCUELA NOCTURNA EULOGIA SALVATIERRA DE PALACIO ANEXO BATERIA LIBERTAD,CORDOBA,CAPITAL,CÓRDOBA,140135701,JOSE POTRERILLO S/N  LOMAS DEL SUQUIA
2210,ESCUELA NOCTURNA EULOGIA SALVATIERRA DE PALACIO ANEXO REPUBLICA DEL ECUADOR,ESCUELA NOCTURNA EULOGIA SALVATIERRA DE PALACIO ANEXO REPUBLICA DEL ECUADOR,CORDOBA,CAPITAL,CÓRDOBA,140135702,PEDRO HURTADO  RESIDENCIAL SAN ROQUE BARRIO RESIDENCIAL SAN ROQUE
2211,ESCUELA NOCTURNA EULOGIA SALVATIERRA DE PALACIO ANEXO TERCILIO GAMBINO,ESCUELA NOCTURNA EULOGIA SALVATIERRA DE PALACIO ANEXO TERCILIO GAMBINO,CORDOBA,CAPITAL,CÓRDOBA,140135704,MARIA CURIE Y ZULOAGA  LOS GRANADOS B° LOS GRANADOS
2212,ESCUELA NOCTURNA FERNANDO FADER,ESCUELA NOCTURNA FERNANDO FADER,DEAN FUNES,ISCHILIN,CÓRDOBA,140072100,CORDOBA 87 CENTRO TIENE EL N° 23 EN EL PLANO CATASTRAL MUNICIPAL(B° CENTRO)
2213,ESCUELA NOCTURNA FRAY JUSTO SANTA MARIA DE ORO,ESCUELA NOCTURNA FRAY JUSTO SANTA MARIA DE ORO,CORDOBA,CAPITAL,CÓRDOBA,140129500,PEDERNERA 952 SAN VICENTE B° SAN VICENTE
2214,ESCUELA NOCTURNA FRAY LUIS BELTRAN,ESCUELA NOCTURNA FRAY LUIS BELTRAN,CORDOBA,CAPITAL,CÓRDOBA,140260100,RAMON MUNILLA S/N°  VILLA AZALAIS B° VILLA AZALAIS
2215,ESCUELA NOCTURNA FRAY LUIS BELTRAN ANEXO JUAN PAREDES,ESCUELA NOCTURNA FRAY LUIS BELTRAN ANEXO JUAN PAREDES,CORDOBA,CAPITAL,CÓRDOBA,140260101,MANZANA 116 LOTE 3  JUAN PABLO II B° JUAN PABLO II
2216,ESCUELA NOCTURNA FRAY MAMERTO ESQUIU,ESCUELA NOCTURNA FRAY MAMERTO ESQUIU,CORDOBA,CAPITAL,CÓRDOBA,140395100,PASAJE ERNESTO GUASTONI 3472 BRIGADIER SAN MARTIN B° BRIGADIER SAN MARTIN
2217,ESCUELA NOCTURNA GENERAL GUEMES,ESCUELA NOCTURNA GENERAL GUEMES,ALTA GRACIA,SANTA MARIA,CÓRDOBA,140230300,URUGUAY 200 NORTE ALTA GRACIA
2218,ESCUELA NOCTURNA GENERAL GUEMES ANEXO EXT. AULICA POTRERO DE GARAY,ESCUELA NOCTURNA GENERAL GUEMES ANEXO EXTENSION AULICA POTRERO DE GARAY,POTRERO DE GARAY,SANTA MARIA,CÓRDOBA,140230304,CALLE PUBLICA    POTRERO DE GARAY
2219,ESCUELA NOCTURNA GENERAL GUEMES ANEXO EXTENSION AULICA VALLE ALEGRE,ESCUELA NOCTURNA GENERAL GUEMES ANEXO EXTENSION AULICA VALLE ALEGRE,ALTA GRACIA,SANTA MARIA,CÓRDOBA,140230303,BUENA ESPERANZA  VALLE ALEGRE - Comparte edificio con Biclioteca Popular ALTA GRACIA
2220,ESCUELA NOCTURNA GENERAL GUEMES ANEXO EXTENSION AULICA VILLA OVIEDO,ESCUELA NOCTURNA GENERAL GUEMES ANEXO EXTENSION AULICA VILLA OVIEDO,ALTA GRACIA,SANTA MARIA,CÓRDOBA,140230301,SANTA MARIA 1494 VILLA OVIEDO ALTA GRACIA
2221,ESCUELA NOCTURNA GENERAL GUEMES ANEXO VILLA DEL PRADO,ESCUELA NOCTURNA GENERAL GUEMES ANEXO VILLA DEL PRADO,VILLA DEL PRADO,SANTA MARIA,CÓRDOBA,140230302,CALLE 10
2222,ESCUELA NOCTURNA GENERAL SAN MARTIN,ESCUELA NOCTURNA GENERAL SAN MARTIN,CORDOBA,CAPITAL,CÓRDOBA,140138100,AV.CASTRO BARROS 802 SAN MARTIN B° SAN MARTIN
2223,ESCUELA NOCTURNA GENERAL SAN MARTIN ANEXO EXT. AULICA Bº NUEVA CORDOBA,ESCUELA NOCTURNA GENERAL SAN MARTIN ANEXO EXTENSION AULICA B NUEVA CORDOBA,CORDOBA,CAPITAL,CÓRDOBA,140138101,RONDEAU  258  COMPARTE EDIFICIO CON CENTROINTEGRAL DE VARONES
2224,ESCUELA NOCTURNA GOBERNADOR AMADEO SABATTINI,ESCUELA NOCTURNA GOBERNADOR AMADEO SABATTINI,BELL VILLE,UNION,CÓRDOBA,140254300,AMEGHINO 155 CENTRO BELL VILLE
2225,ESCUELA NOCTURNA GREGORIA M. DE SAN MARTIN,ESCUELA NOCTURNA GREGORIA M DE SAN MARTIN,CORDOBA,CAPITAL,CÓRDOBA,140232400,RUTA 9 /NORTE/KM 13  GUIÑAZU B° GUIÑAZU - RUTA 9 KM.10 - CNO. A JESUS MARIA
2226,ESCUELA NOCTURNA HEROES DE MALVINAS,ESCUELA NOCTURNA HEROES DE MALVINAS,CORDOBA,CAPITAL,CÓRDOBA,140232600,MARIA LOYOLA 350 REMEDIOS DE ESCALADA B° REMEDIOS DE ESCALADA
2227,ESCUELA NOCTURNA J. B. ITURRASPE,ESCUELA NOCTURNA J B ITURRASPE,SAN FRANCISCO,SAN JUSTO,CÓRDOBA,140303200,JUJUY 205 ITURRASPE SAN FRANCISCO
2228,ESCUELA NOCTURNA JOAQUIN V. GONZALEZ,ESCUELA NOCTURNA JOAQUIN V GONZALEZ,CORDOBA,CAPITAL,CÓRDOBA,140308400,FRANCISCO DE ARTEAGA  LAS VIOLETAS BARRIO LAS VIOLETAS
2229,ESCUELA NOCTURNA JOSE HERNANDEZ,ESCUELA NOCTURNA JOSE HERNANDEZ,CORDOBA,CAPITAL,CÓRDOBA,140011700,MARTIN ALLENDE 2005 YOFRE H BARRIO JOFRE H
2230,ESCUELA NOCTURNA JOSE HERNANDEZ ANEXO EXTENSION AULICA BARRIO ARENALES,ESCUELA NOCTURNA JOSE HERNANDEZ ANEXO EXTENSION AULICA BARRIO ARENALES,CORDOBA,CAPITAL,CÓRDOBA,140011701,CRESPIN 3747 GENERAL ARENALES B° GENERAL ARENALES
2231,ESCUELA NOCTURNA JOSE HERNANDEZ ANEXO EXTENSION AULICA BARRIO QUINTAS DEL ROSARIO,ESCUELA NOCTURNA JOSE HERNANDEZ ANEXO EXTENSION AULICA BARRIO QUINTAS DEL ROSARIO,CORDOBA,CAPITAL,CÓRDOBA,140011703,AVENIDA LAS MALVINAS ARGENTINAS KM 6.5  QUINTAS DEL ROSARIO BARRIO QUINTAS DEL ROSARIO
2232,ESCUELA NOCTURNA JOSE HERNANDEZ ANEXO EXTENSION AULICA BARRIO ZEPA,ESCUELA NOCTURNA JOSE HERNANDEZ ANEXO EXTENSION AULICA BARRIO ZEPA,CORDOBA,CAPITAL,CÓRDOBA,140011702,CALLE PUBLICA S/N   ZEPA B° ZEPA
2233,ESCUELA NOCTURNA JOSE HERNANDEZ ANEXO EXTENSION AULICA EVITA,ESCUELA NOCTURNA JOSE HERNANDEZ ANEXO EXTENSION AULICA EVITA,CORDOBA,CAPITAL,CÓRDOBA,140011705,SUIPACHA 2309 PUEYRREDON BARRIO PUEYRREDON
2234,ESCUELA NOCTURNA JOSE HERNANDEZ ANEXO EXTENSION AULICA HOSPITAL ONCOLOGICO,ESCUELA NOCTURNA JOSE HERNANDEZ ANEXO EXTENSION AULICA HOSPITAL ONCOLOGICO,CORDOBA,CAPITAL,CÓRDOBA,140011704,FERROVIARIOS  CRISOL NORTE BARRIO CRISOL NORTE
2235,ESCUELA NOCTURNA JOSE INGENIEROS,ESCUELA NOCTURNA JOSE INGENIEROS,COSQUIN,PUNILLA,CÓRDOBA,140262600,SAN MARTIN ESQ. SARMIENTO  CENTRO COSQUIN
2238,ESCUELA NOCTURNA JOSE INGENIEROS ANEXO N° 3 JUAN BAUTISTA AZOPARDO,ESCUELA NOCTURNA JOSE INGENIEROS ANEXO 3 JUAN BAUTISTA AZOPARDO,SANTA MARIA DE PUNILLA (ESTACION SANTA MARIA),PUNILLA,CÓRDOBA,140262602,SARMIENTO 59 VILLA BUSTOS SANTA MARIA DE PUNILLA
2236,ESCUELA NOCTURNA JOSE INGENIEROS ANEXO BIALET MASSE,ESCUELA NOCTURNA JOSE INGENIEROS ANEXO BIALET MASSE,BIALET MASSE,PUNILLA,CÓRDOBA,140262603,ROQUE SAENZ PEÑA 91 CENTRO BIALET MASSE (FRENTE FERROCARRIL)
2237,ESCUELA NOCTURNA JOSE INGENIEROS ANEXO COSQUIN,ESCUELA NOCTURNA JOSE INGENIEROS ANEXO COSQUIN,COSQUIN,PUNILLA,CÓRDOBA,140262601,BEETHOVEN 1200 LOS HORNOS
2239,ESCUELA NOCTURNA JOSE MANUEL ESTRADA,ESCUELA NOCTURNA JOSE MANUEL ESTRADA,CORDOBA,CAPITAL,CÓRDOBA,140074600,JULIO BEJANALE 6200 IPV ARGUELLO NORTE B° IPV ARGUELLO NORTE
2240,ESCUELA NOCTURNA JOSE MANUEL ESTRADA ANEXO EXTENSION AULICA PERIFERICOS DE ARGUELLO,ESCUELA NOCTURNA JOSE MANUEL ESTRADA ANEXO EXTENSION AULICA PERIFERICOS DE ARGUELLO,CORDOBA,CAPITAL,CÓRDOBA,140074601,AGUA SACHA 9646 QUINTAS DE ARGUELLO B° QUINTAS DE ARGUELLO
2241,ESCUELA NOCTURNA JOSE MARIA PAZ,ESCUELA NOCTURNA JOSE MARIA PAZ,JESUS MARIA,COLON,CÓRDOBA,140368700,AV. LAPRIDA 649 CENTRO JESUS MARIA
2242,ESCUELA NOCTURNA JOSE MARIA PAZ ANEXO COLONIA CAROYA,ESCUELA NOCTURNA JOSE MARIA PAZ ANEXO COLONIA CAROYA,COLONIA CAROYA,COLON,CÓRDOBA,140368702,JOSE NANINI   COLONIA CAROYA
2243,ESCUELA NOCTURNA JOSE MARIA PAZ ANEXO COLONIA TIROLESA,ESCUELA NOCTURNA JOSE MARIA PAZ ANEXO COLONIA TIROLESA,COLONIA TIROLESA,COLON,CÓRDOBA,140368701,ARTURO ILLIA  505
2244,ESCUELA NOCTURNA JOSE MARIA PAZ EXT. AULICA GENERAL PAZ,ESCUELA NOCTURNA JOSE MARIA PAZ EXTENSION AULICA GENERAL PAZ,GENERAL PAZ,COLON,CÓRDOBA,140368703,SANTA FE S/N   COMPARTE EDIFICIO CON CUE 1400829-00
2245,ESCUELA NOCTURNA JUAN GODOY,ESCUELA NOCTURNA JUAN GODOY,CORDOBA,CAPITAL,CÓRDOBA,140291900,BLAS PARERA S/N°  MALDONADO B° MALDONADO
2246,ESCUELA NOCTURNA JUAN GODOY ANEXO EXTENSION AULICA B° MULLER,ESCUELA NOCTURNA JUAN GODOY ANEXO EXTENSION AULICA B MULLER,CORDOBA,CAPITAL,CÓRDOBA,140291905,FELICIANO CLICLANA 3550 MULLER B° MULLER
2247,ESCUELA NOCTURNA JUAN GODOY ANEXO EXTENSION AULICA B° SAN VICENTE,ESCUELA NOCTURNA JUAN GODOY ANEXO EXTENSION AULICA B SAN VICENTE,CORDOBA,CAPITAL,CÓRDOBA,140291903,PASALE COLL 1480 SAN VICENTE B° SAN VICENTE
2248,ESCUELA NOCTURNA JUAN GODOY EXTENSION AULICA CENTRO,ESCUELA NOCTURNA JUAN GODOY EXTENSION AULICA CENTRO,CORDOBA,CAPITAL,CÓRDOBA,140291906,SARMIENTO  163 CENTRO B° CENTRO
2249,ESCUELA NOCTURNA JUAN XXIII,ESCUELA NOCTURNA JUAN XXIII,CORRAL DE BUSTOS,MARCOS JUAREZ,CÓRDOBA,140266200,BV. FAUDA 256 IFFLINGER CORRAL DE BUSTOS
2250,ESCUELA NOCTURNA LA PARA,ESCUELA NOCTURNA LA PARA,LA PARA,RIO PRIMERO,CÓRDOBA,140436000,MARIANO MORENO 1020 ROSEDAL LA PARA
2251,ESCUELA NOCTURNA LA PARA ANEXO EXT. AULICA VILLA FONTANA,ESCUELA NOCTURNA LA PARA ANEXO EXTENSION AULICA VILLA FONTANA,VILLA FONTANA,RIO PRIMERO,CÓRDOBA,140436002,BERNARDINO RIVADAVIA 435
2252,ESCUELA NOCTURNA LEOPOLDO LUGONES,ESCUELA NOCTURNA LEOPOLDO LUGONES,LA CUMBRE,PUNILLA,CÓRDOBA,140284600,ALBERDI 277 CENTRO LA CUMBRE
2253,ESCUELA NOCTURNA LEOPOLDO LUGONES ANEXO DR. MATEO MOLINA,ESCUELA NOCTURNA LEOPOLDO LUGONES ANEXO DOCTOR MATEO MOLINA,LA FALDA,PUNILLA,CÓRDOBA,140284601,AV. EDEN 445 CENTRO
2254,ESCUELA NOCTURNA LUIS MARIA DRAGO,ESCUELA NOCTURNA LUIS MARIA DRAGO,CORDOBA,CAPITAL,CÓRDOBA,140225500,CARMELO IBARRA  VILLA EL LIBERTADOR Bº VILLA EL LIBERTADOR
2255,ESCUELA NOCTURNA LUIS MARIA DRAGO ANEXO EXT. AULICA Bº VILLA RIVADAVIA,ESCUELA NOCTURNA LUIS MARIA DRAGO ANEXO EXTENSION AULICA B VILLA RIVADAVIA,CORDOBA,CAPITAL,CÓRDOBA,140225505,CNO SAN ANTONIO KM 9 1/2  VILLA RIVADAVIA B°VILLA RIVADAVIA - CAMINO SAN ANTONIO KM 9 1/2
2256,ESCUELA NOCTURNA LUIS MARIA DRAGO ANEXO EXTENSION AULICA CIUDAD UNIVERSITARIA,ESCUELA NOCTURNA LUIS MARIA DRAGO ANEXO EXTENSION AULICA CIUDAD UNIVERSITARIA,CORDOBA,CAPITAL,CÓRDOBA,140225501,ENRIQUE BARROS   CIUDAD UNIVERSITARIA B° CIUDAD UNIVERSITARIA
2257,ESCUELA NOCTURNA MALVINAS ARGENTINAS,ESCUELA NOCTURNA MALVINAS ARGENTINAS,CORDOBA,CAPITAL,CÓRDOBA,140572100,AV. CENTRAL DEL LOTEO S/N°  16 DE NOVIEMBRE B° 16 DE NOVIEMBRE
2258,ESCUELA NOCTURNA MANUEL BELGRANO,ESCUELA NOCTURNA MANUEL BELGRANO,LABOULAYE,PRESIDENTE ROQUE SAENZ PEÑA,CÓRDOBA,140200500,AVENIDA QUINTANA  BELGRANO LABOULAYE
2262,ESCUELA NOCTURNA MANUEL BELGRANO ANEXO EXT. AULICA ADELIA MARIA,ESCUELA NOCTURNA MANUEL BELGRANO ANEXO EXTENSION AULICA ADELIA MARIA,ADELIA MARIA,RIO CUARTO,CÓRDOBA,140200506,HIPOLITO IRIGOYEN 525  ADELIA MARIA
2260,ESCUELA NOCTURNA MANUEL BELGRANO ANEXO EXT AULICA GENERAL LEVALLE,ESCUELA NOCTURNA MANUEL BELGRANO ANEXO EXTENSION AULICA GENERAL LEVALLE,GENERAL LEVALLE,PRESIDENTE ROQUE SAENZ PEÑA,CÓRDOBA,140200503,CARLOS PELLEGRINI 331 SUR GRAL. LEVALLE
2263,ESCUELA NOCTURNA MANUEL BELGRANO ANEXO EXT. AULICA JOVITA,ESCUELA NOCTURNA MANUEL BELGRANO ANEXO EXTENSION AULICA JOVITA,JOVITA,GENERAL ROCA,CÓRDOBA,140200501,GUEMES 220  JOVITA
2259,ESCUELA NOCTURNA MANUEL BELGRANO ANEXO  EXT. AULICA LA CESIRA,ESCUELA NOCTURNA MANUEL BELGRANO ANEXO EXTENSION AULICA LA CESIRA,LA CESIRA,PRESIDENTE ROQUE SAENZ PEÑA,CÓRDOBA,140200505,ALVEAR 220   LA CESIRA
2264,ESCUELA NOCTURNA MANUEL BELGRANO ANEXO EXT. AULICA SAN BASILIO,ESCUELA NOCTURNA MANUEL BELGRANO ANEXO EXTENSION AULICA SAN BASILIO,SAN BASILIO,RIO CUARTO,CÓRDOBA,140200507,AV. SAN MARTIN 595  SAN BASILIO
2261,ESCUELA NOCTURNA MANUEL BELGRANO ANEXO EXT AULICA SERRANO,ESCUELA NOCTURNA MANUEL BELGRANO ANEXO EXTENSION AULICA SERRANO,SERRANO,PRESIDENTE ROQUE SAENZ PEÑA,CÓRDOBA,140200502,ARGENTINA   SERRANO
2265,ESCUELA NOCTURNA MANUEL BELGRANO ANEXO EXT. AULICA VICUÑA MACKENNA,ESCUELA NOCTURNA MANUEL BELGRANO ANEXO EXTENSION AULICA VICUÑA MACKENNA,VICUÑA MACKENNA,RIO CUARTO,CÓRDOBA,140200504,SARMIENTO 672 CENTRO VICUÑA MACKENA
2266,ESCUELA NOCTURNA MANUEL FERREYRA,ESCUELA NOCTURNA MANUEL FERREYRA,LA CARLOTA,JUAREZ CELMAN,CÓRDOBA,140128500,VELEZ SARSFIELD 651 CENTRO LA CARLOTA
2267,ESCUELA NOCTURNA MANUELA PEDRAZA,ESCUELA NOCTURNA MANUELA PEDRAZA,CORDOBA,CAPITAL,CÓRDOBA,140161300,LA PAMPA 1600 BELLA VISTA BELLA VISTA
2268,ESCUELA NOCTURNA MERCEDITAS DE SAN MARTIN,ESCUELA NOCTURNA MERCEDITAS DE SAN MARTIN,CORDOBA,CAPITAL,CÓRDOBA,140293800,AVENIDA DE LOS ALEMANES 4200 LOS BOULEVARES BARRIO LOS BOULEVARES
2269,ESCUELA NOCTURNA MERCEDITAS DE SAN MARTIN EXT AULICA CONCEJO DELIBERANTE,ESCUELA NOCTURNA MERCEDITAS DE SAN MARTIN EXTENSION AULICA CONCEJO DELIBERANTE,CORDOBA,CAPITAL,CÓRDOBA,140293802,PASAJE DE COMERCIO  447 CENTRO B° CENTRO
2270,ESCUELA NOCTURNA NELDA FERRACINI DE ROIG,ESCUELA NOCTURNA NELDA FERRACINI DE ROIG,GENERAL DEHEZA,JUAREZ CELMAN,CÓRDOBA,140194800,BBOULEVAR ALMIRANTE BROWN 206  GENERAL DEHEZA
2272,ESCUELA NOCTURNA PADRE JOSE LEON TORRES,ESCUELA NOCTURNA PADRE JOSE LEON TORRES,CORDOBA,CAPITAL,CÓRDOBA,140007500,PEDRO DE LEDESMA 1755 PARQUE MONTECRISTO BARRIO PARQUE MONTECRISTO
2273,ESCUELA NOCTURNA PADRE JOSE LEON TORRES ANEXO DOMINGO NOGAL,ESCUELA NOCTURNA PADRE JOSE LEON TORRES ANEXO DOMINGO NOGAL,MONTECRISTO,RIO PRIMERO,CÓRDOBA,140007502,AV. SAN MARTIN 258  MONTECRISTO
2274,ESCUELA NOCTURNA PADRE PEDRO GRENON,ESCUELA NOCTURNA PADRE PEDRO GRENON,CORDOBA,CAPITAL,CÓRDOBA,140021700,Stephenson  ITUZAINGO BARRIO ITUZAINGO
2275,ESCUELA NOCTURNA PADRE PEDRO GRENON ANEXO EXTENSION AULICA CIUDAD EVITA,ESCUELA NOCTURNA PADRE PEDRO GRENON ANEXO EXTENSION AULICA CIUDAD EVITA,CORDOBA,CAPITAL,CÓRDOBA,140021701,PLAZA 17 DE OCTUBRE S/N°  CIUDAD EVITA  B° CIUDAD EVITA- POR RUTA 9 FRENTE A FIAT
2276,ESCUELA NOCTURNA PADRE PEDRO GRENON EXT. AULICA CIUDAD DE MIS SUEÑOS,ESCUELA NOCTURNA PADRE PEDRO GRENON EXTENSION AULICA CIUDAD DE MIS SUEÑOS,CORDOBA,CAPITAL,CÓRDOBA,140021702,CALLE PUBLICA S/N  CIUDAD DE MIS SUEÑOS BARRIO CIUDAD DE MIS SUEÑOS
2277,ESCUELA NOCTURNA PAULA ALBARRACIN,ESCUELA NOCTURNA PAULA ALBARRACIN,CORDOBA,CAPITAL,CÓRDOBA,140243500,AV. GENERAL PAZ 488 CENTRO B° CENTRO
2278,ESCUELA NOCTURNA PAULA ALBARRACIN ANEXO AMMAR,ESCUELA NOCTURNA PAULA ALBARRACIN ANEXO AMMAR,CORDOBA,CAPITAL,CÓRDOBA,140243502,AV. MAIPU  630 CENTRO B° CENTRO
2279,ESCUELA NOCTURNA PAULA ALBARRACIN ANEXO SACRA,ESCUELA NOCTURNA PAULA ALBARRACIN ANEXO SACRA,CORDOBA,CAPITAL,CÓRDOBA,140243501,SANTIAGO DEL ESTERO 333 CENTRO B° CENTRO
2280,ESCUELA NOCTURNA PAULA ALBARRACIN ANEXO VILLA OBISPO ANGELELLI,ESCUELA NOCTURNA PAULA ALBARRACIN ANEXO VILLA OBISPO ANGELELLI,CORDOBA,CAPITAL,CÓRDOBA,140243503,"CAMINO SAN ANTONIO KM 8,5   VILLA OBISPO ANGELELLI"
2281,ESCUELA NOCTURNA PAULA ALBARRACIN DE SARMIENTO,ESCUELA NOCTURNA PAULA ALBARRACIN DE SARMIENTO,RIO CUARTO,RIO CUARTO,CÓRDOBA,140091800,BELISARIO ROLDAN 535 ALBERDI RIO CUARTO
2283,ESCUELA NOCTURNA PAULA ALBARRACIN DE SARMIENTO ANEXO EXTENSION AULICA ACHIRAS,ESCUELA NOCTURNA PAULA ALBARRACIN DE SARMIENTO ANEXO EXTENSION AULICA ACHIRAS,ACHIRAS,RIO CUARTO,CÓRDOBA,140091804,MORENO   ACHIRAS
2284,ESCUELA NOCTURNA PAULA ALBARRACIN DE SARMIENTO ANEXO EXTENSION AULICA ALCIRA GIGENA,ESCUELA NOCTURNA PAULA ALBARRACIN DE SARMIENTO ANEXO EXTENSION AULICA ALCIRA GIGENA,ALCIRA,RIO CUARTO,CÓRDOBA,140091805,BV. GENERAL ROCA 650 CENTRO ALCIRA GIGENA
2285,ESCUELA NOCTURNA PAULA ALBARRACIN DE SARMIENTO ANEXO EXTENSION AULICA BERROTARAN,ESCUELA NOCTURNA PAULA ALBARRACIN DE SARMIENTO ANEXO EXTENSION AULICA BERROTARAN,BERROTARAN,RIO CUARTO,CÓRDOBA,140091806,AV. ARGENTINA 194 TANQUE BERROTARAN
2286,ESCUELA NOCTURNA PAULA ALBARRACIN DE SARMIENTO ANEXO EXTENSION AULICA RIO CUARTO,ESCUELA NOCTURNA PAULA ALBARRACIN DE SARMIENTO ANEXO EXTENSION AULICA RIO CUARTO,RIO CUARTO,RIO CUARTO,CÓRDOBA,140091802,ENTRE RIOS Y ANCHORENA  ALTO ALBERDI BARRIO ALTO ALBERDI
2282,ESCUELA NOCTURNA PAULA ALBARRACIN DE SARMIENTO ANEXO MALABIA,ESCUELA NOCTURNA PAULA ALBARRACIN DE SARMIENTO ANEXO MALABIA,RIO CUARTO,RIO CUARTO,CÓRDOBA,140091801,MALABIA Y ADELIA MARIA  OBRERO RIO CUARTO - RIO CUARTO
2287,ESCUELA NOCTURNA PAULA ALBARRACIN DE SARMIENTO EXTENSION AULICA B°BANDA NORTE,ESCUELA NOCTURNA PAULA ALBARRACIN DE SARMIENTO EXTENSION AULICA BBANDA NORTE,RIO CUARTO,RIO CUARTO,CÓRDOBA,140091807,MANCO CAPAC 50 BANDA NORTE RIO CUARTO
2288,ESCUELA NOCTURNA PAULO FREIRE,ESCUELA NOCTURNA PAULO FREIRE,CORDOBA,CAPITAL,CÓRDOBA,140004700,TRANSITO CACERES DE ALLENDE 250 CENTRO B° CENTRO
2289,ESCUELA NOCTURNA PAULO FREIRE ANEXO CETRAM II,ESCUELA NOCTURNA PAULO FREIRE ANEXO CETRAM II,BOUWER,SANTA MARIA,CÓRDOBA,140004701,CALLE PUBLICA   BOUWER
2290,ESCUELA NOCTURNA PAULO FREIRE ANEXO CREER Y SER,ESCUELA NOCTURNA PAULO FREIRE ANEXO CREER Y SER,CORDOBA,CAPITAL,CÓRDOBA,140004705,CALLE PUBLICA S/N  POSTA DE VARGAS B° POSTA DE VARGAS (CNO. A SAN ANTONIO KM 7 P/CORTADEROS DE LADRILLO)
2291,ESCUELA NOCTURNA PAULO FREIRE ANEXO IV,ESCUELA NOCTURNA PAULO FREIRE ANEXO IV,CORDOBA,CAPITAL,CÓRDOBA,140004704,LEON MARRA ESQ. AMERICO VESPUCIO  JUNIORS B° JUNIORS
2292,ESCUELA NOCTURNA PRECEPTOR FRANCISCO JAVIER ARIAS,ESCUELA NOCTURNA PRECEPTOR FRANCISCO JAVIER ARIAS,VILLA DOLORES,SAN JAVIER,CÓRDOBA,140150100,EDISON 130 CENTRO VILLA DOLORES
2293,ESCUELA NOCTURNA PROF. MANUEL GREGORIO OLIVA,ESCUELA NOCTURNA PROFESOR MANUEL GREGORIO OLIVA,CORDOBA,CAPITAL,CÓRDOBA,140307200,JAMAICA 915 AMPLIACION RESIDENCIAL AMERICA B° AMPLIACION RESIDENCIAL AMERICA
2294,ESCUELA NOCTURNA REPUBLICA DE CHILE,ESCUELA NOCTURNA REPUBLICA DE CHILE,CORDOBA,CAPITAL,CÓRDOBA,140074000,FRAY MAMERTO ESQUIU 1340 PUEYRREDON B° PUEYRREDON
2295,ESCUELA NOCTURNA REPUBLICA DE CHILE ANEXO EXTENSION AULICA SIN.PE.CAF.,ESCUELA NOCTURNA REPUBLICA DE CHILE ANEXO EXTENSION AULICA SIN PE CAF,CORDOBA,CAPITAL,CÓRDOBA,140074001,SUCRE 466 CENTRO B° CENTRO
2296,ESCUELA NOCTURNA REPUBLICA DE CHILE EXTENSION AULICA Bº MARQUES DE SOBREMONTE,ESCUELA NOCTURNA REPUBLICA DE CHILE EXTENSION AULICA B MARQUES DE SOBREMONTE,CORDOBA,CAPITAL,CÓRDOBA,140074002,PEREZ CORREA 1500 MARQUEZ DE SOBREMONTE-ANEXO B° MARQUES DE SOBREMONTE-ANEXO
2297,ESCUELA NOCTURNA REPUBLICA DEL LIBANO,ESCUELA NOCTURNA REPUBLICA DEL LIBANO,CORDOBA,CAPITAL,CÓRDOBA,140077000,MARIANO USANDIVARAS 2254 PATRICIOS B° PATRICIOS
2298,ESCUELA NOCTURNA REPUBLICA DEL PARAGUAY,ESCUELA NOCTURNA REPUBLICA DEL PARAGUAY,CORDOBA,CAPITAL,CÓRDOBA,140221500,LOPEZ Y PLANES 2378 SAN VICENTE B° SAN VICENTE
2299,ESCUELA NOCTURNA REPUBLICA DEL PARAGUAY ANEXO EXTENSION AULICA CAMPO DE LA RIBERA,ESCUELA NOCTURNA REPUBLICA DEL PARAGUAY ANEXO EXTENSION AULICA CAMPO DE LA RIBERA,CORDOBA,CAPITAL,CÓRDOBA,140221501,MARTIN CARTECHINI S/N  CAMPO DE LA RIBERA B° CAMPO DE LA RIBERA -(A 3CUADRAS DEL CEMENTERIO SAN VICENTE)
2300,ESCUELA NOCTURNA RICARDO ROJAS,ESCUELA NOCTURNA RICARDO ROJAS,LA CALERA,COLON,CÓRDOBA,140560300,SAN MARTIN  772 CENTRO LA CALERA
2301,ESCUELA NOCTURNA RICARDO ROJAS ANEXO N° 13 DUMESNIL,ESCUELA NOCTURNA RICARDO ROJAS ANEXO 13 DUMESNIL,LA CALERA,COLON,CÓRDOBA,140560303,ENTRE RIOS 250 DUMESNIL
2302,ESCUELA NOCTURNA RICARDO ROJAS ANEXO Nº 3 SALSIPUEDES,ESCUELA NOCTURNA RICARDO ROJAS ANEXO 3 SALSIPUEDES,SALSIPUEDES,COLON,CÓRDOBA,140560304,DESIDERIO TORRES 360 ORO VERDE SALSIPUEDES
2303,ESCUELA NOCTURNA RICARDO ROJAS ANEXO Nº 4 UNQUILLO,ESCUELA NOCTURNA RICARDO ROJAS ANEXO 4 UNQUILLO,UNQUILLO,COLON,CÓRDOBA,140560305,SPILIMBERGO 869 CENTRO UNQUILLO
2304,ESCUELA NOCTURNA RICARDO ROJAS ANEXO Nº 5 VILLA ALLENDE,ESCUELA NOCTURNA RICARDO ROJAS ANEXO 5 VILLA ALLENDE,VILLA ALLENDE,COLON,CÓRDOBA,140560306,GOYCOECHEA  150 CENTRO VILLA ALLENDE
2305,ESCUELA NOCTURNA RICARDO ROJAS ANEXO Nº 6 VILLA ALLENDE,ESCUELA NOCTURNA RICARDO ROJAS ANEXO 6 VILLA ALLENDE,VILLA ALLENDE,COLON,CÓRDOBA,140560300,SAN MARTIN  772 CENTRO LA CALERA
2306,ESCUELA NOCTURNA RICARDO ROJAS ANEXO Nº 7 SALDAN,ESCUELA NOCTURNA RICARDO ROJAS ANEXO 7 SALDAN,SALDAN,COLON,CÓRDOBA,140560308,VELEZ SARSFIELD 647 CENTRO SALDAN
2307,ESCUELA NOCTURNA SAN JUAN BOSCO,ESCUELA NOCTURNA SAN JUAN BOSCO,HUINCA RENANCO,GENERAL ROCA,CÓRDOBA,140158200,GÜEMES S/N°  VILLA CRESPO HUINCA RENANCO
2308,ESCUELA NOCTURNA SAN JUAN BOSCO ANEXO EXT AUL BOUCHARDO,ESCUELA NOCTURNA SAN JUAN BOSCO ANEXO EXTENSION AULICA BOUCHARDO,HIPOLITO BOUCHARD,GENERAL ROCA,CÓRDOBA,140158203,AVENIDA MANNY  CENTRO HIPOLITO BOUCHARDO
2311,ESCUELA NOCTURNA SAN JUAN BOSCO ANEXO EXT AULICA DEL CAMPILLO,ESCUELA NOCTURNA SAN JUAN BOSCO ANEXO EXTENSION AULICA DEL CAMPILLO,DEL CAMPILLO,GENERAL ROCA,CÓRDOBA,140158202,JOSE MARIA PAZ 444 ENRIQUE COOK DEL CAMPILLO
2309,ESCUELA NOCTURNA SAN JUAN BOSCO ANEXO EXT AUL MATTALDI,ESCUELA NOCTURNA SAN JUAN BOSCO ANEXO EXTENSION AULICA MATTALDI,MATTALDI,GENERAL ROCA,CÓRDOBA,140158201,TUCUMAN 225 CENTRO MATTALDI
2310,ESCUELA NOCTURNA SAN JUAN BOSCO ANEXO EXT AUL VILLA HUIDOBRO,ESCUELA NOCTURNA SAN JUAN BOSCO ANEXO EXTENSION AULICA VILLA HUIDOBRO,VILLA HUIDOBRO,GENERAL ROCA,CÓRDOBA,140158204,PASCO S/N
2312,ESCUELA NOCTURNA SAN LORENZO,ESCUELA NOCTURNA SAN LORENZO,CORDOBA,CAPITAL,CÓRDOBA,140335200,CALLE PUBLICA  CIUDAD DE MIS SUEÑOS BARRIO CIUDAD DE MIS SUEÑOS
2313,ESCUELA NOCTURNA TOMAS ALVA EDISON,ESCUELA NOCTURNA TOMAS ALVA EDISON,SAN PEDRO,SAN ALBERTO,CÓRDOBA,140351700,GENERAL PAZ  CENTRO SAN PEDRO
1205,ESC. NORMA QUARTINO,ESCUELA NORMA QUARTINO,CORDOBA,CAPITAL,CÓRDOBA,140525000,CALLE PUBLICA S/N°  LA FLORESTA B° LA FLORESTA (CERCA DE MALVINAS ARGENTINAS)
1208,ESC. NORMAL SUPERIOR ALEJANDRO CARBO,ESCUELA NORMAL SUPERIOR ALEJANDRO CARBO,CORDOBA,CAPITAL,CÓRDOBA,140333800,AV COLON 951 ALBERDI B° ALBERDI
1209,ESC. NORMAL SUPERIOR ARTURO CAPDEVILA,ESCUELA NORMAL SUPERIOR ARTURO CAPDEVILA,LA FALDA,PUNILLA,CÓRDOBA,140291400,ISLAS MALVINAS 779 ALTO DEL GIGANTE LA FALDA
1206,ESC. NORMAL SUP. DALMACIO VELEZ SARSFIELD,ESCUELA NORMAL SUPERIOR DALMACIO VELEZ SARSFIELD,VILLA DOLORES,SAN JAVIER,CÓRDOBA,140323900,AV. SAN MARTIN 50 CENTRO VILLA DOLORES
1210,ESC. NORMAL SUPERIOR DALMACIO VELEZ SARSFIELD,ESCUELA NORMAL SUPERIOR DALMACIO VELEZ SARSFIELD,LAS VARILLAS,SAN JUSTO,CÓRDOBA,140278800,ESCRIBANO LUIS MORELLI 188 CENTRO LAS VARILLAS
1201,ESC. N. SUP. DALMACIO VELEZ SARSFIELD ANEXO POZO DEL MOLLE,ESCUELA NORMAL SUPERIOR DALMACIO VELEZ SARSFIELD ANEXO POZO DEL MOLLE,POZO DEL MOLLE,RIO SEGUNDO,CÓRDOBA,140278801,BELGRANO 225 CENTRO POZO DEL MOLLE
1211,ESC. NORMAL SUPERIOR DE ALTA GRACIA,ESCUELA NORMAL SUPERIOR DE ALTA GRACIA,ALTA GRACIA,SANTA MARIA,CÓRDOBA,140296400,JOSE HERNANDEZ 201 CAMARA ALTA GRACIA
1212,ESC. NORMAL SUPERIOR DE VILLA DEL TOTORAL,ESCUELA NORMAL SUPERIOR DE VILLA DEL TOTORAL,VILLA DEL TOTORAL,TOTORAL,CÓRDOBA,140189000,REP.ARGENTINA Y PTE. PERON  PADRE ABREGU VILLA DEL TOTORAL
1213,ESC. NORMAL SUPERIOR DE VILLA DEL TOTORAL ANEXO VILLA DE MARIA DE RIO SECO,ESCUELA NORMAL SUPERIOR DE VILLA DEL TOTORAL ANEXO VILLA DE MARIA DE RIO SECO,VILLA DE MARIA,RIO SECO,CÓRDOBA,140189002,RECONQUISTA ESQ.ING.LEOPOLDO CARO   VILLA DE MARIA DE RIO SECO
1214,ESC. NORMAL SUPERIOR DR. AGUSTIN GARZON AGULLA,ESCUELA NORMAL SUPERIOR DOCTOR AGUSTIN GARZON AGULLA,CORDOBA,CAPITAL,CÓRDOBA,140331800,GRAL.JUAN JOSE VIAMONTE 150 GENERAL PAZ B° GENERAL PAZ
1215,ESC. NORMAL SUPERIOR DR. NICOLAS AVELLANEDA,ESCUELA NORMAL SUPERIOR DOCTOR NICOLAS AVELLANEDA,SAN FRANCISCO,SAN JUSTO,CÓRDOBA,140321400,RIVADAVIA 648 CATEDRAL SAN FRANCISCO
1216,ESC. NORMAL SUPERIOR GRAL. MANUEL BELGRANO,ESCUELA NORMAL SUPERIOR GENERAL MANUEL BELGRANO,MARCOS JUAREZ,MARCOS JUAREZ,CÓRDOBA,140051700,SANTIAGO DEL ESTERO 529 NOROESTE LAGO NOROESTE
2315,ESCUELA NORMAL SUPERIOR JOSE FIGUEROA ALCORTA,ESCUELA NORMAL SUPERIOR JOSE FIGUEROA ALCORTA,BELL VILLE,UNION,CÓRDOBA,140400200,25 DE MAYO 135 CENTRO BELL VILLE
1217,ESC. NORMAL SUPERIOR JOSE MANUEL ESTRADA,ESCUELA NORMAL SUPERIOR JOSE MANUEL ESTRADA,ALMAFUERTE,TERCERO ARRIBA,CÓRDOBA,140305200,URUGUAY 55 CENTRO ALMAFUERTE
1218,ESC. NORMAL SUPERIOR JOSE MANUEL ESTRADA,ESCUELA NORMAL SUPERIOR JOSE MANUEL ESTRADA,ALCIRA,RIO CUARTO,CÓRDOBA,140387300,BV. MORCILLO COOK S/N  BELLA VISTA ALCIRA GIGENA
1219,ESC. NORMAL SUPERIOR JUAN BAUTISTA ALBERDI,ESCUELA NORMAL SUPERIOR JUAN BAUTISTA ALBERDI,DEAN FUNES,ISCHILIN,CÓRDOBA,140291100,ESPAÑA 170 CENTRO DEAN FUNES
1220,ESC. NORMAL SUPERIOR JUSTO JOSE DE URQUIZA,ESCUELA NORMAL SUPERIOR JUSTO JOSE DE URQUIZA,RIO CUARTO,RIO CUARTO,CÓRDOBA,140299600,CONSTITUCION 1040 CENTRO RIO CUARTO
1221,ESC. NORMAL SUPERIOR JUSTO JOSE DE URQUIZA ANEXO EXTENSION AULICA RIO CUARTO,ESCUELA NORMAL SUPERIOR JUSTO JOSE DE URQUIZA ANEXO EXTENSION AULICA RIO CUARTO,RIO CUARTO,RIO CUARTO,CÓRDOBA,140299602,BOLIVAR 335 CENTRO RIO CUARTO
1222,ESC. NORMAL SUPERIOR MAESTROS ARGENTINOS,ESCUELA NORMAL SUPERIOR MAESTROS ARGENTINOS,CORRAL DE BUSTOS,MARCOS JUAREZ,CÓRDOBA,140047500,25 DE MAYO 747  CORRAL DE BUSTOS-IFFLINGER
1207,ESC. NORMAL SUP. MAESTROS ARGENTINOS ANEXO ALEJO LEDESMA,ESCUELA NORMAL SUPERIOR MAESTROS ARGENTINOS ANEXO ALEJO LEDESMA,ALEJO LEDESMA,MARCOS JUAREZ,CÓRDOBA,140047501,HIPOLITO IRIGOYEN 476  ALEJO LEDESMA
1223,ESC. NORMAL SUPERIOR REPUBLICA DEL PERU,ESCUELA NORMAL SUPERIOR REPUBLICA DEL PERU,CRUZ DEL EJE,CRUZ DEL EJE,CÓRDOBA,140320200,SARMIENTO 1155 ESCUELA NORMAL CRUZ DEL EJE
2316,ESCUELA NORMAL SUPERIOR VICTOR MERCANTE,ESCUELA NORMAL SUPERIOR VICTOR MERCANTE,VILLA MARIA,GENERAL SAN MARTIN,CÓRDOBA,140337400,ANTONIO SOBRAL 378 CENTRO VILLA MARIA
2317,ESCUELA NUEVA DE NIÑOS LUZ VIEIRA MENDEZ,ESCUELA NUEVA DE NIÑOS LUZ VIEIRA MENDEZ,CORDOBA,CAPITAL,CÓRDOBA,140434300,OBISPO MOSCOSO Y PERALTA 2772 CERRO DE LAS ROSAS B° CERRO DE LAS ROSAS
2318,ESCUELA NUEVA GARCIA FERRE,ESCUELA NUEVA GARCIA FERRE,VILLA CARLOS PAZ,PUNILLA,CÓRDOBA,140547600,AVENIDA CARCANO 920  VILLA CARLOS PAZ
2319,ESCUELA NUEVA JUAN MANTOVANI,ESCUELA NUEVA JUAN MANTOVANI,CORDOBA,CAPITAL,CÓRDOBA,140330700,AVOGADRO 5725 VILLA BELGRANO B°VILLA BELGRANO
2320,ESCUELA NUEVA JUAN MANTOVANI,ESCUELA NUEVA JUAN MANTOVANI,CORDOBA,CAPITAL,CÓRDOBA,140391100,AV. RECTA MARTINOLLI 8150 ARGUELLO B° ARGUELLO
2321,ESCUELA OBISPO ESQUIU,ESCUELA OBISPO ESQUIU,CORDOBA,CAPITAL,CÓRDOBA,140306800,AV. ARTURO CAPDEVILA KM 9  VILLA ESQUIU
2322,ESCUELA OBISPO OLEGARIO CORREA,ESCUELA OBISPO OLEGARIO CORREA,VILLA TULUMBA,TULUMBA,CÓRDOBA,140408700,REAL   VILLA TULUMBA
2323,ESCUELA OBISPO SALGUERO (C/ALBERGUE),ESCUELA OBISPO SALGUERO (C/ALBERGUE),OLAEN,PUNILLA,CÓRDOBA,140076700,CALLE PUBLICA S/N°   PAMPA DE OLAEN P/LA FALDA
2324,ESCUELA OLEGARIO VICTOR ANDRADE,ESCUELA OLEGARIO VICTOR ANDRADE,CORDOBA,CAPITAL,CÓRDOBA,140232900,RANCAGUA  VILLA RETIRO B° VILLA RETIRO
2325,ESCUELA OLGA COSSETTINI,ESCUELA OLGA COSSETTINI,COLONIA CAROYA,COLON,CÓRDOBA,140565700,PEDRO PATAT S/N°   COLONIA CAROYA
2326,ESCUELA OSVALDO JORGE LEON (ESC.EX DE B° CABILDO),ESCUELA OSVALDO JORGE LEON (ESCUELAEX DE B CABILDO),CORDOBA,CAPITAL,CÓRDOBA,140474500,COLORADO ESQ.CAJAMARCA  SANTA ISABEL 2DA. SECCION B° SANTA ISABEL 2DA. SECCION
2327,ESCUELA OTILIA FERNANDEZ DE TOVAGLIARI,ESCUELA OTILIA FERNANDEZ DE TOVAGLIARI,JOVITA,GENERAL ROCA,CÓRDOBA,140402200,GUEMES 220 ESTE JOVITA
2328,ESCUELA PABLO A. PIZZURNO,ESCUELA PABLO A PIZZURNO,CRUZ DEL EJE,CRUZ DEL EJE,CÓRDOBA,140288100,SOLDADO ROMERO 1139 PRESIDENTE PERON CRUZ DEL EJE (CERCA DEL CLUB CENTRAL NORTE)
2329,ESCUELA PABLO A. PIZZURNO,ESCUELA PABLO A PIZZURNO,SAN ANTONIO DE LITIN,UNION,CÓRDOBA,140313100,MAESTRO FERNANDEZ 538  SAN ANTONIO DE LITIN
2330,ESCUELA PABLO PIZZURNO,ESCUELA PABLO PIZZURNO,VILLA PARQUE SANTA ANA,SANTA MARIA,CÓRDOBA,140015000,CALLE 7 ESQUINA 4   SOBRE RUTA PROVINCIAL Nº 5. CAMINO A ALTA GRACIA
2331,ESCUELA PADRE BARTOLOME DE LAS CASAS,ESCUELA PADRE BARTOLOME DE LAS CASAS,VILLA DE SOTO,CRUZ DEL EJE,CÓRDOBA,140034700,AVENIDA 25 DE MAYO 31 CENTRO VILLA DE SOTO
2332,ESCUELA PADRE CARLOS MUJICA,ESCUELA PADRE CARLOS MUJICA,CORDOBA,CAPITAL,CÓRDOBA,140505800,CALLE PUBLICA  CIUDAD JUAN PABLO II CIUDAD JUAN PABLO II
2333,ESCUELA PADRE DIEGO DE TORRES,ESCUELA PADRE DIEGO DE TORRES,CORDOBA,CAPITAL,CÓRDOBA,140366500,CAMICALTA 1650 ALEM B° ALEM - ESQUINA DIAGONAL ICA
2334,ESCUELA PADRE ELADIO DIEZ (EX S/N DE B° 9 DE JULIO ),ESCUELA PADRE ELADIO DIEZ (EX SIN NOMBRE DE B 9 DE JULIO),LA CALERA,COLON,CÓRDOBA,140481000,ALVEAR ESQ. SARMIENTO  9 DE JULIO LA CALERA
2335,ESCUELA PADRE HUGO SALVATO,ESCUELA PADRE HUGO SALVATO,VILLA MARIA,GENERAL SAN MARTIN,CÓRDOBA,140524600,AV. PERAZZOLO   SAN MARTIN (400 VIVIENDAS) B° SAN MARTIN (400 VIVIENDAS) VILLA MARIA
2336,ESCUELA PADRE TERCILIO GAMBINO,ESCUELA PADRE TERCILIO GAMBINO,CORDOBA,CAPITAL,CÓRDOBA,140343000,JOSE ISEAS 1550 LOS GRANADOS B° LOS GRANADOS
2337,ESCUELA PANAMERICANA,ESCUELA PANAMERICANA,CORDOBA,CAPITAL,CÓRDOBA,140374000,SOTO 919 ACOSTA B° ACOSTA
2338,ESCUELA PASO DE LOS ANDES,ESCUELA PASO DE LOS ANDES,HUINCA RENANCO,GENERAL ROCA,CÓRDOBA,140364200,GARAY 121 VILLA PACIFICO HUINCA RENANCO
2339,ESCUELA PATRICIAS ARGENTINAS,ESCUELA PATRICIAS ARGENTINAS,MARCOS JUAREZ,MARCOS JUAREZ,CÓRDOBA,140070600,LARDIZABAL 1128 CENTRO MARCOS JUAREZ
2340,ESCUELA PATRICIAS ARGENTINAS,ESCUELA PATRICIAS ARGENTINAS,NO FIGURA EN TABLA,GENERAL SAN MARTIN,CÓRDOBA,140074800,CALLE PUBLICA S/N   CAMPO LA RANCHERA P/COLONIA CHAZON
2341,ESCUELA PATRICIAS ARGENTINAS,ESCUELA PATRICIAS ARGENTINAS,LAS CHACRAS,COLON,CÓRDOBA,140403800,CALLE PUBLICA S/N    LAS CHACRAS P/ COLONIA TIROLESA-RUTA 74 KM 14
2342,ESCUELA PATRICIAS MENDOCINAS,ESCUELA PATRICIAS MENDOCINAS,CORDOBA,CAPITAL,CÓRDOBA,140225800,CARMELO IBARRA  VILLA EL LIBERTADOR B° VILLA EL LIBERTADOR
2343,ESCUELA PAULA ALBARRACIN,ESCUELA PAULA ALBARRACIN,ALDEA SANTA MARIA,UNION,CÓRDOBA,140272700,AV. LOS FRESNOS 290  ALDEA SANTA MARIA
2344,ESCUELA PAULA ALBARRACIN DE SARMIENTO,ESCUELA PAULA ALBARRACIN DE SARMIENTO,VILLA ALPINA,CALAMUCHITA,CÓRDOBA,140005900,CALLE PUBLICA   VILLA ALPINA
2345,ESCUELA PAULA ALBARRACIN DE SARMIENTO,ESCUELA PAULA ALBARRACIN DE SARMIENTO,CORDOBA,CAPITAL,CÓRDOBA,140234600,AV. PABLO NERUDA ESQ. ACAMPES  VILLA AZALAIS OESTE B° VILLA AZALAIS OESTE (JUAN B.JUSTO AL 4700)
2346,ESCUELA PAULA ALBARRACIN DE SARMIENTO,ESCUELA PAULA ALBARRACIN DE SARMIENTO,CHARBONIER,PUNILLA,CÓRDOBA,140263900,CALLE PUBLICA   RUTA NACIONAL N° 38-CHARBONIER
2347,ESCUELA PAULA ALBARRACIN DE SARMIENTO,ESCUELA PAULA ALBARRACIN DE SARMIENTO,VILLA DEL TRANSITO,SAN JUSTO,CÓRDOBA,140325400,PAULA A. DE SARMIENTO   VILLA DEL TRANSITO P/TRANSITO
2348,ESCUELA PAULA ALBARRACIN DE SARMIENTO,ESCUELA PAULA ALBARRACIN DE SARMIENTO,IDIAZABAL,UNION,CÓRDOBA,140354300,9 DE JULIO 551 CENTRO IDIAZABAL
2349,ESCUELA PAULINO FRANCES (B° CIUDAD BONITA),ESCUELA PAULINO FRANCES (B CIUDAD BONITA),CORDOBA,CAPITAL,CÓRDOBA,140510900,JUAN RAMON ROJAS S/N  AMPLIACION FERREYRA B° AMPLIACION FERREYRA (CIUDAD BONITA)
2351,ESCUELA PEDRO BONIFACIO PALACIOS,ESCUELA PEDRO BONIFACIO PALACIOS,LOS REARTES,CALAMUCHITA,CÓRDOBA,140005700,MANUEL BELGRANO  CENTRO LOS REARTES
2352,ESCUELA PEDRO BONIFACIO PALACIOS,ESCUELA PEDRO BONIFACIO PALACIOS,ROSALES,PRESIDENTE ROQUE SAENZ PEÑA,CÓRDOBA,140142700,CORRIENTES   ROSALES
2353,ESCUELA PEDRO DE MENDOZA,ESCUELA PEDRO DE MENDOZA,COLONIA LA ARGENTINA,RIO CUARTO,CÓRDOBA,140176800,CALLE PUBLICA   CNIA.LA ARGENTINA SUR P/VICUÑA MACKENNA
2354,ESCUELA PEDRO GOYENA,ESCUELA PEDRO GOYENA,CORDOBA,CAPITAL,CÓRDOBA,140331000,PASAJE ERNESTO GUASTONI 3472 BRIGADIER SAN MARTIN B° BRIGADIER SAN MARTIN
2355,ESCUELA PEDRO N. ARIAS,ESCUELA PEDRO N ARIAS,DEAN FUNES,ISCHILIN,CÓRDOBA,140288700,CORDOBA 87 CENTRO DEAN FUNES
2356,ESCUELA PEDRO N. ARIAS,ESCUELA PEDRO N ARIAS,LOS MISTOLES,TOTORAL,CÓRDOBA,140380800,CALLE PUBLICA S/N    LOS MISTOLES
2357,ESCUELA PERIODISTA REMIGIO LUPO,ESCUELA PERIODISTA REMIGIO LUPO,SAMPACHO,RIO CUARTO,CÓRDOBA,140279500,LAVALLE 370 CENTRO SAMPACHO
2358,ESCUELA PERITO FRANCISCO MORENO,ESCUELA PERITO FRANCISCO MORENO,ALCIRA,RIO CUARTO,CÓRDOBA,140388000,DEAN FUNES Y HEROES ANONIMOS  VILLA CRISTINA ALCIRA
2359,ESCUELA POLICIA FEDERAL ARGENTINA,ESCUELA POLICIA FEDERAL ARGENTINA,MINA CLAVERO,SAN ALBERTO,CÓRDOBA,140144000,LA CALERA ESQ. LOS CEIBOS  SANTA ANA MINA CLAVERO
2360,ESCUELA POLO GODOY ROJO DE Bº CIUDAD DE LOS NIÑOS,ESCUELA POLO GODOY ROJO DE B CIUDAD DE LOS NIÑOS,JUAREZ CELMAN,COLON,CÓRDOBA,140501900,CALLE PUBLICA S/N (MANZANA 42 LOTE 5)  CIUDAD DE LOS NIÑOS JUAREZ CELMAN
2361,ESCUELA PONCIANO VIVANCO,ESCUELA PONCIANO VIVANCO,BELL VILLE,UNION,CÓRDOBA,140033000,AMEGHINO 155 CENTRO BELL VILLE
2362,ESCUELA PRESBITERO ANTONIO SAENZ,ESCUELA PRESBITERO ANTONIO SAENZ,LOS CALLEJONES,SAN ALBERTO,CÓRDOBA,140257100,CALLE PUBLICA   LOS CALLEJONES
2350,ESCUELA PBRO. JOSE GABRIEL BROCHERO,ESCUELA PRESBITERO JOSE GABRIEL BROCHERO,SANTA ROSA DE RIO PRIMERO,RIO PRIMERO,CÓRDOBA,140009200,9 DE JULIO 455 CENTRO SANTA ROSA DE RIO PRIMERO
2363,ESCUELA PRESIDENTE BARTOLOME MITRE,ESCUELA PRESIDENTE BARTOLOME MITRE,RIO TERCERO,TERCERO ARRIBA,CÓRDOBA,140328700,JUAN DIAZ DE SOLIS 1085 HEROES DE MALVINAS RIO TERCERO - FRENTE A LA PLAZA
2402,ESCUELA PTE. DR. ARTURO UMBERTO ILLIA,ESCUELA PRESIDENTE DOCTOR ARTURO UMBERTO ILLIA,NUÑEZ DEL PRADO,COLON,CÓRDOBA,140082300,CALLE PUBLICA S/N    NUÑEZ DEL PRADO P/COLONIA TIROLESA
2403,ESCUELA PTE. DR. ARTURO UMBERTO ILLIA,ESCUELA PRESIDENTE DOCTOR ARTURO UMBERTO ILLIA,CORDOBA,CAPITAL,CÓRDOBA,140327000,TOTORAL S/N°  RESIDENCIAL SANTA ROSA B° RESIDENCIAL SANTA ROSA
2404,ESCUELA PTE. HIPOLITO YRIGOYEN,ESCUELA PRESIDENTE HIPOLITO YRIGOYEN,SAN FRANCISCO,SAN JUSTO,CÓRDOBA,140092400,JUJUY 205 ITURRASPE SAN FRANCISCO
2405,ESCUELA PTE. JOHN F. KENNEDY,ESCUELA PRESIDENTE JOHN F KENNEDY,LAS PEÑAS,TOTORAL,CÓRDOBA,140189200,COMISARIO LIDORO CENTURION 324  LAS PEÑAS
2406,ESCUELA PTE. JULIO A. ROCA,ESCUELA PRESIDENTE JULIO A ROCA,CARRILOBO,RIO SEGUNDO,CÓRDOBA,140246700,MARIANO MORENO 815  CARRILOBO
2364,ESCUELA PRESIDENTE KENNEDY,ESCUELA PRESIDENTE KENNEDY,CORDOBA,CAPITAL,CÓRDOBA,140078700,JULIAN PAZ 1851 VILLA CABRERA B° VILLA CABRERA
2365,ESCUELA PRESIDENTE RIVADAVIA,ESCUELA PRESIDENTE RIVADAVIA,CORDOBA,CAPITAL,CÓRDOBA,140335300,AGUSTIN GARZON 1563 SAN VICENTE B° SAN VICENTE
2366,ESCUELA PRESIDENTE ROQUE SAENZ PEÑA,ESCUELA PRESIDENTE ROQUE SAENZ PEÑA,EL ALCALDE,RIO PRIMERO,CÓRDOBA,140183700,CALLE PUBLICA S/N   EL ALCALDE P/SANTA ROSA DE RIO I°
2367,ESCUELA PRESIDENTE ROQUE SAENZ PEÑA,ESCUELA PRESIDENTE ROQUE SAENZ PEÑA,CORDOBA,CAPITAL,CÓRDOBA,140265500,AV. VELEZ SARSFIELD 1002 GUEMES B° GUEMES
2407,ESCUELA PTE. ROQUE SAENZ PEÑA,ESCUELA PRESIDENTE ROQUE SAENZ PEÑA,LABOULAYE,PRESIDENTE ROQUE SAENZ PEÑA,CÓRDOBA,140201400,AVENIDA QUINTANA 126 BELGRANO LABOULAYE
2408,ESCUELA PTE. ROQUE SAENZ PEÑA,ESCUELA PRESIDENTE ROQUE SAENZ PEÑA,SAN MARCOS SIERRA,CRUZ DEL EJE,CÓRDOBA,140256000,LIBERTAD 1043 CENTRO SAN MARCOS SIERRA
2368,ESCUELA PRESIDENTE SARMIENTO,ESCUELA PRESIDENTE SARMIENTO,CORDOBA,CAPITAL,CÓRDOBA,140245800,ROQUE S. PEÑA 1211 COFICO
2369,ESCUELA PRESIDENTE SARMIENTO,ESCUELA PRESIDENTE SARMIENTO,VILLA CARLOS PAZ,PUNILLA,CÓRDOBA,140287200,LOS GIGANTES  M. MUÑOZ B VILLA CARLOS PAZ
2370,ESCUELA PRESIDENTE YRIGOYEN,ESCUELA PRESIDENTE YRIGOYEN,CORDOBA,CAPITAL,CÓRDOBA,140103100,AV.CASTRO BARROS 802 SAN MARTIN B° SAN MARTIN-Hospital Pediátrico
2371,ESCUELA PRESIDENTE YRIGOYEN,ESCUELA PRESIDENTE YRIGOYEN,ALTA GRACIA,SANTA MARIA,CÓRDOBA,140244900,RIVADAVIA 49 GENERAL BUSTOS ALTA GRACIA
2372,ESCUELA PRIMARIA DE APLICACION I.E.S.,ESCUELA PRIMARIA DE APLICACION IES,VILLA CARLOS PAZ,PUNILLA,CÓRDOBA,140239700,SOLIS 283 VILLA DOMINGUEZ VILLA CARLOS PAZ
2373,ESCUELA PRIMER GOBIERNO PATRIO,ESCUELA PRIMER GOBIERNO PATRIO,RIO SEGUNDO,RIO SEGUNDO,CÓRDOBA,140020400,RIVADAVIA 915 CENTRO RIO SEGUNDO
2374,ESCUELA PRIMER TENIENTE AVILA,ESCUELA PRIMER TENIENTE AVILA,CORDOBA,CAPITAL,CÓRDOBA,140137000,QUINCHAN 1070 PARQUE REPUBLICA
2375,ESCUELA PRIMER TENIENTE MORANDINI,ESCUELA PRIMER TENIENTE MORANDINI,JESUS MARIA,COLON,CÓRDOBA,140344100,CHILE 222 SAN JOSE OBRERO JESUS MARIA
2376,ESCUELA PRIMERA JUNTA,ESCUELA PRIMERA JUNTA,SAN FRANCISCO,SAN JUSTO,CÓRDOBA,140092600,ENTRE RIOS 2505 GENERAL ROCA SAN FRANCISCO
2377,ESCUELA PRIMERA JUNTA,ESCUELA PRIMERA JUNTA,ENCRUCIJADAS,RIO SECO,CÓRDOBA,140124200,CALLE PUBLICA S/N    ENCRUCIJADA
2378,ESCUELA PRIMERA JUNTA,ESCUELA PRIMERA JUNTA,CORDOBA,CAPITAL,CÓRDOBA,140129300,CLAUDIO DE ARREDONDO 4446 VILLA CENTENARIO B° VILLA CENTENARIO(Altura Av. Rafael NuÑEZ 4400/4500)
2379,ESCUELA PRIMERA JUNTA,ESCUELA PRIMERA JUNTA,COLONIA SAN BARTOLOME,SAN JUSTO,CÓRDOBA,140149700,9 DE JULIO 576  COLONIA SAN BARTOLOME
2380,ESCUELA PRIMERA JUNTA,ESCUELA PRIMERA JUNTA,VILLA RUMIPAL,CALAMUCHITA,CÓRDOBA,140246200,AMADEO SABATTINI 143 CENTRO VILLA RUMIPAL
2381,ESCUELA PRIMERA JUNTA,ESCUELA PRIMERA JUNTA,CAÑADA LARGA,SAN ALBERTO,CÓRDOBA,140258200,CALLE PUBLICA   CA?DA LARGA
2382,ESCUELA PRIMERO DE MAYO,ESCUELA PRIMERO DE MAYO,VILLA MARIA,GENERAL SAN MARTIN,CÓRDOBA,140392500,THOMAS EDISON 275 CENTRO VILLA MARIA
2383,ESCUELA PROA - LA CALERA,ESCUELA PROA - LA CALERA,LA CALERA,COLON,CÓRDOBA,140563200,CALLE PUBLICA S/N°  EL CERRITO LA CALERA 
2314,ESCUELA NOGAL HISTORICO,ESCUELA PROA UNQUILLO,SALDAN,COLON,CÓRDOBA,140224500,JOSE ACCASTELLI 252 CENTRO SALDAN
2384,ESCUELA PROF. ATILIO ARGUELLO,ESCUELA PROFESOR ATILIO ARGUELLO,CORDOBA,CAPITAL,CÓRDOBA,140308500,LLANQUELEN 5100 PARQUE REPUBLICA B° PARQUE REPUBLICA
2385,ESCUELA PROFESOR JOSE TORIBIO HERNANDEZ,ESCUELA PROFESOR JOSE TORIBIO HERNANDEZ,CORDOBA,CAPITAL,CÓRDOBA,140002800,COCHABAMBA 3200 PUEYRREDON BARRIO PUEYRREDON
2386,ESCUELA PROFESOR MIGUEL LUCIANI,ESCUELA PROFESOR MIGUEL LUCIANI,CORDOBA,CAPITAL,CÓRDOBA,140407200,AV. 11 DE SETIEMBRE 4451 RAMON J. CARCANO
2387,ESCUELA PROFESOR OSCAR RAUL MALVASIO,ESCUELA PROFESOR OSCAR RAUL MALVASIO,CORDOBA,CAPITAL,CÓRDOBA,140504300,CALLE PUBLICA S/N  CIUDAD OBISPO ANGELELLI B° CIUDAD OBISPO ANGELELLI - CNO. A SAN ANTONIO KM 8
2388,ESCUELA PROVINCIA DE BUENOS AIRES,ESCUELA PROVINCIA DE BUENOS AIRES,QUILINO,ISCHILIN,CÓRDOBA,140282200,MARIANO MORENO 220  QUILINO
2389,ESCUELA PROVINCIA DE CATAMARCA,ESCUELA PROVINCIA DE CATAMARCA,CORDOBA,CAPITAL,CÓRDOBA,140331600,AV. VELEZ SARSFIELD 3582 LAS FLORES B° LAS FLORES
2390,ESCUELA PROVINCIA DE CORDOBA,ESCUELA PROVINCIA DE CORDOBA,CORDOBA,CAPITAL,CÓRDOBA,140045100,LA PAMPA 550 PASO DE LOS ANDES B° PASO DE LOS ANDES
2391,ESCUELA PROVINCIA DE CORRIENTES,ESCUELA PROVINCIA DE CORRIENTES,CORDOBA,CAPITAL,CÓRDOBA,140082200,DOMINGO ZIPOLI 1358 ESCOBAR
2392,ESCUELA PROVINCIA DE ENTRE RIOS,ESCUELA PROVINCIA DE ENTRE RIOS,CORDOBA,CAPITAL,CÓRDOBA,140272000,TRAFALGAR 875 ALTA CORDOBA B° ALTA CORDOBA
2393,ESCUELA PROVINCIA DE FORMOSA,ESCUELA PROVINCIA DE FORMOSA,CORDOBA,CAPITAL,CÓRDOBA,140246000,RODRIGUEZ PEÑA 1548 ALTA CORDOBA B° ALTA CORDOBA
2394,ESCUELA PROVINCIA DE JUJUY,ESCUELA PROVINCIA DE JUJUY,CRUZ DEL EJE,CRUZ DEL EJE,CÓRDOBA,140251300,1 DE MAYO 463 CENTRO CRUZ  DEL EJE
2395,ESCUELA PROVINCIA DE MISIONES,ESCUELA PROVINCIA DE MISIONES,CORDOBA,CAPITAL,CÓRDOBA,140413600,LUIS ANGEL FIRPO 2254 ANA MARIA ZUMARAN B° ANA MARIA ZUMARAN
2396,ESCUELA PROVINCIA DE SAN JUAN,ESCUELA PROVINCIA DE SAN JUAN,SANTA RITA,RIO PRIMERO,CÓRDOBA,140185700,CALLE PUBLICA S/N    COLONIA SANTA RITA
2397,ESCUELA PROVINCIA DE SANTA CRUZ,ESCUELA PROVINCIA DE SANTA CRUZ,RIO CUARTO,RIO CUARTO,CÓRDOBA,140177700,SANTA FE  BANDA NORTE RIO CUARTO
2398,ESCUELA PROVINCIA DEL NEUQUEN,ESCUELA PROVINCIA DEL NEUQUEN,BELL VILLE,UNION,CÓRDOBA,140089300,ORTIZ HERRERA 647 ESTACION BELL VILLE
2399,ESCUELA PROVINCIA LA RIOJA,ESCUELA PROVINCIA LA RIOJA,CORDOBA,CAPITAL,CÓRDOBA,140291700,JUNIN 3480 SAN VICENTE B° SAN VICENTE (CLUB UNION SAN VICENTE) - BAJADA FERREYRA )
2400,ESCUELA PROVINCIA SANTIAGO DEL ESTERO,ESCUELA PROVINCIA SANTIAGO DEL ESTERO,CORDOBA,CAPITAL,CÓRDOBA,140158500,FRANCISCO PABLO DE MAURO 558 VILLA EL LIBERTADOR B° VILLA EL LIBERTADOR
2401,ESCUELA PROVINCIA SANTIAGO DEL ESTERO,ESCUELA PROVINCIA SANTIAGO DEL ESTERO,ISLA VERDE,MARCOS JUAREZ,CÓRDOBA,140404500,SARMIENTO 600 CENTRO ISLA VERDE
2409,ESCUELA RABINDRANATH TAGORE,ESCUELA RABINDRANATH TAGORE,CORDOBA,CAPITAL,CÓRDOBA,140229500,OCARINA 1613 VILLA CLAUDINA B° VILLA CLAUDINA
2410,ESCUELA RAFAEL NUÑEZ,ESCUELA RAFAEL NUÑEZ,EL TROPIEZO,CRUZ DEL EJE,CÓRDOBA,140197000,CALLE PUBLICA   EL TROPIEZO P/RUTA PROV.N°75
2411,ESCUELA RAFAEL NUÑEZ,ESCUELA RAFAEL NUÑEZ,SAN FRANCISCO,SAN JUSTO,CÓRDOBA,140321500,PARAGUAY 1776 CATEDRAL SAN FRANCISCO
2412,ESCUELA RAFAEL OBLIGADO,ESCUELA RAFAEL OBLIGADO,EMBALSE,CALAMUCHITA,CÓRDOBA,140024900,CALLE PUBLICA S/Nº   CAMINO A HOTELES DE U.T.E.
2413,ESCUELA RAFAELA SANCHEZ,ESCUELA RAFAELA SANCHEZ,MANFREDI,RIO SEGUNDO,CÓRDOBA,140018900,ENTRE RIOS 111  MANFREDI - AL LADO OESTE DE FERROCARRIL Y DE RUTA NAC. Nº 9
2414,ESCUELA RAFAELA SANCHEZ DE CALDELARI,ESCUELA RAFAELA SANCHEZ DE CALDELARI,CORDOBA,CAPITAL,CÓRDOBA,140307000,MANUEL ALVAREZ DE LAS CASAS 280 AYACUCHO B° AYACUCHO
2415,ESCUELA RAMON JOSE CARCANO,ESCUELA RAMON JOSE CARCANO,CAÑADA DE LUQUE,TOTORAL,CÓRDOBA,140283200,CALLE PUBLICA S/Nº   CAÑADA DE LUQUE
2416,ESCUELA RAMON LORENZO FALCON (C/ALBERGUE),ESCUELA RAMON LORENZO FALCON (C/ALBERGUE),CINTRA,UNION,CÓRDOBA,140313200,VELEZ SARSFIELD 615  CINTRA
2417,ESCUELA RAUL ANGEL FERREYRA,ESCUELA RAUL ANGEL FERREYRA,CORDOBA,CAPITAL,CÓRDOBA,140332000,CALLE PUBLICA S/N°  S.E.P. B° S.E.P.(FRENTE A LA GLORIETA DEL SEP)
2418,ESCUELA RDO. PADRE GASTON VERGONJEANNE,ESCUELA RDO PADRE GASTON VERGONJEANNE,VILLA ALLENDE,COLON,CÓRDOBA,140197900,LEANDRO N. ALEM 111 VILLA ALLENDE PARQUE VILLA ALLENDE
2419,ESCUELA RECONQUISTA,ESCUELA RECONQUISTA,ALTOS DE CHIPION,SAN JUSTO,CÓRDOBA,140339600,SARMIENTO 543  ALTOS DE CHIPION
2420,ESCUELA RECONQUISTA,ESCUELA RECONQUISTA,VILLA DEL ROSARIO,RIO SEGUNDO,CÓRDOBA,140396100,CORDOBA 851  VILLA DEL ROSARIO
2421,ESCUELA REMEDIOS DE ESCALADA (EX NAC Nº 3),ESCUELA REMEDIOS DE ESCALADA (EX NACIONAL 3),TIO PUJIO,GENERAL SAN MARTIN,CÓRDOBA,140277800,25 DE MAYO 84 NORTE TIO PUJIO
2422,ESCUELA REMEDIOS E. DE SAN MARTIN,ESCUELA REMEDIOS E DE SAN MARTIN,ARIAS,MARCOS JUAREZ,CÓRDOBA,140382400,AV. espa? 779 BELGRANO ARIAS
2423,ESCUELA REMEDIOS ESCALADA DE SAN MARTIN,ESCUELA REMEDIOS ESCALADA DE SAN MARTIN,SUCO,RIO CUARTO,CÓRDOBA,140060700,LIBERTAD S/Nº   COLONIA SUCO
2424,ESCUELA REMEDIOS ESCALADA DE SAN MARTIN,ESCUELA REMEDIOS ESCALADA DE SAN MARTIN,MALENA,RIO CUARTO,CÓRDOBA,140060900,REMEDIOS ESCALADA DE SAN MARTIN S/N   MALENA
2425,ESCUELA REMEDIOS ESCALADA DE SAN MARTIN,ESCUELA REMEDIOS ESCALADA DE SAN MARTIN,COLONIA EL MILAGRO OESTE,SAN JUSTO,CÓRDOBA,140097200,CALLE PUBLICA S/N    COLONIA EL MILAGRO OESTE P/DEVOTO
2426,ESCUELA REMEDIOS ESCALADA DE SAN MARTIN,ESCUELA REMEDIOS ESCALADA DE SAN MARTIN,PEDRO E. VIVAS,RIO PRIMERO,CÓRDOBA,140130900,MARTIN MIGUEL DE GUEMES  SUR PEDRO E. VIVAS
2427,ESCUELA REMEDIOS ESCALADA DE SAN MARTIN,ESCUELA REMEDIOS ESCALADA DE SAN MARTIN,RIO TERCERO,TERCERO ARRIBA,CÓRDOBA,140161100,25 DE FEBRERO 171 VILLA ZOILA RIO TERCERO
2428,ESCUELA REMEDIOS ESCALADA DE SAN MARTIN,ESCUELA REMEDIOS ESCALADA DE SAN MARTIN,CORRAL DE BUSTOS,MARCOS JUAREZ,CÓRDOBA,140266400,ENTRE RIOS 313 CENTRO CORRAL DE BUSTOS
2429,ESCUELA REMEDIOS ESCALADA DE SAN MARTIN,ESCUELA REMEDIOS ESCALADA DE SAN MARTIN,CORDOBA,CAPITAL,CÓRDOBA,140269000,ESPORA 2283 ROSEDAL
2430,ESCUELA REMEDIOS ESCALADA DE SAN MARTIN,ESCUELA REMEDIOS ESCALADA DE SAN MARTIN,NOETINGER,UNION,CÓRDOBA,140313700,SARMIENTO 152 CENTRO NOETINGER
2431,ESCUELA REMEDIOS ESCALADAS DE SAN MARTIN,ESCUELA REMEDIOS ESCALADAS DE SAN MARTIN,ALMAFUERTE,TERCERO ARRIBA,CÓRDOBA,140305700,CASTELLI 590 MARIANO MORENO ALMAFUERTE
2432,ESCUELA REPUBLICA ARGENTINA,ESCUELA REPUBLICA ARGENTINA,CORDOBA,CAPITAL,CÓRDOBA,140048700,AV RUFINO VARELA ORTIZ 2112 AMEGHINO SUR B° AMEGHINO SUR
2433,ESCUELA REPUBLICA DE BOLIVIA,ESCUELA REPUBLICA DE BOLIVIA,VILLA NUEVA,GENERAL SAN MARTIN,CÓRDOBA,140338200,DEAN FUNES 1250 CENTRO VILLA NUEVA
2434,ESCUELA REPUBLICA DE CHILE,ESCUELA REPUBLICA DE CHILE,LA ARCADIA,SANTA MARIA,CÓRDOBA,140105800,"CALLE PUBLICA S/N    LA ARCADIA - CAMINO A LA CARBONADA, ZONA RURAL DE TOLEDO"
2435,ESCUELA REPUBLICA DE COSTA RICA,ESCUELA REPUBLICA DE COSTA RICA,CORDOBA,CAPITAL,CÓRDOBA,140406500,CERRO AZUL S/N°  25 DE MAYO B° 25 DE MAYO ( RUTA 9 SUR KM 8 1/2)
2436,ESCUELA REPUBLICA DE ITALIA,ESCUELA REPUBLICA DE ITALIA,COLONIA CAROYA,COLON,CÓRDOBA,140356800,CALLE 40 ESQ. JOSE ROMANUTTI   COLONIA CAROYA
2437,ESCUELA REPUBLICA DE LA INDIA,ESCUELA REPUBLICA DE LA INDIA,CORDOBA,CAPITAL,CÓRDOBA,140229600,AVENIDA LAS MALVINAS 5500 LA DOROTEA B° LA DOROTEA (CNO. A MONTECRISTO KM.5)
2438,ESCUELA REPUBLICA DE MEXICO,ESCUELA REPUBLICA DE MEXICO,CORDOBA,CAPITAL,CÓRDOBA,140095800,RIO NEGRO 486 CASEROS
2439,ESCUELA REPUBLICA DE PANAMA,ESCUELA REPUBLICA DE PANAMA,CORDOBA,CAPITAL,CÓRDOBA,140241500,MARIANO MANSILLA 1025 COLINAS DEL CERRO
2440,ESCUELA REPUBLICA DE SIRIA,ESCUELA REPUBLICA DE SIRIA,CORDOBA,CAPITAL,CÓRDOBA,140193100,TRAFUL 908 PARQUE ATLANTICA
2441,ESCUELA REPUBLICA DE VENEZUELA,ESCUELA REPUBLICA DE VENEZUELA,CORDOBA,CAPITAL,CÓRDOBA,140308300,BOYERO 517 CHATEAU CARRERAS
2442,ESCUELA REPUBLICA DEL ECUADOR,ESCUELA REPUBLICA DEL ECUADOR,CORDOBA,CAPITAL,CÓRDOBA,140491700,PEDRO HURTADO S/N  RESIDENCIAL SAN ROQUE
2443,ESCUELA REPUBLICA DEL LIBANO,ESCUELA REPUBLICA DEL LIBANO,CORDOBA,CAPITAL,CÓRDOBA,140305100,ALVAREZ IGARZABAL 1250 URCA B° URCA
2444,ESCUELA REPUBLICA DEL PARAGUAY,ESCUELA REPUBLICA DEL PARAGUAY,VILLA MARIA,GENERAL SAN MARTIN,CÓRDOBA,140159000,CHILE 565 CENTRO NORTE VILLA MARIA
2445,ESCUELA REPUBLICA DEL PARAGUAY,ESCUELA REPUBLICA DEL PARAGUAY,MARULL,SAN JUSTO,CÓRDOBA,140381200,25 DE MAYO 299  MARULL
2446,ESCUELA REPUBLICA DEL PERU,ESCUELA REPUBLICA DEL PERU,CORDOBA,CAPITAL,CÓRDOBA,140343800,GOMEZ CARRILLO 2450 LOS NARANJOS
2447,ESCUELA REPUBLICA DEL URUGUAY,ESCUELA REPUBLICA DEL URUGUAY,RIO CUARTO,RIO CUARTO,CÓRDOBA,140153500,SAN LUIS 342 BANDA NORTE RIO CUARTO
2448,ESCUELA REPUBLICA ITALIANA,ESCUELA REPUBLICA ITALIANA,ALTA GRACIA,SANTA MARIA,CÓRDOBA,140296600,MAESTRO JESUS GUTIERREZ 127 LALAHENES ALTA GRACIA
2449,ESCUELA REYES CATOLICOS,ESCUELA REYES CATOLICOS,PAMPAYASTA SUR,TERCERO ARRIBA,CÓRDOBA,140145300,RIVADAVIA 198  PAMPAYASTA SUR
2450,ESCUELA RICARDO BERNABE FERNANDEZ,ESCUELA RICARDO BERNABE FERNANDEZ,VILLA CARLOS PAZ,PUNILLA,CÓRDOBA,140070500,LAS MARGARITAS 255 VILLA INDEPENDENCIA VILLA CARLOS PAZ
2451,ESCUELA RICARDO GUIRALDES,ESCUELA RICARDO GUIRALDES,CORDOBA,CAPITAL,CÓRDOBA,140228100,AV. 24 DE SETIEMBRE 2400 YAPEYU B° YAPEYU
2452,ESCUELA RICARDO GUIRALDES,ESCUELA RICARDO GUIRALDES,LOS MOLLES,SAN JAVIER,CÓRDOBA,140405500,CALLE PUBLICA S/N  LOS MOLLES LOS MOLLES
2453,ESCUELA RICARDO GUTIERREZ,ESCUELA RICARDO GUTIERREZ,TRANSITO,SAN JUSTO,CÓRDOBA,140114300,LEOPOLDO LUGONES 88  TRANSITO
2454,ESCUELA RICARDO GUTIERREZ,ESCUELA RICARDO GUTIERREZ,OBISPO TREJO,RIO PRIMERO,CÓRDOBA,140275900,GENERAL PAZ 788  OBISPO TREJO
2455,ESCUELA RICARDO GUTIERREZ,ESCUELA RICARDO GUTIERREZ,ELENA,RIO CUARTO,CÓRDOBA,140309200,ALBERDI 377  ELENA
2456,ESCUELA RICARDO GUTIERREZ,ESCUELA RICARDO GUTIERREZ,CAMPO MARTINELLI,RIO CUARTO,CÓRDOBA,140384800,CALLE PUBLICA S/N°   CAMPO MARTINELLI P/BERROTARAN
2457,ESCUELA RICARDO NASSIF,ESCUELA RICARDO NASSIF,CORDOBA,CAPITAL,CÓRDOBA,140017200,MARTIN FERMIN S/N°  2 DE SEPTIEMBRE B° 2 DE SEPTIEMBRE
2458,ESCUELA RICARDO PALMA,ESCUELA RICARDO PALMA,CORDOBA,CAPITAL,CÓRDOBA,140392900,D'ALEMBERT S/N°  VILLA BELGRANO B° VILLA BELGRANO
2459,ESCUELA RICARDO ROJAS,ESCUELA RICARDO ROJAS,SAN JOSE,CALAMUCHITA,CÓRDOBA,140182400,CALLE PUBLICA   SAN JOSE
2460,ESCUELA RICARDO ROJAS,ESCUELA RICARDO ROJAS,CORDOBA,CAPITAL,CÓRDOBA,140228700,AV. ALFONSINA STORNI 820 PARQUE LICEO 2DA. SECCION B° PARQUE LICEO 2DA. SECCION
2461,ESCUELA RIO NEGRO,ESCUELA RIO NEGRO,SAN FRANCISCO,SAN JUSTO,CÓRDOBA,140110300,CASEROS 518 LA CONSOLATA SAN FRANCISCO
2462,ESCUELA RIVERA INDARTE,ESCUELA RIVERA INDARTE,CALCHIN,RIO SEGUNDO,CÓRDOBA,140326000,SANTA TERESA 278 25 DE MAYO ESTACION CALCHIN
2463,ESCUELA RODOLFO SENET,ESCUELA RODOLFO SENET,ESQUINA DEL ALAMBRE,ISCHILIN,CÓRDOBA,140063100,RUTA PROVINCIAL  ESQUINA DEL ALAMBRE ESQUINA DEL ALAMBRE P/RUTA PROV.N 15
2464,ESCUELA ROMA,ESCUELA ROMA,CORDOBA,CAPITAL,CÓRDOBA,140095600,ECHEVERRIA 370 ALTO ALBERDI B° ALTO ALBERDI
2465,ESCUELA ROQUE SAENZ PEÑA,ESCUELA ROQUE SAENZ PEÑA,GENERAL ROCA,MARCOS JUAREZ,CÓRDOBA,140204800,SANTA ROSA 479 NORTE GENERAL ROCA
2466,ESCUELA ROQUE SAENZ PEÑA,ESCUELA ROQUE SAENZ PEÑA,VILLA AMANCAY,CALAMUCHITA,CÓRDOBA,140328000,CALLE N°6 S/N   VILLA AMANCAY
2467,ESCUELA ROSARIO VERA PEÑALOZA,ESCUELA ROSARIO VERA PEÑALOZA,VILLA ALLENDE,COLON,CÓRDOBA,140199100,JUAREZ CELMAN 848 INDUSTRIAL VILLA ALLENDE
2468,ESCUELA ROSARIO VERA PEÑALOZA,ESCUELA ROSARIO VERA PEÑALOZA,BENJAMIN GOULD,UNION,CÓRDOBA,140412000,AV. FUERZA AEREA ARGENTINA 278 CENTRO BENJAMIN GOULD
2469,ESCUELA RUBEN DARIO,ESCUELA RUBEN DARIO,CORDOBA,CAPITAL,CÓRDOBA,140398600,LA CORUÑA 1416 CRISOL SUR
2475,ESCUELA SAN ISIDRO LABRADOR,ESCUELA SAN ISIDRO LABRADOR,CAMPO LA AGUADA,RIO CUARTO,CÓRDOBA,140181600,CALLE PUBLICA S/N°   CAMPO LA AGUADA P/LAS ALBAHACAS
2476,ESCUELA SAN JOSE DE CALASANZ,ESCUELA SAN JOSE DE CALASANZ,LA TORDILLA O COLONIA LA TORDILLA,SAN JUSTO,CÓRDOBA,140324800,CALLE PUBLICA   TORDILLA CENTRO P/LA TORDILLA
2477,ESCUELA SAN JOSE DE CALASANZ,ESCUELA SAN JOSE DE CALASANZ,CARNERILLO,JUAREZ CELMAN,CÓRDOBA,140383800,PASTORA V. DE AGUIRRE 13  CARNERILLO
2478,ESCUELA SAN JOSE DE CALAZANZ,ESCUELA SAN JOSE DE CALAZANZ,CORDOBA,CAPITAL,CÓRDOBA,140286100,Soldado Pizarro. CALLE 15  INAUDI
2479,ESCUELA SAN LUIS,ESCUELA SAN LUIS,MATTALDI,GENERAL ROCA,CÓRDOBA,140401300,TUCUMAN 225  MATTALDI
2480,ESCUELA SAN MARTIN,ESCUELA SAN MARTIN,ALTA GRACIA,SANTA MARIA,CÓRDOBA,140002900,URUGUAY 200 NORTE ALTA GRACIA
2481,ESCUELA SAN MARTIN,ESCUELA SAN MARTIN,SAMPACHO,RIO CUARTO,CÓRDOBA,140060300,DEAN FUNES 624 CENTRO SAMPACHO
2482,ESCUELA SAN MARTIN,ESCUELA SAN MARTIN,CRUZ ALTA,MARCOS JUAREZ,CÓRDOBA,140444600,J. F. KONEKAMP 611  CRUZ ALTA
2483,ESCUELA SAN ROQUE,ESCUELA SAN ROQUE,RIO SEGUNDO,RIO SEGUNDO,CÓRDOBA,140020100,SANTA CRUZ 253 SAN ROQUE RIO SEGUNDO
2484,ESCUELA SANTIAGO DE LAS CARRERAS,ESCUELA SANTIAGO DE LAS CARRERAS,CORDOBA,CAPITAL,CÓRDOBA,140127200,AV. 24 DE SETIEMBRE 1088 GENERAL PAZ B° GENERAL PAZ
2485,ESCUELA SANTIAGO DE LINIERS,ESCUELA SANTIAGO DE LINIERS,ALTA GRACIA,SANTA MARIA,CÓRDOBA,140266900,ESMERALDA  LINIERS ALTA GRACIA
2486,ESCUELA SANTIAGO DERQUI,ESCUELA SANTIAGO DERQUI,CORDOBA,CAPITAL,CÓRDOBA,140333300,SANTA ROSA 340 CENTRO B° CENTRO
2487,ESCUELA SARGENTO CABRAL,ESCUELA SARGENTO CABRAL,CORDOBA,CAPITAL,CÓRDOBA,140007400,PEDRO DE LEDESMA 1755 PARQUE MONTECRISTO B° PARQUE MONTECRISTO (A DOS CUADRAS DE LA CANCHA DE RACING CLUB)
2488,ESCUELA SARGENTO CABRAL,ESCUELA SARGENTO CABRAL,LA PUERTA,COLON,CÓRDOBA,140297600,CALLE PUBLICA   LA PUERTA P/RUTA PROV.74A
2489,ESCUELA SARGENTO CABRAL,ESCUELA SARGENTO CABRAL,ARIAS,MARCOS JUAREZ,CÓRDOBA,140399300,INTENDENTE MELQUIOT 922 GUINDADO ARIAS
2490,ESCUELA SATURNINA RODRIGUEZ DE ZAVALIA,ESCUELA SATURNINA RODRIGUEZ DE ZAVALIA,SANTA CATALINA,RIO CUARTO,CÓRDOBA,140371900,INGENIERO CARULLA  MILITAR SANTA CATALINA- P/HOLMBERG
2491,ESCUELA SECUNDARIA JEAN PIAGET,ESCUELA SECUNDARIA JEAN PIAGET,CORDOBA,CAPITAL,CÓRDOBA,140475500,FRANCISCO DE TOLEDO 2175 AYACUCHO B° AYACUCHO (AV.J.B.JUSTO AL 4000)
2492,ESCUELA SEMANA DE MAYO,ESCUELA SEMANA DE MAYO,COLAZO,RIO SEGUNDO,CÓRDOBA,140371400,ADALGISA 427  COLAZO
2493,ESCUELA SENADOR NICOLAS PEDERNERA,ESCUELA SENADOR NICOLAS PEDERNERA,CRUZ DEL EJE,CRUZ DEL EJE,CÓRDOBA,140030700,JUAN DE GARAY  FATIMA CRUZ DEL EJE
2494,ESCUELA SEÑORITA AMANDA SUAREZ CORDOBA,ESCUELA SEÑORITA AMANDA SUAREZ CORDOBA,DEAN FUNES,ISCHILIN,CÓRDOBA,140038900,SANTA ROSA  MOREYRA ROSS DEAN FUNES
2495,ESCUELA SILVANO LOZA,ESCUELA SILVANO LOZA,VILLA GIARDINO,PUNILLA,CÓRDOBA,140073000,CALLE PUBLICA S/Nº  LA PUNILLA CAMINO DE LOS ARTESANOS - VILLA GIARDINO
2496,ESCUELA SIMON BOLIVAR,ESCUELA SIMON BOLIVAR,CORDOBA,CAPITAL,CÓRDOBA,140271800,MARIANO FRAGUEIRO 3017 ALTA CORDOBA B° ALTA CORDOBA (FRENTE HOSPITAL INFANTIL)
2470,ESCUELA S/N DE B° PORTON DE PIEDRA,ESCUELA SIN NOMBRE DE B PORTON DE PIEDRA,SALDAN,COLON,CÓRDOBA,140577600,SAN JERONIMO 650 B° PORTON DE PIEDRA SALDAN
1224,ESC. S/NOMBRE DE B° SOL NACIENTE,ESCUELA SIN NOMBRE DE B SOL NACIENTE,CORDOBA,CAPITAL,CÓRDOBA,140524800,CALLE 3  SOL NACIENTE BARRIO SOL NACIENTE
2471,ESCUELA S/N DE B° VILLA RIVADAVIA(EX. ANEXO DR. ALBERT BRUCE SABIN),ESCUELA SIN NOMBRE DE B VILLA RIVADAVIA (EX ANEXO DOCTOR ALBERT BRUCE SABIN),CORDOBA,CAPITAL,CÓRDOBA,140567700,CAMINO SAN ANTONIO KM 9 1/2  VILLA RIVADAVIA B°VILLA RIVADAVIA - CAMINO SAN ANTONIO KM 9 1/2
2472,ESCUELA S/N DE MI GRANJA,ESCUELA SIN NOMBRE DE MI GRANJA,MI GRANJA,COLON,CÓRDOBA,140581300,JESUS IGLESIAS S/N° (Mz.G LOTE 23)    MI GRANJA (ENTRE MALVINAS ARGENTINAS Y MONTE CRISTO)
2473,ESCUELA S/N DE RIO CEBALLOS,ESCUELA SIN NOMBRE DE RIO CEBALLOS,RIO CEBALLOS,COLON,CÓRDOBA,140578200,DERMIDIO LOZA 252 SAN MARINO RIO CEBALLOS
2474,ESCUELA S/N VILLA CIUDAD PARQUE DE LOS REARTES,ESCUELA SIN NOMBRE VILLA CIUDAD PARQUE DE LOS REARTES,VILLA CIUDAD PARQUE DE LOS REARTES(3° SECCION),CALAMUCHITA,CÓRDOBA,140547000,Av LOS REARTES S/N°   VILLA CIUDAD PARQUE DE LOS REARTES(3° SECCION)
2497,ESCUELA SOLDADO HERMINDO LUNA,ESCUELA SOLDADO HERMINDO LUNA,VILLA DOLORES,SAN JAVIER,CÓRDOBA,140417000,INDEPENDENCIA 790 9 DE JULIO VILLA DOLORES
2498,ESCUELA SUB TTE. RODOLFO H. BERDINA,ESCUELA SUB TENIENTE RODOLFO H BERDINA,CHUCUL,RIO CUARTO,CÓRDOBA,140388100,AV. SAN MARTIN   CHUCUL RUTA N° 158
2499,ESCUELA SUBOF. PPAL. RAMON GUMERCINDO ACOSTA,ESCUELA SUBOFICIAL PRINCIPAL RAMON GUMERCINDO ACOSTA,COLONIA CAROYA,COLON,CÓRDOBA,140310800,CALLE PUBLICA  ESTACION CAROYA RUTA NACIONAL N° 9 KM 748 - ESTACION CAROYA
2502,ESCUELA SUPERIOR DE ARTES APLICADAS LINO ENEA SPILIMBERGO,ESCUELA SUPERIOR DE ARTES APLICADAS LINO ENEA SPILIMBERGO,CORDOBA,CAPITAL,CÓRDOBA,140268400,AV. PABLO RICHIERI 2200 ROGELIO MARTINEZ B° ROGELIO MARTINEZ-CIUDAD DE LAS ARTES
2503,ESCUELA SUPERIOR DE ARTES VISUALES LUZ VIEYRA MENDEZ,ESCUELA SUPERIOR DE ARTES VISUALES LUZ VIEYRA MENDEZ,LABOULAYE,PRESIDENTE ROQUE SAENZ PEÑA,CÓRDOBA,140299000,COLON 46 CENTRO LABOULAYE
2504,ESCUELA SUPERIOR DE BELLAS ARTES DR. JOSE FIGUEROA ALCORTA,ESCUELA SUPERIOR DE BELLAS ARTES DOCTOR JOSE FIGUEROA ALCORTA,CORDOBA,CAPITAL,CÓRDOBA,140310700,AV. PABLO RICHIERI 2200 ROGELIO MARTINEZ B° ROGELIO MARTINEZ-CIUDAD DE LAS ARTES
2505,ESCUELA SUPERIOR DE BELLAS ARTES DR.RAUL VILLAFAÑE,ESCUELA SUPERIOR DE BELLAS ARTES DOCTOR RAUL VILLAFAÑE,SAN FRANCISCO,SAN JUSTO,CÓRDOBA,140303100,AV DE LA UNIVERSIDAD 159 LAS ROSAS SAN FRANCISCO
2506,ESCUELA SUPERIOR DE BELLAS ARTES EMILIANO GOMEZ CLARA,ESCUELA SUPERIOR DE BELLAS ARTES EMILIANO GOMEZ CLARA,VILLA MARIA,GENERAL SAN MARTIN,CÓRDOBA,140051600,RAWSON 1651 PARQUE NORTE VILLA MARIA
2507,ESCUELA SUPERIOR DE BELLAS ARTES EMILIO CARAFFA,ESCUELA SUPERIOR DE BELLAS ARTES EMILIO CARAFFA,COSQUIN,PUNILLA,CÓRDOBA,140262300,PRESIDENTE PERON 618 CENTRO COSQUIN
2508,ESCUELA SUPERIOR DE BELLAS ARTES FERNANDO FADER,ESCUELA SUPERIOR DE BELLAS ARTES FERNANDO FADER,BELL VILLE,UNION,CÓRDOBA,140254600,AV.FAUSTINO MOLINA S/N  ROSEDAL BELL VILLE
2509,ESCUELA SUPERIOR DE BELLAS ARTES LIBERO PIERINI,ESCUELA SUPERIOR DE BELLAS ARTES LIBERO PIERINI,RIO CUARTO,RIO CUARTO,CÓRDOBA,140194000,AV. ESPAÑA 171 CENTRO RIO CUARTO
1241,ESC.SUP.DE BELLAS ARTES LINO E. SPILIMBERGO,ESCUELA SUPERIOR DE BELLAS ARTES LINO E SPILIMBERGO,RIO TERCERO,TERCERO ARRIBA,CÓRDOBA,140330300,LASTENIA DE MALDONADO  VILLA ELISA RIO TERCERO
2510,ESCUELA SUPERIOR DE BELLAS ARTES LUIS TESSANDORI,ESCUELA SUPERIOR DE BELLAS ARTES LUIS TESSANDORI,VILLA DOLORES,SAN JAVIER,CÓRDOBA,140150800,VELEZ SARSFIELD S/N°  LAS ACACIAS VILLA DOLORES
1242,ESC.SUP.DE BELLAS ARTES MARTIN SANTIAGO,ESCUELA SUPERIOR DE BELLAS ARTES MARTIN SANTIAGO,DEAN FUNES,ISCHILIN,CÓRDOBA,140296000,SANTA FE 141 CENTRO DEAN FUNES
1243,ESC.SUP.DE BELLAS ARTES ROBERTO VIOLA,ESCUELA SUPERIOR DE BELLAS ARTES ROBERTO VIOLA,CRUZ DEL EJE,CRUZ DEL EJE,CÓRDOBA,140252200,AVDA. EVA PERON 86 CENTRO CRUZ DEL EJE
2511,ESCUELA SUPERIOR DE CERAMICA FERNANDO ARRANZ,ESCUELA SUPERIOR DE CERAMICA FERNANDO ARRANZ,CORDOBA,CAPITAL,CÓRDOBA,140169300,AV. PABLO RICHIERI 2200 ROGELIO MARTINEZ B° ROGELIO MARTINEZ-CIUDAD DE LAS ARTES
1225,ESC. SUP. DE COMERCIO DE RIO TERCERO,ESCUELA SUPERIOR DE COMERCIO DE RIO TERCERO,RIO TERCERO,TERCERO ARRIBA,CÓRDOBA,140329000,DIEGO DE ROJAS 761 LAS VIOLETAS RIO TERCERO
2512,ESCUELA SUPERIOR DE COMERCIO EL NACIONAL,ESCUELA SUPERIOR DE COMERCIO EL NACIONAL,LA CARLOTA,JUAREZ CELMAN,CÓRDOBA,140331500,VELEZ SARSFIELD 651 CENTRO LA CARLOTA
2500,ESCUELA SUP. DE COMERCIO MANUEL BELGRANO,ESCUELA SUPERIOR DE COMERCIO MANUEL BELGRANO,CORDOBA,CAPITAL,CÓRDOBA,149000300,LA RIOJA 1450 ALTO ALBERDI B° ALTO ALBERDI (Av.SANTA FE y CHUBUT)
2501,ESCUELA SUP. DE ENFERMERIA CRUZ DEL SACRIFICIO,ESCUELA SUPERIOR DE ENFERMERIA CRUZ DEL SACRIFICIO,CORDOBA,CAPITAL,CÓRDOBA,140333900,LIMA 871 GENERAL PAZ B° GENERAL PAZ
1226,ESC. SUP. DE ENFERMERIA CRUZ DEL SACRIFICIO ANEXO SAN JOSE DE LA DORMIDA,ESCUELA SUPERIOR DE ENFERMERIA CRUZ DEL SACRIFICIO ANEXO SAN JOSE DE LA DORMIDA,SAN JOSE DE LA DORMIDA,TULUMBA,CÓRDOBA,140333903,AV.JUAN DOMINGO PERON 534 CENTRO SAN JOSE DE LA DORMIDA
2513,ESCUELA SUPERIOR DE ENFERMERIA CRUZ ROJA ARGENTINA,ESCUELA SUPERIOR DE ENFERMERIA CRUZ ROJA ARGENTINA,VILLA DEL ROSARIO,RIO SEGUNDO,CÓRDOBA,140488900,9 DE JULIO 536 CENTRO VILLA DEL ROSARIO
1228,ESC. SUP.DE TURISMO JOSE FERNANDO FERRARI,ESCUELA SUPERIOR DE TURISMO JOSE FERNANDO FERRARI,ALTA GRACIA,SANTA MARIA,CÓRDOBA,140510000,AV. ESPAÑA 26 POLUYAN ALTA GRACIA
1227,ESC. SUP. DE TURISMO Y HOTELERIA MARCELO MONTES PACHECO,ESCUELA SUPERIOR DE TURISMO Y HOTELERIA MARCELO MONTES PACHECO,CORDOBA,CAPITAL,CÓRDOBA,140245500,AVENIDA CÁRCANO  CHATEAU CARRERAS Acceso a FERIAL CORDOBA
2514,ESCUELA SUPERIOR INTEGRAL DE LECHERIA,ESCUELA SUPERIOR INTEGRAL DE LECHERIA,VILLA MARIA,GENERAL SAN MARTIN,CÓRDOBA,140152200,RAWSON 1899 PARQUE NORTE VILLA MARIA (B°PARQUE PEREYRA Y DOMINGUEZ)
2515,ESCUELA SUPERIOR INTEGRAL DE LECHERIA,ESCUELA SUPERIOR INTEGRAL DE LECHERIA,VILLA MARIA,GENERAL SAN MARTIN,CÓRDOBA,140523800,RAWSON 1899 PARQUE NORTE VILLA MARIA - PREDIO PARQUE PEREYRA
2516,ESCUELA SUPERIOR INTEGRAL DE TEATRO ROBERTO ARLT,ESCUELA SUPERIOR INTEGRAL DE TEATRO ROBERTO ARLT,CORDOBA,CAPITAL,CÓRDOBA,140094000,AV. PABLO RICHIERI 2200 ROGELIO MARTINEZ B° ROGELIO MARTINEZ-CIUDAD DE LAS ARTES
2517,ESCUELA TENIENTE BENJAMIN MATIENZO,ESCUELA TENIENTE BENJAMIN MATIENZO,CORDOBA,CAPITAL,CÓRDOBA,140394000,NICANOR CARRANZA 3445 CERRO DE LAS ROSAS B° CERRO DE LAS ROSAS
2518,ESCUELA TENIENTE BENJAMIN MATIENZO,ESCUELA TENIENTE BENJAMIN MATIENZO,SANTA MARIA DE PUNILLA (ESTACION SANTA MARIA),PUNILLA,CÓRDOBA,140397900,PASAJE BERTOLOTTI S/N°  TILLARD SANTA MARIA DE PUNILLA
2525,ESCUELA TTE. CNEL. JORGE ROBERTO IBARZABAL,ESCUELA TENIENTE CORONEL JORGE ROBERTO IBARZABAL,LA CALERA,COLON,CÓRDOBA,140410000,JOSE HERNANDEZ 99 INDUSTRIAL LA CALERA
2526,ESCUELA TTE. CNEL. JUAN DUARTE ARDOY,ESCUELA TENIENTE CORONEL JUAN DUARTE ARDOY,CHARRAS,JUAREZ CELMAN,CÓRDOBA,140312600,SARMIENTO 182 CENTRO CHARRAS
2528,ESCUELA TTE. GRAL. EDUARDO RACEDO,ESCUELA TENIENTE GENERAL EDUARDO RACEDO,RIO CUARTO,RIO CUARTO,CÓRDOBA,140088600,TRABAJO Y PREVISION 1100 PROGRESO RIO CUARTO
2529,ESCUELA TTE. GRAL. JUAN CARLOS SANCHEZ,ESCUELA TENIENTE GENERAL JUAN CARLOS SANCHEZ,EL MANZANO,COLON,CÓRDOBA,140198200,CALLE PUBLICA   CANTERAS EL SAUCE
2527,ESCUELA TTE. GRAL JULIO A. ROCA,ESCUELA TENIENTE GENERAL JULIO A ROCA,COSQUIN,PUNILLA,CÓRDOBA,140262100,SAN MARTIN S/N  CENTRO COSQUIN- (FRENTE A LA PLAZA SAN MARTIN)
2519,ESCUELA TENIENTE GENERAL JULIO ARGENTINO ROCA,ESCUELA TENIENTE GENERAL JULIO ARGENTINO ROCA,SAN FRANCISCO,SAN JUSTO,CÓRDOBA,140319300,SAENZ PEÑA 183 SARMIENTO SAN FRANCISCO
2530,ESCUELA TTE. GRAL. JULIO ARGENTINO ROCA,ESCUELA TENIENTE GENERAL JULIO ARGENTINO ROCA,RIO CUARTO,RIO CUARTO,CÓRDOBA,140194100,JUAN JOSE PASO 790 SANTA ROSA RIO CUARTO
2520,ESCUELA TENIENTE GENERAL PABLO RICCHIERI,ESCUELA TENIENTE GENERAL PABLO RICCHIERI,CORDOBA,CAPITAL,CÓRDOBA,140407700,BENJAMIN VIEL 2387 VILLA BUSTOS B° VILLA BUSTOS
2531,ESCUELA TTE. GRAL. PEDRO EUGENIO ARAMBURU,ESCUELA TENIENTE GENERAL PEDRO EUGENIO ARAMBURU,CORDOBA,CAPITAL,CÓRDOBA,140286500,JOSE GARIBALDI 710 ALTO GENERAL PAZ B° ALTOS GENERAL PAZ(CERCA DEL HOSP.CORDOBA)
2521,ESCUELA TERAPEUTICA PEDAGOGICA ROBERT Y ROSINE LEFORT,ESCUELA TERAPEUTICA PEDAGOGICA ROBERT Y ROSINE LEFORT,CORDOBA,CAPITAL,CÓRDOBA,140553600,AMELIA EARHART 4547 VALLE DEL CERRO B°VALLE DEL CERRO- CORDOBA
2522,ESCUELA THOMAS ALVA EDISON,ESCUELA THOMAS ALVA EDISON,COLONIA ITURRASPE,SAN JUSTO,CÓRDOBA,140025700,CALLE PUBLICA   COLONIA ITURRASPE ESTE P/FREYRE
2523,ESCUELA TOMAS HERNAN CORTES,ESCUELA TOMAS HERNAN CORTES,LAS ENCRUCIJADAS,SAN JAVIER,CÓRDOBA,140358100,CALLE PUBLICA  LAS ENCRUCIJADAS VILLA DOLORES
2524,ESCUELA TRANSITO CACERES DE ALLENDE,ESCUELA TRANSITO CACERES DE ALLENDE,CORDOBA,CAPITAL,CÓRDOBA,140001200,CALLE PUBLICA S/N   CHACRA DE LA MERCED CAMINO CHACRA DE LA MERCED KM 9
2532,ESCUELA U.N.E.S.C.O.,ESCUELA UNESCO,CORDOBA,CAPITAL,CÓRDOBA,140229100,AVENIDA JUAN N JUSTO 9300 GUIÑAZU B° GUIÑAZU - RUTA 9 KM. 13
2533,ESCUELA U.N.E.S.C.O. ANEXO VILLA ALICIA RISLER,ESCUELA UNESCO ANEXO VILLA ALICIA RISLER,CORDOBA,CAPITAL,CÓRDOBA,140229101,DE LA CUECA  EL CHAPARRAL B° EL CHAPARRAL
2534,ESCUELA UNION LATINOAMERICANA,ESCUELA UNION LATINOAMERICANA,CORDOBA,CAPITAL,CÓRDOBA,140367600,MADRE MARIA BRIGIDA PASTORINO 3579 PATRICIOS OESTE B° PATRICIOS OESTE
2535,ESCUELA UNION PANAMERICANA,ESCUELA UNION PANAMERICANA,VILLA DOLORES,SAN JAVIER,CÓRDOBA,140374700,PEDRO C. MOLINA 290 CENTRO VILLA DOLORES
2536,ESCUELA VALENTIN ALSINA,ESCUELA VALENTIN ALSINA,COLONIA CORRAL DEL BAJO,UNION,CÓRDOBA,140172200,CALLE PUBLICA S/N    COLONIA CORRAL DEL BAJO
2537,ESCUELA VELEZ SARSFIELD,ESCUELA VELEZ SARSFIELD,RIO CUARTO,RIO CUARTO,CÓRDOBA,140178000,MENDOZA 1502 CENTRO RIO CUARTO
2538,ESCUELA VICENTA ANSELMA TELLO DE LIMA,ESCUELA VICENTA ANSELMA TELLO DE LIMA,CORRALITO,SAN JAVIER,CÓRDOBA,140219700,CALLE PUBLICA   CORRALITO P/RUTA PROV. N° 1
2539,ESCUELA VICENTE FIDEL LOPEZ,ESCUELA VICENTE FIDEL LOPEZ,CORDOBA,CAPITAL,CÓRDOBA,140293400,JUAN CAPISTRANO TISSERA 1551 ALEM B° ALEM
2540,ESCUELA VICENTE FORESTIERI,ESCUELA VICENTE FORESTIERI,CORDOBA,CAPITAL,CÓRDOBA,140474400,CAJAMARCA  VILLA EL LIBERTADOR B° VILLA EL LIBERTADOR
2541,ESCUELA VICENTE LOPEZ Y PLANES,ESCUELA VICENTE LOPEZ Y PLANES,PUEBLO ITALIANO,UNION,CÓRDOBA,140052200,BUENOS AIRES 474 CENTRO PUEBLO ITALIANO
2542,ESCUELA VICENTE LOPEZ Y PLANES,ESCUELA VICENTE LOPEZ Y PLANES,ALEJANDRO ROCA,JUAREZ CELMAN,CÓRDOBA,140101600,CALLE PUBLICA S/N  COLONIA DOLORES COLONIA LA DOLORES P/ALEJANDRO ROCA
2543,ESCUELA VICENTE LOPEZ Y PLANES,ESCUELA VICENTE LOPEZ Y PLANES,ANIZACATE,SANTA MARIA,CÓRDOBA,140107800,RUTA E56    ANISACATE (A 150 MT DEL CRUCE DE RUTA PROV.5)
2544,ESCUELA VICENTE LOPEZ Y PLANES,ESCUELA VICENTE LOPEZ Y PLANES,CAMINIAGA,SOBREMONTE,CÓRDOBA,140298100,INDEPENDENCIA   CAMINIAGA
2545,ESCUELA VICENTE LOPEZ Y PLANES,ESCUELA VICENTE LOPEZ Y PLANES,BALNEARIA,SAN JUSTO,CÓRDOBA,140381900,25 DE MAYO 271 I.P.V. NORTE BALNEARIA
2546,ESCUELA VICENTE LOPEZ Y PLANES (C/ALBERGUE),ESCUELA VICENTE LOPEZ Y PLANES (C/ALBERGUE),LOS ZORROS,TERCERO ARRIBA,CÓRDOBA,140350300,SAN MARTIN 346  LOS ZORROS
2547,ESCUELA VICTOR MERCANTE,ESCUELA VICTOR MERCANTE,CORDOBA,CAPITAL,CÓRDOBA,140015600,CAUCETE 4008 EMPALME B° EMPALME
2548,ESCUELA VICTOR MERCANTE,ESCUELA VICTOR MERCANTE,BERROTARAN,RIO CUARTO,CÓRDOBA,140309000,FRAY MAMERTO ESQUIU 25 CENTRO BERROTARAN
2549,ESCUELA VICTOR MERCANTE,ESCUELA VICTOR MERCANTE,SAN JOSE DE LAS SALINAS,TULUMBA,CÓRDOBA,140346900,ONCATIVO   SAN JOSE DE LAS SALINAS
2550,ESCUELA VICTOR MERCANTE,ESCUELA VICTOR MERCANTE,AGUA DE ORO,COLON,CÓRDOBA,140372300,PASAJE PUBLICO ESQ. SAN MARTIN   AGUA DE ORO
2552,ESCUELA VICTOR MERCANTE (EX.NAC.282),ESCUELA VICTOR MERCANTE (EX NACIONAL 282),ALTA GRACIA,SANTA MARIA,CÓRDOBA,140003000,ANATOLE FRANCE 360 CARLOS PELLEGRINI ALTA GRACIA
2553,ESCUELA VICTOR MERCANTE ANEXO CERRO AZUL,ESCUELA VICTOR MERCANTE ANEXO CERRO AZUL,VILLA CERRO AZUL,COLON,CÓRDOBA,140372301,CALLE 3 - CASA 28  LAS CHILCAS VILLA CERRO AZUL
2551,ESCUELA VICTOR MERCANTE EX. NACIONAL 262,ESCUELA VICTOR MERCANTE EX NACIONAL 262,RIO SEGUNDO,RIO SEGUNDO,CÓRDOBA,140020000,MARCONI 591 BELGRANO RIO SEGUNDO A 1 CUADRA DE EMPRESA GEORGALOS
2554,ESCUELA WILLIAM HENRY PARTRIDGE,ESCUELA WILLIAM HENRY PARTRIDGE,LEONES,MARCOS JUAREZ,CÓRDOBA,140352200,INTENDENTE ZANOTTI 858
2555,ESCUELA XUL SOLAR,ESCUELA XUL SOLAR,CORDOBA,CAPITAL,CÓRDOBA,140566300,OMBU 3713 ALTO VERDE B° ALTO VERDE
2556,ESCUELA YAPEYU,ESCUELA YAPEYU,CORDOBA,CAPITAL,CÓRDOBA,140213000,OSTIA 4200 IRUPE B°IRUPE
2557,ESCUELA ZENON LOPEZ,ESCUELA ZENON LOPEZ,PILAR,RIO SEGUNDO,CÓRDOBA,140250300,RAFAEL NUÑEZ 1058  PILAR
2558,ESCUELAS PIAS DE MENDIOLAZA,ESCUELAS PIAS DE MENDIOLAZA,MENDIOLAZA,COLON,CÓRDOBA,140565100,RUTA PCIAL. INTERMUNICIPAL E57 S/N°  PERCHEL MENDIOLAZA
1244,ESC.SUPERIOR DE COMERCIO Y BACHILLERATO DE LEONES,ESCUELASUPERIOR DE COMERCIO Y BACHILLERATO DE LEONES,LEONES,MARCOS JUAREZ,CÓRDOBA,140352100,ALMIRANTE BROWN 551  LEONES
2559,ESTADO DE LIBIA,ESTADO DE LIBIA,CORDOBA,CAPITAL,CÓRDOBA,140410800,AV. COLORADO ESQ. GAIMAN  CABILDO B° CABILDO
2560,ESTADOS UNIDOS DEL BRASIL,ESTADOS UNIDOS DEL BRASIL,EL PERCHEL,TULUMBA,CÓRDOBA,140139500,CALLE PUBLICA S/N    EL PERCHEL P/SAN JOSE DE LA DORMIDA
2561,ESTEBAN ECHEVERRIA,ESTEBAN ECHEVERRIA,COLONIA FREYRE NORESTE,SAN JUSTO,CÓRDOBA,140025800,CALLE PUBLICA   COLONIA FREYRE N.E. P/FREYRE
2562,ESTEBAN ECHEVERRIA,ESTEBAN ECHEVERRIA,CAMPO SANTA TERESA,UNION,CÓRDOBA,140050500,CALLE PUBLICA S/N   CAMPO SANTA TERESA P/ALTO ALEGRE
2563,ESTEBAN ECHEVERRIA,ESTEBAN ECHEVERRIA,PEDANIA YUCAT,GENERAL SAN MARTIN,CÓRDOBA,140061900,CALLE PUBLICA S/N   COLONIA YUCAT P/ARROYO CABRAL
2564,ESTEBAN ECHEVERRIA,ESTEBAN ECHEVERRIA,VILLA DE LAS ROSAS,SAN JAVIER,CÓRDOBA,140220100,AVENIDA INTIUAN 1628 LAS CHACRAS VILLA DE LAS ROSAS
2565,ESTEBAN ECHEVERRIA,ESTEBAN ECHEVERRIA,SAN GERONIMO,POCHO,CÓRDOBA,140254800,Ruta Provincial N°28  s/n°   SAN JERONIMO P/RUTA PROV.N°28
2566,ESTEBAN ECHEVERRIA,ESTEBAN ECHEVERRIA,CAMPO BOAGLIO,TERCERO ARRIBA,CÓRDOBA,140259200,CALLE PUBLICA   CAMPO BOAGLIO P/PAMPAYASTA SUR
2567,EUSTAQUIA VALENTINA BECERRA DE ECHENIQUE,EUSTAQUIA VALENTINA BECERRA DE ECHENIQUE,LAS TAPIAS,RIO CUARTO,CÓRDOBA,140180700,CALLE PUBLICA S/N   LAS TAPIAS P/ SAN BARTOLOME
2568,FACUNDO QUIROGA,FACUNDO QUIROGA,LA QUEMADA TRANSITO,SAN JUSTO,CÓRDOBA,140114900,CALLE PUBLICA   LA QUEMADA-TRANSITO
2569,FAMILIA DE NAZARETH,FAMILIA DE NAZARETH,VILLA CARLOS PAZ,PUNILLA,CÓRDOBA,140561400,AVENIDA ESTRADA S/N  LAS MALVINAS
2570,FEDERICO FUAD SALMAN,FEDERICO FUAD SALMAN,POZO DEL MORO,RIO PRIMERO,CÓRDOBA,140055600,CALLE PUBLICA S/N    POZO DEL MORO P/OBISPO TREJO
2571,FERNANDO FADER,FERNANDO FADER,LAGUNAS VERDES,SAN ALBERTO,CÓRDOBA,140048200,CALLE PUBLICA   LAGUNAS VERDES
2572,FERNANDO FADER,FERNANDO FADER,ISCHILIN,ISCHILIN,CÓRDOBA,140295800,CALLE PUBLICA S/N°   ISCHILIN
2573,FERNANDO FADER (EX NAC. 437),FERNANDO FADER (EX NACIONAL 437),ALTO DE LOS REARTES,CALAMUCHITA,CÓRDOBA,140006100,CALLE PUBLICA S/N°   ALTO DE LOS REARTES
2574,FERNANDO TERCERO LOPEZ VINUESA,FERNANDO TERCERO LOPEZ VINUESA,CAMPO LOS CORRALITOS,UNION,CÓRDOBA,140352900,CALLE PUBLICA S/N    CAMPO LOS CORRALITOS P/JUSTINIANO POSSE
2575,FLORENCIO HECTOR FRIAS,FLORENCIO HECTOR FRIAS,AGUA DE LAS PIEDRAS,TOTORAL,CÓRDOBA,140379900,CALLE PUBLICA S/N   AGUA DE LAS PIEDRAS
2576,FLORENCIO SANCHEZ,FLORENCIO SANCHEZ,CORDOBA,CAPITAL,CÓRDOBA,140548000,RUTA A 74 KM 12  EL GATEADO B° EL GATEADO (RUTA A 74 km 12 -CNO. COLONIA TIROLESA)
2577,FLORENTINO AMEGHINO,FLORENTINO AMEGHINO,LOS MATES,SAN JAVIER,CÓRDOBA,140150700,CALLE PUBLICA   LOS MATES
2578,FLORENTINO AMEGHINO (C/ALBERGUE),FLORENTINO AMEGHINO (C/ALBERGUE),CERRO CHAMPAQUI,CALAMUCHITA,CÓRDOBA,140231900,CALLE PUBLICA S/N°   CERRO CHAMPAQUI P/VILLA YACANTO DE CALAMUCHITA
2579,FRANCISCO NARCISO LAPRIDA,FRANCISCO NARCISO LAPRIDA,PASO DEL SAUCE,RIO PRIMERO,CÓRDOBA,140008700,CALLE PUBLICA   PASO DEL SAUCE
2580,FRANCISCO NARCISO LAPRIDA,FRANCISCO NARCISO LAPRIDA,CAMPO LOS TERCERANOS,SAN JUSTO,CÓRDOBA,140099400,CALLE PUBLICA S/N°   CAMPO LOS TERCERANOS P/LAS VARAS
2581,FRANCISCO NARCISO LAPRIDA,FRANCISCO NARCISO LAPRIDA,LA VICTORIA (E),RIO SECO,CÓRDOBA,140124700,CALLE PUBLICA S/N    LA VICTORIA ESTE
2582,FRANCISCO NARCISO LAPRIDA,FRANCISCO NARCISO LAPRIDA,CAPILLA DEL CARMEN,CALAMUCHITA,CÓRDOBA,140377500,CALLE PUBLICA   CAPILLA DEL CARMEN
2583,FRANCISCO ORTIZ DE OCAMPO,FRANCISCO ORTIZ DE OCAMPO,LAS CALERAS,CALAMUCHITA,CÓRDOBA,140232000,PTE. PERON   LAS CALERAS P/BERROTARAN
2584,FRANCISCO ORTIZ DE OCAMPO,FRANCISCO ORTIZ DE OCAMPO,LOS BARRIALES,MINAS,CÓRDOBA,140361000,CALLE PUBLICA   LOS BARRIALES
2585,FRANCISCO P. MORENO,FRANCISCO P MORENO,COLONIA COYUNDA,SAN JUSTO,CÓRDOBA,140114200,CALLE PUBLICA   COLONIA COYUNDA
2586,FRAY GUILLERMO BUTLER,FRAY GUILLERMO BUTLER,JAIME PETER,ISCHILIN,CÓRDOBA,140062900,RUTA  PROVINCIAL 16   JAIME PETER
2587,FRAY JUSTO SANTA MARIA DE ORO,FRAY JUSTO SANTA MARIA DE ORO,NO FIGURA EN TABLA,GENERAL SAN MARTIN,CÓRDOBA,140058500,CALLE PUBLICA S/N   CAMPO VALDEMARIN P/TIO PUJIO SUR
2588,FRAY JUSTO SANTA MARIA DE ORO,FRAY JUSTO SANTA MARIA DE ORO,BAJO LINDO,CRUZ DEL EJE,CÓRDOBA,140106400,CAMINO NACIONAL   BAJO LINDO P/CNO. VECINAL
2589,FRAY JUSTO SANTA MARIA DE ORO,FRAY JUSTO SANTA MARIA DE ORO,LA PRIMAVERA,SAN JAVIER,CÓRDOBA,140150200,CALLE PUBLICA   LA PRIMAVERA POR VILLA DOLORES
2590,FRAY LUIS BELTRAN,FRAY LUIS BELTRAN,PLAZA BRUNO,SAN JUSTO,CÓRDOBA,140114800,CALLE PUBLICA   PLAZA BRUNO P/TRANSITO
2591,FRAY LUIS BELTRAN,FRAY LUIS BELTRAN,ANIZACATE,SANTA MARIA,CÓRDOBA,140318900,RUTA E56   ANISACATE (PARAJE EL ALTO)
2592,FRAY MAMERTO ESQUIU,FRAY MAMERTO ESQUIU,SAN TIBURCIO,POCHO,CÓRDOBA,140053700,CALLE PUBLICA S/N°   SAN TIBURCIO
2593,FRAY MAMERTO ESQUIU,FRAY MAMERTO ESQUIU,COLONIA ARMANDO,MARCOS JUAREZ,CÓRDOBA,140103600,CALLE PUBLICA S/N    COLONIA ARMANDO P/LEONES
2594,FRAY MAMERTO ESQUIU,FRAY MAMERTO ESQUIU,COLONIA DOS HERMANOS NORTE,SAN JUSTO,CÓRDOBA,140132700,CALLE PUBLICA S/N    COLONIA DOS HERMANOS NORTE P/MORTEROS
2595,FRAY MAMERTO ESQUIU,FRAY MAMERTO ESQUIU,RUMI HUASI,MINAS,CÓRDOBA,140139200,CALLE PUBLICA S/Nº   RUMI HUASI
2596,FRAY MAMERTO ESQUIU,FRAY MAMERTO ESQUIU,CAMPO LOS ZORROS,SAN JUSTO,CÓRDOBA,140151700,CALLE PUBLICA S/N°   CAMPO LOS ZORROS P/LA FRANCIA
2597,FRAY MAMERTO ESQUIU,FRAY MAMERTO ESQUIU,SAN ISIDRO,CRUZ DEL EJE,CÓRDOBA,140197500,CALLE PUBLICA S/N°   SAN ISIDRO
2598,FRAY MAMERTO ESQUIU,FRAY MAMERTO ESQUIU,SANTA TERESA,COLON,CÓRDOBA,140356700,CALLE PUBLICA S/N    SANTA TERESA
2599,FRAY MOISES ALVAREZ,FRAY MOISES ALVAREZ,COLONIA SAN JOSE,JUAREZ CELMAN,CÓRDOBA,140109700,CALLE PUBLICA S/N   COLONIA SAN JOSE P/ALEJANDRO ROCA
2600,FRAY REGINALDO DELGADO,FRAY REGINALDO DELGADO,PEDANIA YUCAT,GENERAL SAN MARTIN,CÓRDOBA,140058400,CALLE PUBLICA S/N    SAN ANTONIO DE YUCAT
2601,FRAY VENANCIO TABORDA,FRAY VENANCIO TABORDA,PEDANIA YUCAT P/TIO PUJIO,GENERAL SAN MARTIN,CÓRDOBA,140058300,CALLE PUBLICA S/N°   ESTANCIA YUCAT NORTE P/TIO PUJIO
2602,FRENCH Y BERUTTI,FRENCH Y BERUTTI,CACHI YACO,SOBREMONTE,CÓRDOBA,140216100,CALLE PUBLICA S/N   CACHI YACO
2603,GABRIELA MISTRAL,GABRIELA MISTRAL,CAMPO ASINARI,TERCERO ARRIBA,CÓRDOBA,140039800,CALLE PUBLICA   CAMPO ASINARI P/PAMPAYASTA NORTE
2604,GABRIELA MISTRAL,GABRIELA MISTRAL,PAVIN,JUAREZ CELMAN,CÓRDOBA,140109200,CALLE PUBLICA S/N    PAVIN P/ HUANCHILLA
2605,GABRIELA MISTRAL,GABRIELA MISTRAL,CAMPO FICHETTI,RIO SEGUNDO,CÓRDOBA,140115500,CALLE PUBLICA S/N°   CAMPO FICHETTI P/LUQUE
2606,GABRIELA MISTRAL,GABRIELA MISTRAL,LOS ALFALFARES,GENERAL ROCA,CÓRDOBA,140129900,CALLE PUBLICA S/N°   LOS ALFALFARES P/ VILLA HUIDOBRO
2607,GABRIELA MISTRAL,GABRIELA MISTRAL,COLONIA ERMILA,MARCOS JUAREZ,CÓRDOBA,140146700,CALLE PUBLICA S/N    COLONIA ERMILA P/ LEONES
2608,GABRIELA MISTRAL,GABRIELA MISTRAL,COLONIA LA POBLADORA,SAN JUSTO,CÓRDOBA,140360000,CALLE PUBLICA S/N    COLONIA LA POBLADORA P/SACANTA
2609,GABRIELA MISTRAL,GABRIELA MISTRAL,COLONIA LA ESCONDIDA,RIO CUARTO,CÓRDOBA,140387700,CALLE PUBLICA S/N°   COLONIA LA ESCONDIDA P/ELENA
2610,GENARO TRAVAGLINI,GENARO TRAVAGLINI,COLONIA LOS ALFALFARES,MARCOS JUAREZ,CÓRDOBA,140405000,CALLE PUBLICA S/N   COLONIA LOS ALFALFARES P/GUATIMOZIN
2611,GENDARME RAUL CUELLO,GENDARME RAUL CUELLO,LAS JUNTAS,TULUMBA,CÓRDOBA,140409500,CALLE PUBLICA S/N    LAS JUNTAS
2612,GENERAL ALVAREZ DE ARENALES,GENERAL ALVAREZ DE ARENALES,CANDELARIA SUD,TOTORAL,CÓRDOBA,140283100,CALLE PUBLICA   CANDELARIA SUD
2613,GENERAL BARTOLOME MITRE,GENERAL BARTOLOME MITRE,ALTO SIERRA,MINAS,CÓRDOBA,140163700,CALLE PUBLICA   ALTO SIERRA P/LA PLAYA
2614,GENERAL CONRADO VILLEGAS,GENERAL CONRADO VILLEGAS,COLONIA SANTO TOMA,JUAREZ CELMAN,CÓRDOBA,140194900,CALLE PUBLICA S/N°   COLONIA SANTO TOMAS  P/GRAL.DEHEZA
2615,GENERAL ESTANISLAO LOPEZ,GENERAL ESTANISLAO LOPEZ,COLONIA PALO LABRADO,SAN JUSTO,CÓRDOBA,140249000,CALLE PUBLICA S/N   COLONIA PALO LABRADO P/PORTEÑA
2646,GRAL. FRANCISCO ORTIZ DE OCAMPO,GENERAL FRANCISCO ORTIZ DE OCAMPO,LA RINCONADA,CRUZ DEL EJE,CÓRDOBA,140031200,CALLE PUBLICA   LA RINCONADA P/VILLA DE SOTO
2616,GENERAL GREGORIO LAS HERAS,GENERAL GREGORIO LAS HERAS,LAS TRES COLONIAS UNIDAS,PRESIDENTE ROQUE SAENZ PEÑA,CÓRDOBA,140084700,CALLE PUBLICA S/N    LAS TRES COLONIAS UNIDAS P/LABOULAYE
2617,GENERAL JOSE DE SAN MARTIN,GENERAL JOSE DE SAN MARTIN,CAMPO LOS ALGARROBOS,UNION,CÓRDOBA,140149100,CALLE PUBLICA S/N    CAMPO LOS ALGARROBOS P/JUSTINIANO POSSE
2618,GENERAL JOSE DE SAN MARTIN,GENERAL JOSE DE SAN MARTIN,RANGEL,RIO PRIMERO,CÓRDOBA,140184300,CALLE PUBLICA S/N    RANGEL
2619,GENERAL JOSE DE SAN MARTIN,GENERAL JOSE DE SAN MARTIN,CAMPO AMPURDAN,PRESIDENTE ROQUE SAENZ PEÑA,CÓRDOBA,140200700,CALLE PUBLICA S/N   CAMPO AMPURDAN P/GRAL.LEVALLE
2620,GENERAL JOSE DE SAN MARTIN,GENERAL JOSE DE SAN MARTIN,TOTORILLAS,SOBREMONTE,CÓRDOBA,140216500,CALLE PUBLICA   TOTORILLAS - PEDANIA CHU? HUASI
2621,GENERAL JOSE DE SAN MARTIN,GENERAL JOSE DE SAN MARTIN,ESPINILLO,RIO CUARTO,CÓRDOBA,140384700,RUTA NACIONAL 36 KM 614   ESPINILLO
2647,GRAL. JOSE DE SAN MARTIN,GENERAL JOSE DE SAN MARTIN,CACHIYUYO,CRUZ DEL EJE,CÓRDOBA,140106500,CALLE Nº 4   EL CACHIYUYO
2648,GRAL. JOSE DE SAN MARTIN,GENERAL JOSE DE SAN MARTIN,LOMAS DEL TROZO,RIO PRIMERO,CÓRDOBA,140378500,CALLE PUBLICA S/N    COLONIA LOMAS DEL TROZO  P/RIO primero
2622,GENERAL JOSE MARIA PAZ,GENERAL JOSE MARIA PAZ,MAQUINISTA GALLINI,RIO PRIMERO,CÓRDOBA,140187400,CALLE PUBLICA S/N    MAQUINISTA GALLINI P/SANTA ROSA DE RIO I
2623,GENERAL LAS HERAS,GENERAL LAS HERAS,LAS HERAS,RIO PRIMERO,CÓRDOBA,140008600,CALLE PUBLICA   LAS HERAS- P/RIO PRIMERO
2624,GENERAL LAS HERAS,GENERAL LAS HERAS,SOCAVONES,TULUMBA,CÓRDOBA,140320600,CALLE PUBLICA S/N    SOCAVONES
2625,GENERAL LAVALLE,GENERAL LAVALLE,CAMPO LAVALLE,SAN JUSTO,CÓRDOBA,140100400,CALLE PUBLICA S/N    CPO.LAVALLE P/QUEBRACHO HERRADO
2626,GENERAL MANUEL BELGRANO,GENERAL MANUEL BELGRANO,CAMPO LOS MATORRALES,RIO SEGUNDO,CÓRDOBA,140164700,CALLE PUBLICA S/N°   CAMPO LOS MATORRALES P/LAGUNA LARGA
2627,GENERAL MANUEL BELGRANO,GENERAL MANUEL BELGRANO,CAMPO YAÑEZ,RIO SEGUNDO,CÓRDOBA,140165100,CALLE PUBLICA   CAMPO YANEZ P/LOS CHAÑARITOS RUTA A SANTIAGO TEMPLE
2628,GENERAL MANUEL BELGRANO,GENERAL MANUEL BELGRANO,COLONIA MILESSI,SAN JUSTO,CÓRDOBA,140339800,CALLE PUBLICA S/N°   COLONIA MILESSI P/BRINKMANN
2629,GENERAL MANUEL BELGRANO,GENERAL MANUEL BELGRANO,EL SAUCE,MINAS,CÓRDOBA,140369800,CALLE PUBLICA S/N°   EL SAUCE P/CIENAGA DEL CORO
2649,GRAL. MANUEL BELGRANO,GENERAL MANUEL BELGRANO,EL QUEBRACHO,CALAMUCHITA,CÓRDOBA,140023400,CALLE PUBLICA S/Nº   EL QUEBRACHO P/EMBALSE
2630,GENERAL MARTIN GUEMES,GENERAL MARTIN GUEMES,LA PALESTINA,GENERAL SAN MARTIN,CÓRDOBA,140018600,CALLE PUBLICA S/N°   COLONIA LA PALESTINA
2631,GENERAL MARTIN MIGUEL DE GUEMES,GENERAL MARTIN MIGUEL DE GUEMES,CAMPO GIODA,TERCERO ARRIBA,CÓRDOBA,140210600,CALLE PUBLICA S/N   CAMPO GIODA P/RIO TERCERO
2650,GRAL. MARTIN MIGUEL DE GUEMES,GENERAL MARTIN MIGUEL DE GUEMES,CAMPO LA SIRENA,RIO SEGUNDO,CÓRDOBA,140026600,CALLE PUBLICA   CAMPO LA SIRENA P/POZO DEL MOLLE
2632,GENERAL PAZ,GENERAL PAZ,LA CAÑADA,RIO SECO,CÓRDOBA,140118600,CALLE PUBLICA S/N    LA CAÑADA
2633,GENERAL RAMON DEHEZA,GENERAL RAMON DEHEZA,SANTA MARIA,TOTORAL,CÓRDOBA,140380200,CALLE PUBLICA S/N   SANTA MARIA - RUTA 17
2634,GENERAL SAN MARTIN,GENERAL SAN MARTIN,HERNANDO,TERCERO ARRIBA,CÓRDOBA,140041100,EL LIBERTADOR 47 SAN MARTIN HERNANDO
2635,GENERAL SAN MARTIN,GENERAL SAN MARTIN,COLONIA NORTE,RIO SEGUNDO,CÓRDOBA,140082800,CALLE PUBLICA S/N   COLONIA NORTE P/RIO SEGUNDO
2636,GENERAL SAN MARTIN,GENERAL SAN MARTIN,EL FORTIN,SAN JUSTO,CÓRDOBA,140099000,CALLE PUBLICA   COLONIA EL FORTIN
2637,GENERAL SAN MARTIN,GENERAL SAN MARTIN,COLONIA LA TAPERITA,SAN JUSTO,CÓRDOBA,140100100,CALLE PUBLICA S/N    COLONIA LA TAPERITA P/ SATURNINO M. LASPIUR
2638,GENERAL SAN MARTIN,GENERAL SAN MARTIN,ONCATIVO,RIO SEGUNDO,CÓRDOBA,140211400,RIVADAVIA 549 CENTRO ONCATIVO
2639,GOBERNADOR AMADEO SABATTINI,GOBERNADOR AMADEO SABATTINI,COLONIA EUGENIA,SAN JUSTO,CÓRDOBA,140028700,CALLE PUBLICA S/N    COLONIA EUGENIA P/COLONIA MARINA
2640,GOBERNADOR BRIGADIER JUAN IGNACIO DE SAN MARTIN,GOBERNADOR BRIGADIER JUAN IGNACIO DE SAN MARTIN,CORDOBA,CAPITAL,CÓRDOBA,140125100,PATAGONES 3200 JOSE HERNANDEZ
2643,GOBERNADOR DR. AMADEO SABATTINI,GOBERNADOR DOCTOR AMADEO SABATTINI,CORDOBA,CAPITAL,CÓRDOBA,140015800,DIEGO PACHECO 4980 SAN FELIPE B° SAN FELIPE
2641,GOBERNADOR DOCTOR ARTURO ZANICHELLI,GOBERNADOR DOCTOR ARTURO ZANICHELLI,CORDOBA,CAPITAL,CÓRDOBA,140001600,AV. ALFONSINA STORNI 1300 PARQUE LICEO 3RA. SECCION B° PARQUE LICEO 3RA. SECCION
2642,GOBERNADOR DOCTOR SANTIAGO DEL CASTILLO,GOBERNADOR DOCTOR SANTIAGO DEL CASTILLO,CORDOBA,CAPITAL,CÓRDOBA,140048800,OCTAVIANO NAVARRO 2750 ROSEDAL ANEXO
2644,GOBERNADOR JOSE ANTONIO CEBALLOS,GOBERNADOR JOSE ANTONIO CEBALLOS,CORDOBA,CAPITAL,CÓRDOBA,140243900,AVDA. VUCETICH S/N  ITUZAINGO ANEXO B° ITUZAINGO ANEXO
2645,GOBERNADOR JUSTO PAEZ MOLINA,GOBERNADOR JUSTO PAEZ MOLINA,CORDOBA,CAPITAL,CÓRDOBA,140308000,QUEBRACHO HERRADO ESQ. YAVI  LAS PALMAS B° LAS PALMAS
2651,GRANADERO MARQUEZ,GRANADERO MARQUEZ,LOS EUCALIPTOS,RIO SECO,CÓRDOBA,140327700,CALLE PUBLICA S/N   LOS EUCALIPTOS
2652,GRANADERO MARQUEZ,GRANADERO MARQUEZ,EL DURAZNO,TULUMBA,CÓRDOBA,140369100,CALLE PUBLICA   EL DURAZNO P/SANTA CRUZ
2653,GREGORIA MATORRAS,GREGORIA MATORRAS,SANTA CATALINA,TOTORAL,CÓRDOBA,140065900,CALLE PUBLICA   AL LADO DE LA ESTANCIA JESUITA SANTA CATALINA
2654,GREGORIA MATORRAS,GREGORIA MATORRAS,LA RIBERA,RIO SEGUNDO,CÓRDOBA,140082700,CALLE PUBLICA S/N   LA RIBERA
2655,GREGORIA MATORRAS,GREGORIA MATORRAS,LA ESTANCITA,COLON,CÓRDOBA,140198600,CALLE PUBLICA S/N°   LA ESTANCITA P/RIO CEBALLOS
2656,GREGORIA MATORRAS DE SAN MARTIN,GREGORIA MATORRAS DE SAN MARTIN,COLONIA CORRAL DE GUARDIA,UNION,CÓRDOBA,140172600,CALLE PUBLICA 312  COLONIA CORRAL DE GUARDIA P/SAN ANTONIO DE LITIN
2657,GREGORIA PEREZ,GREGORIA PEREZ,LA ARGENTINA,MINAS,CÓRDOBA,140346100,CALLE PUBLICA   LA ARGENTINA
2658,GUIDO SPANO,GUIDO SPANO,ESTANCIA LA VANGUARDIA,GENERAL ROCA,CÓRDOBA,140134300,CALLE PUBLICA S/N°   ESTANCIA LA VANGUARDIA P/BUCHARDO
2659,GUILLERMO ENRIQUE HUDSON,GUILLERMO ENRIQUE HUDSON,POZO EL CHAYA,SAN JUSTO,CÓRDOBA,140191300,CALLE PUBLICA S/N    POZO DEL CHAJA P/LA FRANCIA
2660,GUILLERMO MARTINEZ PIZARRO,GUILLERMO MARTINEZ PIZARRO,CHAÑAR VIEJO,RIO SECO,CÓRDOBA,140118200,CALLE PUBLICA   CHAÑAR VIEJO
2661,GUILLERMO RAWSON,GUILLERMO RAWSON,LOS QUEBRACHITOS,SAN JUSTO,CÓRDOBA,140115000,CALLE PUBLICA S/N°   LOS QUEBRACHITOS P/TRANSITO
2662,HERMINIA BRUMANA DE SOLARI,HERMINIA BRUMANA DE SOLARI,LA REDUCCION,SAN ALBERTO,CÓRDOBA,140257400,CALLE PUBLICA   LA REDUCCIÓN P/SAN VICENTE
2663,HERNANDARIAS DE SAAVEDRA,HERNANDARIAS DE SAAVEDRA,CAMPO EL CHILO,TERCERO ARRIBA,CÓRDOBA,140258800,CALLE PUBLICA S/N    CAMPO EL CHILO P/GRAL.FOTHERINGHAM
2664,HILARIO ASCASUBI,HILARIO ASCASUBI,EL BAÑADO,ISCHILIN,CÓRDOBA,140063400,CALLE PUBLICA S/N°   EL BAÑADO
2665,HILARIO ASCASUBI,HILARIO ASCASUBI,ESTANCIA MARULL,RIO SECO,CÓRDOBA,140118300,CALLE PUBLICA S/N    ESTANCIA MARULL
2666,HIPOLITO DE SAHAGUN NAVARRO,HIPOLITO DE SAHAGUN NAVARRO,EL VERGEL,COLON,CÓRDOBA,140235200,CALLE PUBLICA S/N    EL VERGEL P/COLONIA TIROLESA
2667,HIPOLITO IRIGOYEN,HIPOLITO IRIGOYEN,PASCO,GENERAL SAN MARTIN,CÓRDOBA,140017800,CALLE PUBLICA S/N°   PASCO
2668,HIPOLITO VIEYTES,HIPOLITO VIEYTES,LA CONCEPCION,SAN ALBERTO,CÓRDOBA,140039100,CALLE PUBLICA   LA CONCEPCION
2669,HIPOLITO VIEYTES,HIPOLITO VIEYTES,CAMPO SAN ELIAS,UNION,CÓRDOBA,140203100,CALLE PUBLICA S/N   CAMPO SAN ELIAS P/LABORDE
2670,HIPOLITO YRIGOYEN,HIPOLITO YRIGOYEN,COLONIA SANTA RITA,UNION,CÓRDOBA,140202000,CALLE PUBLICA S/N   COLONIA SANTA RITA  P/PASCANAS
2671,HIPOLITO YRIGOYEN,HIPOLITO YRIGOYEN,R. DE LA CRUZ OESTE,CALAMUCHITA,CÓRDOBA,140232200,CALLE PUBLICA   RIO DE LA CRUZ OESTE
2672,HIPOLITO YRIGOYEN,HIPOLITO YRIGOYEN,INRIVILLE,MARCOS JUAREZ,CÓRDOBA,140361600,"RUTA NACIONAL N°12 - KM 59,5   RUTA 12(A 9 km de INRIVILLE)"
2673,HUSARES DE PUEYRREDON,HUSARES DE PUEYRREDON,GUAYASCATE,TULUMBA,CÓRDOBA,140139700,CALLE PUBLICA S/N    GUAYASCATE P/SAN JOSE DE LA DORMIDA
3230,INDEPENDENCIA,INDEPENDENCIA,LAGUNA LARGA,RIO SEGUNDO,CÓRDOBA,140019400,CALLE PUBLICA S/N°   CAMPO PIERSIGILI - LAGUNA LARGA SUR /LAGUNA LARGA
3231,INDEPENDENCIA,INDEPENDENCIA,COLONIA LOS ALAMOS,RIO CUARTO,CÓRDOBA,140059600,CALLE PUBLICA   SAN BASILIO
3232,INDEPENDENCIA,INDEPENDENCIA,CAMPO SAN ALFREDO,TERCERO ARRIBA,CÓRDOBA,140144800,CALLE PUBLICA S/N    CAMPO SAN ALFREDO P/LOS ZORROS
3233,INDEPENDENCIA ARGENTINA,INDEPENDENCIA ARGENTINA,CASEROS CENTRO,SANTA MARIA,CÓRDOBA,140105600,CAMINO 60 CUADRAS-KM 16   CASEROS CENTRO
3234,INESCER DR. ANGEL DIEGO MARQUEZ,INESCER DOCTOR ANGEL DIEGO MARQUEZ,VILLA MARIA,GENERAL SAN MARTIN,CÓRDOBA,140337300,BV. ESPAÑA 1098 PARQUE PEREYRA Y DOMINGUEZ VILLA MARIA
3235,INGENIERO ARTURO PAGLIARI,INGENIERO ARTURO PAGLIARI,PUESTO PEDERNERA,PUNILLA,CÓRDOBA,140070100,RUTA PROVINCIAL N°34 KM 69   CAMINO DE LAS ALTAS CUMBRES
3236,INGENIERO JUAN EUGENIO MAGGI,INGENIERO JUAN EUGENIO MAGGI,VILLA LA MERCED,CALAMUCHITA,CÓRDOBA,140006300,RUTA PROVINCIAL KM 61   VILLA LA MERCED
3237,INGENIERO JUAN MARIO MASJOAN,INGENIERO JUAN MARIO MASJOAN,CORDOBA,CAPITAL,CÓRDOBA,140077200,CALLE PUBLICA  LOS BOULEVARES
3238,INMACULADO CORAZON DE MARIA ADORATRICES,INMACULADO CORAZON DE MARIA ADORATRICES,CORDOBA,CAPITAL,CÓRDOBA,140290300,ROSARIO DE SANTA FE 540 CENTRO B° CENTRO
3410,INSTITUCION CERVANTES,INSTITUCION CERVANTES,CORDOBA,CAPITAL,CÓRDOBA,140443500,SANTA ROSA 1793 ALBERDI B° ALBERDI
3411,INSTITUCION ESCUTI,INSTITUCION ESCUTI,CORDOBA,CAPITAL,CÓRDOBA,140304900,NAZARET 3399 LAS ROSAS B° LAS ROSAS
3412,INSTITUTO 24 DE SETIEMBRE,INSTITUTO 24 DE SETIEMBRE,ACHIRAS,RIO CUARTO,CÓRDOBA,140376100,VIRGEN DE LA MERCED 489 LOS ROSARINOS ACHIRAS - AL LADO DE LA PARROQUIA VIRGEN DE LA MERCED
3413,INSTITUTO 25 DE MAYO,INSTITUTO 25 DE MAYO,CORDOBA,CAPITAL,CÓRDOBA,140243100,RIVERA INDARTE 345 CENTRO B° CENTRO
3414,INSTITUTO 25 DE MAYO,INSTITUTO 25 DE MAYO,GENERAL DEHEZA,JUAREZ CELMAN,CÓRDOBA,140559400,BOULEVAR SAN MARTIN 136
3415,INSTITUTO ADA BYRON,INSTITUTO ADA BYRON,RIO CUARTO,RIO CUARTO,CÓRDOBA,140582100,WENCESLAO TEJERINA NORTE 783 VILLA DALCAR RIO CUARTO (B° VILLA DALCAR)
3416,INSTITUTO ADELIA MARIA,INSTITUTO ADELIA MARIA,ADELIA MARIA,RIO CUARTO,CÓRDOBA,140379400,AV. SAN MARTIN 1050 CENTRO ADELIA MARIA
3417,INSTITUTO ADVENTISTA VELEZ SARSFIELD,INSTITUTO ADVENTISTA VELEZ SARSFIELD,CORDOBA,CAPITAL,CÓRDOBA,140292800,TANINGA 3150 OÑA B°OÑA
3418,INSTITUTO AGROTECNICO INDUSTRIAL CHAZON,INSTITUTO AGROTECNICO INDUSTRIAL CHAZON,CHAZON,GENERAL SAN MARTIN,CÓRDOBA,140069100,CALLE PUBLICA S/N    CHAZON - P/RUTA PROV. N°4
3419,INSTITUTO AGROTECNICO MANUEL BELGRANO,INSTITUTO AGROTECNICO MANUEL BELGRANO,SAIRA,MARCOS JUAREZ,CÓRDOBA,140352700,SAN MARTIN 629  SAIRA
3420,INSTITUTO AGROTECNICO NUESTRA SEÑORA DEL ROSARIO,INSTITUTO AGROTECNICO NUESTRA SEÑORA DEL ROSARIO,COLONIA VIGNAUD,SAN JUSTO,CÓRDOBA,140339400,ANA PASSADORE 545 CENTRO COLONIA VIGNAUD
3421,INSTITUTO AGROTECNICO PADRE DOMINGO VIERA,INSTITUTO AGROTECNICO PADRE DOMINGO VIERA,ALTA GRACIA,SANTA MARIA,CÓRDOBA,140518000,SAN JUAN  625 VILLA OVIEDO ALTA GRACIA
3422,INSTITUTO AGROTECNICO STELLA MARIS,INSTITUTO AGROTECNICO STELLA MARIS,SAN PEDRO,SAN ALBERTO,CÓRDOBA,140350200,JUAN PABLO II S/N°  LOS GRANADOS SAN PEDRO
3423,INSTITUTO ALEJANDRO,INSTITUTO ALEJANDRO,ALEJANDRO ROCA,JUAREZ CELMAN,CÓRDOBA,140100800,NIEVES MARTIJENA 76 CENTRO ALEJANDRO ROCA
3424,INSTITUTO ALEMAN,INSTITUTO ALEMAN,VILLA GENERAL BELGRANO,CALAMUCHITA,CÓRDOBA,140411900,LA TABLADA  CENTRO VILLA GENERAL BELGRANO - HOTEL EDELWEISS
3425,INSTITUTO ALFONSINA STORNI,INSTITUTO ALFONSINA STORNI,VILLA CARLOS PAZ,PUNILLA,CÓRDOBA,140239400,SOLIS 283 VILLA DOMINGUEZ VILLA CARLOS PAZ
3426,INSTITUTO AMERICA,INSTITUTO AMERICA,CORDOBA,CAPITAL,CÓRDOBA,140441900,FRANCISCO DEL PRADO 2662 VILLA AZALAIS B°VILLA AZALAIS
3427,INSTITUTO AMPARO DE MARIA,INSTITUTO AMPARO DE MARIA,CORDOBA,CAPITAL,CÓRDOBA,140211700,CASEROS 730 CENTRO B° CENTRO
3239,INST. ANGLO AMERICANO,INSTITUTO ANGLO AMERICANO,ALTA GRACIA,SANTA MARIA,CÓRDOBA,140412900,BV. CARLOS PELLEGRINI 637 PELLEGRINI ALTA GRACIA
3428,INSTITUTO ANTONIO MIGUEL VALINOTTO,INSTITUTO ANTONIO MIGUEL VALINOTTO,LUCA,GENERAL SAN MARTIN,CÓRDOBA,140464800,9 DE JULIO 582  LUCA
3429,INSTITUTO ARGENTINO DE PROTESIS DENTAL,INSTITUTO ARGENTINO DE PROTESIS DENTAL,CORDOBA,CAPITAL,CÓRDOBA,140443300,BALCARCE 177 CENTRO B° CENTRO
3430,INSTITUTO ARGUELLO,INSTITUTO ARGUELLO,CORDOBA,CAPITAL,CÓRDOBA,140231600,POZO DE LA LOMA S/N°  ARGUELLO B° ARGUELLO
3431,INSTITUTO ARTE NUEVO,INSTITUTO ARTE NUEVO,RIO TERCERO,TERCERO ARRIBA,CÓRDOBA,140482200,CID CAMPEADOR 480 MEDIA LUNA RIO TERCERO
3432,INSTITUTO ARTURO CAPDEVILA,INSTITUTO ARTURO CAPDEVILA,CORDOBA,CAPITAL,CÓRDOBA,140015300,ASTURIAS 3960 FERROVIARIO MITRE B°FERROVIARIO MITRE
3433,INSTITUTO B.A.C.(BACH. PARA ADULTOS A DISTANCIA),INSTITUTO BAC (BACHILLERATO PARA ADULTOS A DISTANCIA),CORDOBA,CAPITAL,CÓRDOBA,140449000,SALTA 475 CENTRO B° CENTRO
3434,INSTITUTO BACHILLERATO AGROTECNICO SAN JOSE,INSTITUTO BACHILLERATO AGROTECNICO SAN JOSE,VILLA DEL ROSARIO,RIO SEGUNDO,CÓRDOBA,140211100,SAN MARTIN 485  VILLA DEL ROSARIO
3435,INSTITUTO BELISARIO ROLDAN,INSTITUTO BELISARIO ROLDAN,CANALS,UNION,CÓRDOBA,140353300,25 DE MAYO 160 CENTRO CANALS (AL LADO DE LA PARROQUIA)
3436,INSTITUTO BELISARIO ROLDAN,INSTITUTO BELISARIO ROLDAN,CANALS,UNION,CÓRDOBA,140561200,25 DE MAYO  160 NORTE CANALS
3437,INSTITUTO BERNARDINO RIVADAVIA,INSTITUTO BERNARDINO RIVADAVIA,PORTEÑA,SAN JUSTO,CÓRDOBA,140246500,SARMIENTO 217 CENTRO PORTEÑA
3438,INSTITUTO BERNARDO D`ELIA,INSTITUTO BERNARDO DELIA,VILLA CARLOS PAZ,PUNILLA,CÓRDOBA,140286600,Av. ASUNCION 440 LA QUINTA VILLA CARLOS PAZ
3439,INSTITUTO BERNARDO HOUSSAY,INSTITUTO BERNARDO HOUSSAY,CORDOBA,CAPITAL,CÓRDOBA,140438300,AV. ARTURO CAPDEVILA 709 AMPLIACION RESIDENCIAL AMERICA B° AMPLIACION RESIDENCIAL AMERICA
3440,INSTITUTO BERROTARAN,INSTITUTO BERROTARAN,BERROTARAN,RIO CUARTO,CÓRDOBA,140528800,AQUILINO ARGUELLO ARDILES 207 CENTRO BERROTARAN
3441,INSTITUTO BILINGUE DANTE ALIGHIERI,INSTITUTO BILINGUE DANTE ALIGHIERI,VILLA CARLOS PAZ,PUNILLA,CÓRDOBA,140442200,ALFONSINA STORNI  LA QUINTA VILLA CARLOS PAZ
3442,INSTITUTO BILINGÜE SAGRADA FAMILIA,INSTITUTO BILINGÜE SAGRADA FAMILIA,VICUÑA MACKENNA,RIO CUARTO,CÓRDOBA,140537300,VIRGILIO MIRA 580  VICUÑA MAKENNA
3443,INSTITUTO BILINGÜE SAGRADA FAMILIA,INSTITUTO BILINGÜE SAGRADA FAMILIA,VICUÑA MACKENNA,RIO CUARTO,CÓRDOBA,140543700,VIRGILIO MIRA 580 SUR VICUÑA MACKENNA
3444,INSTITUTO BILINGUE SAN IGNACIO DE LOYOLA,INSTITUTO BILINGUE SAN IGNACIO DE LOYOLA,RIO CUARTO,RIO CUARTO,CÓRDOBA,140551400,GUARDIANES NACIONALES 1400 VILLA DALCAR RIO CUARTO
3445,INSTITUTO BILINGÜE SAN IGNACIO DE LOYOLA,INSTITUTO BILINGÜE SAN IGNACIO DE LOYOLA,RIO CUARTO,RIO CUARTO,CÓRDOBA,140436900,GUARDIAS NACIONALES 1400 VILLA DALCAR RIO CUARTO
3447,INSTITUTO CARLOS SAAVEDRA LAMAS,INSTITUTO CARLOS SAAVEDRA LAMAS,RIO TERCERO,TERCERO ARRIBA,CÓRDOBA,140162200,HILARIO CUADROS Y EDMUNDO CARTOS S/N  CABERO RIO TERCERO
3241,INST. CATOLICO SUP. DEL PROFESORADO,INSTITUTO CATOLICO SUPERIOR DEL PROFESORADO,CORDOBA,CAPITAL,CÓRDOBA,140093400,VELEZ SARSFIELD 539 NUEVA CORDOBA B° NUEVA CORDOBA
3448,INSTITUTO CEBA,INSTITUTO CEBA,CORDOBA,CAPITAL,CÓRDOBA,140436400,RIVERA INDARTE 337 CENTRO Bº CENTRO
3240,INST. C.E.D.(CENTRO DE ESTUDIOS A DISTANCIA),INSTITUTO CED (CENTRO DE ESTUDIOS A DISTANCIA),CORDOBA,CAPITAL,CÓRDOBA,140470400,INDEPENDENCIA 233 CENTRO B° CENTRO
3449,INSTITUTO CEFERINO NAMUNCURA,INSTITUTO CEFERINO NAMUNCURA,CORDOBA,CAPITAL,CÓRDOBA,140297200,CIUDAD DEL BARCO 3315 LA FRANCE
3450,INSTITUTO CENTRO EDUCATIVO MAIMONIDES,INSTITUTO CENTRO EDUCATIVO MAIMONIDES,CORDOBA,CAPITAL,CÓRDOBA,140575900,ISLAS del ATLANTICO SUR  4338 PADRE CLARET B° PADRE CLARET
3446,INSTITUTO C.I.E.P,INSTITUTO CIEP,VILLA MARIA,GENERAL SAN MARTIN,CÓRDOBA,140519600,CORRIENTES 570 CENTRO VILLA MARIA
3451,INSTITUTO CINCO RIOS,INSTITUTO CINCO RIOS,VILLA ALLENDE,COLON,CÓRDOBA,140454800,AV. PADRE LUCHESSE KM 2   VILLA ALLENDE
3452,INSTITUTO CITA CON LA VIDA,INSTITUTO CITA CON LA VIDA,CORDOBA,CAPITAL,CÓRDOBA,140582000,JOSE LUIS CABRAL 4950 TEODORO FELS B° TEODORO FELS (DUARTE QUIROS 4949)
3453,INSTITUTO COLEGIO CONCORDIA,INSTITUTO COLEGIO CONCORDIA,RIO CUARTO,RIO CUARTO,CÓRDOBA,140090800,PEDRO VARGAS 260 INDUSTRIAL RIO CUARTO
3454,INSTITUTO COLEGIO SAN JOSE,INSTITUTO COLEGIO SAN JOSE,CORDOBA,CAPITAL,CÓRDOBA,140304400,SOL DE MAYO 726 ALTO ALBERDI B° ALTO ALBERDI
3455,INSTITUTO COLEGIO SAN JOSE,INSTITUTO COLEGIO SAN JOSE,CORDOBA,CAPITAL,CÓRDOBA,140344800,CASEROS 3055 ALTO ALBERDI B° ALTO ALBERDI
3456,INSTITUTO CORAZON DE MARIA,INSTITUTO CORAZON DE MARIA,CORDOBA,CAPITAL,CÓRDOBA,140270800,ANTONIO DEL VISO 445 ALTA CORDOBA B° ALTA CORDOBA
3457,INSTITUTO CRISTO REY,INSTITUTO CRISTO REY,CORDOBA,CAPITAL,CÓRDOBA,140011400,CURA BROCHERO 753 GENERAL BUSTOS B° GENERAL BUSTOS
3458,INSTITUTO CRISTO REY,INSTITUTO CRISTO REY,MORTEROS,SAN JUSTO,CÓRDOBA,140110700,BV. 9 DE JULIO 1008 CENTRO MORTEROS
3459,INSTITUTO CRISTO REY,INSTITUTO CRISTO REY,RIO CUARTO,RIO CUARTO,CÓRDOBA,140213500,CONSTITUCION 400 CENTRO RIO CUARTO
3460,INSTITUTO CURA BROCHERO,INSTITUTO CURA BROCHERO,VILLA CONCEPCION DEL TIO,SAN JUSTO,CÓRDOBA,140357500,SAN MARTIN 476  VILLA CONCEPCION DEL TIO
3461,INSTITUTO DALMACIO VELEZ SARSFIELD,INSTITUTO DALMACIO VELEZ SARSFIELD,CORDOBA,CAPITAL,CÓRDOBA,140222600,CIPRIANO PERELLO 4747 FERREYRA SUD B° FERREYRA SUD
3462,INSTITUTO DALMACIO VELEZ SARSFIELD,INSTITUTO DALMACIO VELEZ SARSFIELD,JUSTINIANO POSSE,UNION,CÓRDOBA,140542100,BELGRANO 222 CENTRO JUSTINIANO POSSE
3463,INSTITUTO DANDELION,INSTITUTO DANDELION,SALDAN,COLON,CÓRDOBA,140550300,9 DE JULIO 362 CENTRO SALDAN
3464,INSTITUTO DANDELION,INSTITUTO DANDELION,SALDAN,COLON,CÓRDOBA,140566400,INCHIN 68 CENTRO SALDAN
3465,INSTITUTO DANTE ALIGHIERI,INSTITUTO DANTE ALIGHIERI,CORDOBA,CAPITAL,CÓRDOBA,140304200,JOSE JAVIER DIAZ 481 IPONA B° IPONA
3466,INSTITUTO DANTE ALIGHIERI,INSTITUTO DANTE ALIGHIERI,LA FALDA,PUNILLA,CÓRDOBA,140464700,LEOPOLDO LUGONES 341 CENTRO LA FALDA
3467,INSTITUTO DANTE ALIGHIERI,INSTITUTO DANTE ALIGHIERI,SAN FRANCISCO,SAN JUSTO,CÓRDOBA,140543800,AV DE LA UNIVERSIDAD 387 LAS ROSAS SAN FRANCISCO
3468,INSTITUTO DE ARIAS,INSTITUTO DE ARIAS,ARIAS,MARCOS JUAREZ,CÓRDOBA,140193300,SANTA FE 1414 VILLA DEL ROSARIO ARIAS
3469,INSTITUTO DE EDUCACION ACTIVA JOHN DEWEY,INSTITUTO DE EDUCACION ACTIVA JOHN DEWEY,CORDOBA,CAPITAL,CÓRDOBA,140578500,ETRURIA 7755 VILLA RIVERA INDARTE B° VILLA RIVERA INDARTE
3470,INSTITUTO DE EDUCACION CORDOBA,INSTITUTO DE EDUCACION CORDOBA,CORDOBA,CAPITAL,CÓRDOBA,140212900,FRIULI 2046 COLINAS DE VELEZ SARSFIELD B° COLINAS DE VELEZ SARSFIELD
3246,INST. DE ED. ESP. AMANECER,INSTITUTO DE EDUCACION ESPECIAL AMANECER,GENERAL DEHEZA,JUAREZ CELMAN,CÓRDOBA,140384300,INTENDENTE JOSE FROUTE 1150 RIBETTO GRAL. DEHEZA
3242,INST. DE ED. ESP. A.P.A.D.I.M.,INSTITUTO DE EDUCACION ESPECIAL APADIM,CORDOBA,CAPITAL,CÓRDOBA,140326300,AV. VELEZ SARSFIELD 5000 RESIDENCIAL SANTA ROSA B° RESIDENCIAL SANTA ROSA
3243,INST. DE ED. ESP. A.P.A.D.I.M. RIO TERCERO,INSTITUTO DE EDUCACION ESPECIAL APADIM RIO TERCERO,RIO TERCERO,TERCERO ARRIBA,CÓRDOBA,140395600,PRESIDENTE ARTURO ILLIA 860 SARMIENTO RIO TERCERO
3244,INST. DE ED. ESP. A.P.A.D.I.M. SAN FRANCISCO,INSTITUTO DE EDUCACION ESPECIAL APADIM SAN FRANCISCO,SAN FRANCISCO,SAN JUSTO,CÓRDOBA,140303000,BV.HIPOLITO IRIGOYEN 1575 LA MILKA SAN FRANCISCO
3245,INST. DE ED. ESP. A.R.E.N.A.,INSTITUTO DE EDUCACION ESPECIAL ARENA,CORDOBA,CAPITAL,CÓRDOBA,140440200,PJE. FELIX AGUILAR 1231 PASO DE LOS ANDES B° PASO DE LOS ANDES
3247,INST. DE ED. ESP. C.E.I.C.A. (CENTRO ED.INTEG.CAMILO ALDAO),INSTITUTO DE EDUCACION ESPECIAL CEICA (CENTRO EDUCACION INTEGRAL CAMILO ALDAO),CAMILO ALDAO,MARCOS JUAREZ,CÓRDOBA,140365700,9 DE JULIO 940 CENTRO CAMILO ALDAO
3248,INST. DE ED. ESP. CKARI CAY,INSTITUTO DE EDUCACION ESPECIAL CKARI CAY,CORDOBA,CAPITAL,CÓRDOBA,140440100,COMECHINGONES 1359 LOS PLATANOS B°LOS PLATANOS
3249,INST. DE ED. ESP. CRECER,INSTITUTO DE EDUCACION ESPECIAL CRECER,NOETINGER,UNION,CÓRDOBA,140372500,ARQ. ALICIA ARAUS 420  NOETINGER
3250,INST. DE ED. ESP. DALMACIO V. SARSFIELD,INSTITUTO DE EDUCACION ESPECIAL DALMACIO V SARSFIELD,JUSTINIANO POSSE,UNION,CÓRDOBA,140412800,BELGRANO 238 CENTRO JUSTINIANO POSSE
3251,INST. DE ED. ESP. DE REHAB. AMANECER,INSTITUTO DE EDUCACION ESPECIAL DE REHABILITACION AMANECER,FREYRE,SAN JUSTO,CÓRDOBA,140249100,BV. 12 DE OCTUBRE 81 MALVINAS FREYRE
3252,INST. DE ED. ESP. DEL ROSARIO,INSTITUTO DE EDUCACION ESPECIAL DEL ROSARIO,VILLA MARIA,GENERAL SAN MARTIN,CÓRDOBA,140473100,MENDOZA S/N  LAS MALVINAS VILLA MARIA
3253,INST. DE ED. ESP. DIVINA PROVIDENCIA,INSTITUTO DE EDUCACION ESPECIAL DIVINA PROVIDENCIA,CORDOBA,CAPITAL,CÓRDOBA,140342400,GOBERNADOR JOSE ESTEBAN BUSTOS 873 URCA B° URCA
3254,INST. DE ED. ESP. DON ORIONE,INSTITUTO DE EDUCACION ESPECIAL DON ORIONE,CORDOBA,CAPITAL,CÓRDOBA,140411500,AV. ARMADA ARGENTINA 2440 SANTA ISABEL 1RA. SECCION B° SANTA ISABEL 1RA. SECCION-CNO.A ALTA GRACIA KM. 7
3255,INST. DE ED. ESP. DON ORIONE,INSTITUTO DE EDUCACION ESPECIAL DON ORIONE,SAN FRANCISCO,SAN JUSTO,CÓRDOBA,140471000,LAMADRID 2900 COTTOLENGO SAN FRANCISCO
3256,INST. DE ED. ESP. EL AMANECER,INSTITUTO DE EDUCACION ESPECIAL EL AMANECER,LAS VARILLAS,SAN JUSTO,CÓRDOBA,140261500,SARGENTO CABRAL 764 CENTRAL ARGENTINO LAS VARILLAS
3257,INST. DE ED. ESP. EL PUENTE,INSTITUTO DE EDUCACION ESPECIAL EL PUENTE,CORDOBA,CAPITAL,CÓRDOBA,140079000,GENERAL TOMAS GUIDO 1027 SAN MARTIN B° SAN MARTIN
3258,INST. DE ED. ESP. EL SOL,INSTITUTO DE EDUCACION ESPECIAL EL SOL,CORDOBA,CAPITAL,CÓRDOBA,140127400,JOSE COLOMBRES 938 SAN MARTIN B° SAN MARTIN (FRENTE A LA PLAZA JOSE LUIS CUCHIUFO )
3259,INST. DE ED. ESP. FRAY MAMERTO ESQUIU,INSTITUTO DE EDUCACION ESPECIAL FRAY MAMERTO ESQUIU,ONCATIVO,RIO SEGUNDO,CÓRDOBA,140122100,SARMIENTO 451 CENTRO ONCATIVO
3260,INST. DE ED. ESP. I.N.E.D.,INSTITUTO DE EDUCACION ESPECIAL INED,CORRAL DE BUSTOS,MARCOS JUAREZ,CÓRDOBA,140266300,PRESBITERO GONZALEZ 155  CORRAL DE BUSTOS
3261,INST. DE ED. ESP. MADRE ARGENTINA,INSTITUTO DE EDUCACION ESPECIAL MADRE ARGENTINA,LA FALDA,PUNILLA,CÓRDOBA,140291500,LISANDRO DE LA TORRE 658 VILLA CAPRICHOSA LA FALDA
3262,INST. DE ED. ESP. MARIA CRISTINA PICABEA DE GALASSI,INSTITUTO DE EDUCACION ESPECIAL MARIA CRISTINA PICABEA DE GALASSI,LABORDE,UNION,CÓRDOBA,140390500,JOSE MANUEL ESTRADA 159  LABORDE
3263,INST. DE ED. ESP. MARIA MONTESSORI,INSTITUTO DE EDUCACION ESPECIAL MARIA MONTESSORI,HERNANDO,TERCERO ARRIBA,CÓRDOBA,140040800,RUTA PROVINCIAL N°10  BELGRANO HERNANDO P/RUTA PROV.N°10-CNO. A PUNTA DEL AGUA
3264,INST. DE ED. ESP. MARIA MONTESSORI,INSTITUTO DE EDUCACION ESPECIAL MARIA MONTESSORI,BELL VILLE,UNION,CÓRDOBA,140049600,LIBERTAD 599 ARTEMIO ARAN BELL VILLE
3265,INST. DE ED. ESP. MARIETTE LYDIS,INSTITUTO DE EDUCACION ESPECIAL MARIETTE LYDIS,VILLA CARLOS PAZ,PUNILLA,CÓRDOBA,140079300,CASSAFFOUSTH 85 CENTRO NORTE VILLA CARLOS PAZ
3266,INST. DE ED. ESP. MATER,INSTITUTO DE EDUCACION ESPECIAL MATER,CORDOBA,CAPITAL,CÓRDOBA,140472100,JUAN ARGAÑARAZ 1756 VILLA CABRERA B° VILLA CABRERA
3267,INST. DE ED. ESP. NIÑO JESUS,INSTITUTO DE EDUCACION ESPECIAL NIÑO JESUS,COLONIA CAROYA,COLON,CÓRDOBA,140347200,FORTUNATO RIZZI (EX 41) 3847 RENE FAVALORO COLONIA CAROYA
3276,INST. DE ED.ESPECIAL NUESTRA SEÑORA DE ITATI,INSTITUTO DE EDUCACION ESPECIAL NUESTRA SEÑORA DE ITATI,CORDOBA,CAPITAL,CÓRDOBA,140535100,AMELIA FIGUEREDO DE PIETRA 1615 PARQUE LICEO 1RA. SECCION B° PARQUE LICEO 1RA. SECCION-CLUB VILLA RETIRO
3268,INST. DE ED. ESP. PABLO VI,INSTITUTO DE EDUCACION ESPECIAL PABLO VI,LEONES,MARCOS JUAREZ,CÓRDOBA,140352300,AVDA. DEL LIBERTADOR 1042 CENTRO LEONES
3269,INST. DE ED. ESP. PAULINA DOMINGUEZ,INSTITUTO DE EDUCACION ESPECIAL PAULINA DOMINGUEZ,ALTA GRACIA,SANTA MARIA,CÓRDOBA,140245000,URQUIZA 425 SUR ALTA GRACIA
3270,INST. DE ED. ESP. SAN JOSE (INST.BERROTARAN),INSTITUTO DE EDUCACION ESPECIAL SAN JOSE (INST BERROTARAN),BERROTARAN,RIO CUARTO,CÓRDOBA,140472900,AQUILINO ARGUELLO ARDILES 531 CENTRO BERROTARAN
3271,INST. DE ED. ESP. SANTO TOMAS,INSTITUTO DE EDUCACION ESPECIAL SANTO TOMAS,RIO CUARTO,RIO CUARTO,CÓRDOBA,140470800,PANAMA 350 BANDA NORTE RIO CUARTO
3272,INST. DE ED. ESP. SILOE,INSTITUTO DE EDUCACION ESPECIAL SILOE,BRINCKMANN,SAN JUSTO,CÓRDOBA,140439400,AVENIDA BRINKMANN 765 SAN JORGE BRINKMANN
3273,INST. DE ED. ESP. SULLAI,INSTITUTO DE EDUCACION ESPECIAL SULLAI,CORDOBA,CAPITAL,CÓRDOBA,140471200,GASPAR DE MEDINA 333 MARQUES DE SOBREMONTE Bº MARQUES DE SOBREMONTE
3274,INST. DE ED. ESP. TALLER BETHEL,INSTITUTO DE EDUCACION ESPECIAL TALLER BETHEL,VILLA ALLENDE,COLON,CÓRDOBA,140309800,URQUIZA 74 CENTRO VILLA ALLENDE
3275,INST. DE ED. ESP. VILLA DEL ROSARIO,INSTITUTO DE EDUCACION ESPECIAL VILLA DEL ROSARIO,VILLA DEL ROSARIO,RIO SEGUNDO,CÓRDOBA,140396500,MARTIN OLMOS Y AGUILERA 1119  VILLA DEL ROSARIO
3471,INSTITUTO DE ENSEÑANZA DOMINGO F. SARMIENTO Nivel Medio y Tecnico,INSTITUTO DE ENSEÑANZA DOMINGO F SARMIENTO Nivel Medio y Tecnico,LA CALERA,COLON,CÓRDOBA,140410100,BELGRANO 711 CENTRO LA CALERA
3277,INST. DE ENSEÑANZA DOMINGO FAUSTINO SARMIENTO,INSTITUTO DE ENSEÑANZA DOMINGO FAUSTINO SARMIENTO,CORDOBA,CAPITAL,CÓRDOBA,140292400,LOPEZ Y PLANES 2253 SAN VICENTE B° SAN VICENTE
3472,INSTITUTO DE ENSEÑANZA DOMINGO FAUSTINO SARMIENTO (NIVEL SECUNDARIO Y TECNICO),INSTITUTO DE ENSEÑANZA DOMINGO FAUSTINO SARMIENTO (NIVEL SECUNDARIO Y TECNICO),CORDOBA,CAPITAL,CÓRDOBA,140380100,LOPEZ Y PLANES 2253 SAN VICENTE B° SAN VICENTE
3473,INSTITUTO DE ENSEÑANZA I.E.S.,INSTITUTO DE ENSEÑANZA IES,VILLA CARLOS PAZ,PUNILLA,CÓRDOBA,140239800,SOLIS 283 VILLA DOMINGUEZ VILLA CARLOS PAZ
3474,INSTITUTO DE ENSEÑANZA JOSE MANUEL ESTRADA,INSTITUTO DE ENSEÑANZA JOSE MANUEL ESTRADA,ALTOS DE CHIPION,SAN JUSTO,CÓRDOBA,140339500,DALLA FONTANA 689  ALTOS DE CHIPION
3475,INSTITUTO DE ENSEÑANZA MEDIA JOVITA,INSTITUTO DE ENSEÑANZA MEDIA JOVITA,JOVITA,GENERAL ROCA,CÓRDOBA,140401200,GENERAL PAZ 165  JOVITA
3476,INSTITUTO DE ESTUDIOS SECUND.DE SGO.TEMPLE,INSTITUTO DE ESTUDIOS SECUNDARIOS DE SANTIAGO TEMPLE,SANTIAGO TEMPLE,RIO SEGUNDO,CÓRDOBA,140327500,SAN MARTIN 433 NORTE SANTIAGO TEMPLE
3477,INSTITUTO DE ESTUDIOS SUPERIORES SIGLO 21 COLEGIO UNIVERSITARIO,INSTITUTO DE ESTUDIOS SUPERIORES SIGLO 21 COLEGIO UNIVERSITARIO,CORDOBA,CAPITAL,CÓRDOBA,140549100,RONDEAU 165 NUEVA CORDOBA BARRIO NUEVA CORDOBA
3478,INSTITUTO DE LA FAMILIA AGRICOLA,INSTITUTO DE LA FAMILIA AGRICOLA,TUCLAME,CRUZ DEL EJE,CÓRDOBA,140371300,MANZANA 2 LOTE 1  IPV TUCLAME
3479,INSTITUTO DE LA INMACULADA,INSTITUTO DE LA INMACULADA,CORDOBA,CAPITAL,CÓRDOBA,140233300,MADRE BRIGIDA PASTORINO 2733 VILLA CORINA EX CESAREO DOMINGUEZ (CALLE)
3480,INSTITUTO DE LA INMACULADA,INSTITUTO DE LA INMACULADA,CORDOBA,CAPITAL,CÓRDOBA,140338900,ENTRE RIOS 142 CENTRO B° CENTRO
3481,INSTITUTO DE LA SAGRADA FAMILIA,INSTITUTO DE LA SAGRADA FAMILIA,CORDOBA,CAPITAL,CÓRDOBA,140333000,TUCUMAN 550 CENTRO B° CENTRO
3482,INSTITUTO DE MARIA,INSTITUTO DE MARIA,CORDOBA,CAPITAL,CÓRDOBA,140462400,DAVID LUQUE 560 GENERAL PAZ B° GENERAL PAZ(AL FRENTE CLINICA REINA FABIOLA)
3483,INSTITUTO DE NIVEL MEDIO LA FRANCIA,INSTITUTO DE NIVEL MEDIO LA FRANCIA,LA FRANCIA,SAN JUSTO,CÓRDOBA,140357000,AV. 24 DE SEPTIEMBRE 493 CENTRO LA FRANCIA
3278,"INST. DE REHABILITACIÓN, EDUCACIÓN Y FORMACIÓN PARA EL DISCAPACITADO MENTAL (Ex I.R.A.M)",INSTITUTO DE REHABILITACIÓN EDUCACIÓN Y FORMACIÓN PARA EL DISCAPACITADO MENTAL (Ex I R A M),CORDOBA,CAPITAL,CÓRDOBA,140335800,BAJADA PUCARA 1000 NUEVA CORDOBA B°NUEVA CORDOBA
3484,INSTITUTO DE SAN JOSE (H.H.DOMINICAS),INSTITUTO DE SAN JOSE (H H DOMINICAS),CORDOBA,CAPITAL,CÓRDOBA,140236200,MARIANO MORENO 108 ALBERDI B° ALBERDI
3485,INSTITUTO DEAN FUNES,INSTITUTO DEAN FUNES,CORDOBA,CAPITAL,CÓRDOBA,140407500,BV.CANGALLO 1888 1º DE MAYO B° 1 DE MAYO
3486,INSTITUTO DEL CARMEN,INSTITUTO DEL CARMEN,CORDOBA,CAPITAL,CÓRDOBA,140298300,AV. RECTA MARTINOLI 6460 ARGUELLO B° ARGUELLO
3487,INSTITUTO DEL ESPIRITU SANTO,INSTITUTO DEL ESPIRITU SANTO,RIO CEBALLOS,COLON,CÓRDOBA,140044500,AV. SAN MARTIN 5109 CENTRO RIO CEBALLOS
3279,INST. DEL INMACULADO CORAZON DE MARIA  ADORATRICES,INSTITUTO DEL INMACULADO CORAZON DE MARIA ADORATRICES,VILLA DEL ROSARIO,RIO SEGUNDO,CÓRDOBA,140524000,COLON 1015  VILLA DEL ROSARIO
3488,INSTITUTO DEL INMACULADO CORAZÓN DE MARIA ADORATRICES,INSTITUTO DEL INMACULADO CORAZÓN DE MARIA ADORATRICES,CORDOBA,CAPITAL,CÓRDOBA,140231700,ROSARIO DE SANTA FE 540 CENTRO B° CENTRO
3489,INSTITUTO DEL ROSARIO,INSTITUTO DEL ROSARIO,VILLA MARIA,GENERAL SAN MARTIN,CÓRDOBA,140473000,BV.MARCELO T.DE ALVEAR 68 CENTRO VILLA MARIA
3490,INSTITUTO DEL ROSARIO PROF. GABRIELA MISTRAL,INSTITUTO DEL ROSARIO PROFESORA GABRIELA MISTRAL,VILLA MARIA,GENERAL SAN MARTIN,CÓRDOBA,140233600,BV. ALVEAR 68 CENTRO VILLA MARIA
3491,INSTITUTO DEL SANTISIMO ROSARIO,INSTITUTO DEL SANTISIMO ROSARIO,SANTA ROSA DE RIO PRIMERO,RIO PRIMERO,CÓRDOBA,140009000,SAN MARTIN 756  Ubicado frente Supermercado ALMACOR
3492,INSTITUTO DIOCESANO NUESTRA SEÑORA DEL HUERTO,INSTITUTO DIOCESANO NUESTRA SEÑORA DEL HUERTO,BELL VILLE,UNION,CÓRDOBA,140561100,25 DE MAYO 59 CENTRO BELL VILLE
3493,INSTITUTO DIVINO CORAZON,INSTITUTO DIVINO CORAZON,HERNANDO,TERCERO ARRIBA,CÓRDOBA,140259500,25 DE MAYO 100 CENTRO HERNANDO
3494,INSTITUTO DIVINO NIÑO,INSTITUTO DIVINO NIÑO,RIO CUARTO,RIO CUARTO,CÓRDOBA,140531400,AV. SABATTINI 4200 LAS FERIAS RIO CUARTO
3500,INSTITUTO DR. ABRAHAM MOLINA,INSTITUTO DOCTOR ABRAHAM MOLINA,LOS CONDORES,CALAMUCHITA,CÓRDOBA,140023500,URQUIZA 375  LOS CONDORES
3501,INSTITUTO DR. ANTONIO NORES,INSTITUTO DOCTOR ANTONIO NORES,CORDOBA,CAPITAL,CÓRDOBA,140442300,JULIO DE VEDIA 2351 YOFRE NORTE B° YOFRE NORTE
3495,INSTITUTO DOCTOR DALMACIO VELEZ SARSFIELD,INSTITUTO DOCTOR DALMACIO VELEZ SARSFIELD,ARROYITO,SAN JUSTO,CÓRDOBA,140541200,BERNARDO ERB 382  ARROYITO
3502,INSTITUTO DR. DALMACIO VELEZ SARSFIELD,INSTITUTO DOCTOR DALMACIO VELEZ SARSFIELD,CORDOBA,CAPITAL,CÓRDOBA,140127000,ALEJANDRO AGUADO 571 GENERAL BUSTOS B° GENERAL BUSTOS
3503,INSTITUTO DR. DALMACIO VELEZ SARSFIELD,INSTITUTO DOCTOR DALMACIO VELEZ SARSFIELD,LA CRUZ,CALAMUCHITA,CÓRDOBA,140236800,SARMIENTO 236 CENTRO LA CRUZ - A MEDIA CUADRA DE LA POLICIA
3504,INSTITUTO DR. DALMACIO VELEZ SARSFIELD,INSTITUTO DOCTOR DALMACIO VELEZ SARSFIELD,ARROYITO,SAN JUSTO,CÓRDOBA,140413000,BERNARDO ERB 382  ARROYITO
3505,INSTITUTO DR. ERASMO ELISEIRI,INSTITUTO DOCTOR ERASMO ELISEIRI,ALEJO LEDESMA,MARCOS JUAREZ,CÓRDOBA,140436800,HIPOLITO YRIGOYEN 757 CENTRO ALEJO LEDESMA
3506,INSTITUTO DR. MANUEL BELGRANO,INSTITUTO DOCTOR MANUEL BELGRANO,SANTA EUFEMIA,JUAREZ CELMAN,CÓRDOBA,140331200,AVDA. PTE. PERON 591  SANTA EUFEMIA
3507,INSTITUTO DR. MANUEL LUCERO,INSTITUTO DOCTOR MANUEL LUCERO,CORDOBA,CAPITAL,CÓRDOBA,140271100,LAVALLEJA 2257 ALTA CORDOBA B° ALTA CORDOBA
3496,INSTITUTO DOMINGO FAUSTINO SARMIENTO,INSTITUTO DOMINGO FAUSTINO SARMIENTO,ALICIA,SAN JUSTO,CÓRDOBA,140098700,25 DE MAYO 38  ALICIA
3497,INSTITUTO DOMINGO FAUSTINO SARMIENTO,INSTITUTO DOMINGO FAUSTINO SARMIENTO,BRINCKMANN,SAN JUSTO,CÓRDOBA,140580300,CASEROS 140 MANUEL BELGRANO BRINKMANN
3498,INSTITUTO DOMINGO SAVIO,INSTITUTO DOMINGO SAVIO,CORDOBA,CAPITAL,CÓRDOBA,140342000,AVENIDA CARCANO 75 DON BOSCO OBRA DON BOSCO
3499,INSTITUTO DON ORIONE,INSTITUTO DON ORIONE,CORDOBA,CAPITAL,CÓRDOBA,140455900,JOSE BENITO COTTOLENGO 1955 SANTA ISABEL 1RA. SECCION B° SANTA ISABEL 1RA. SECCION-CNO.A ALTA GRACIA KM. 7
3280,INST. ED.ESPECIAL MADRE TERESA DE CALCUTA,INSTITUTO EDUCACION ESPECIAL MADRE TERESA DE CALCUTA,POZO DEL MOLLE,RIO SEGUNDO,CÓRDOBA,140533500,CORRIENTES 51 CENTRO POZO DEL MOLLE
3508,INSTITUTO EDUCACIONAL JOSE HERNANDEZ,INSTITUTO EDUCACIONAL JOSE HERNANDEZ,CORDOBA,CAPITAL,CÓRDOBA,140231400,PABLO DE GUZMAN 131 MARQUES DE SOBREMONTE B° MARQUES DE SOBREMONTE
3509,INSTITUTO EDUCACIONAL SAN JORGE,INSTITUTO EDUCACIONAL SAN JORGE,CORDOBA,CAPITAL,CÓRDOBA,140337900,AV. MAIPU 66 CENTRO B° CENTRO
3510,INSTITUTO EDUCATIVO ALTA CORDOBA,INSTITUTO EDUCATIVO ALTA CORDOBA,CORDOBA,CAPITAL,CÓRDOBA,140565900,JUJUY 2602 ALTA CORDOBA B° ALTA CORDOBA
3511,INSTITUTO EDUCATIVO EL LIBERTADOR,INSTITUTO EDUCATIVO EL LIBERTADOR,MARCOS JUAREZ,MARCOS JUAREZ,CÓRDOBA,140547300,AV. LEANDRO N. ALEM 671 CENTRO MARCOS JUAREZ
3512,INSTITUTO EDUCATIVO JOCKEY CLUB RIO CUARTO,INSTITUTO EDUCATIVO JOCKEY CLUB RIO CUARTO,RIO CUARTO,RIO CUARTO,CÓRDOBA,140543600,PRESIDENTE PERON OESTE 1605 HIPODROMO RIO CUARTO
3513,INSTITUTO EDUCATIVO JOCKEY CLUB RIO CUARTO,INSTITUTO EDUCATIVO JOCKEY CLUB RIO CUARTO,RIO CUARTO,RIO CUARTO,CÓRDOBA,140548500,PRESIDENTE PERON (OESTE) 1605 BIMACO RIO CUARTO
3514,INSTITUTO EDUCATIVO JOCKEY CLUB RIO CUARTO,INSTITUTO EDUCATIVO JOCKEY CLUB RIO CUARTO,RIO CUARTO,RIO CUARTO,CÓRDOBA,140575300,PRESIDENTE PERON OESTE 1605 HIPODROMO RIO CUARTO
3515,INSTITUTO EDUCATIVO NUEVO MILENIO,INSTITUTO EDUCATIVO NUEVO MILENIO,UNQUILLO,COLON,CÓRDOBA,140482500,CRUCERO GENERAL BELGRANO  LOS TALITAS UNQUILLO
3516,INSTITUTO EDUCATIVO SOCIEDAD RURAL RIO CUARTO,INSTITUTO EDUCATIVO SOCIEDAD RURAL RIO CUARTO,RIO CUARTO,RIO CUARTO,CÓRDOBA,140577700,AV. AMADEO SABATTINI 3801 LAS FERIAS RIO CUARTO
3517,INSTITUTO EL CAMINANTE,INSTITUTO EL CAMINANTE,VILLA MARIA,GENERAL SAN MARTIN,CÓRDOBA,140470600,DEAN FUNES 1720 PARQUE NORTE VILLA MARIA
3518,INSTITUTO EL LIBERTADOR,INSTITUTO EL LIBERTADOR,MARCOS JUAREZ,MARCOS JUAREZ,CÓRDOBA,140582200,AV. LEANDRO N. ALEM 671 CENTRO MARCOS JUAREZ
3519,INSTITUTO EL SALVADOR,INSTITUTO EL SALVADOR,CORDOBA,CAPITAL,CÓRDOBA,140169700,ROMULO CARBIA 2757 POETA LUGONES B°POETA LUGONES (CPC MONSEÑOR PABLO CABRERA)
3520,INSTITUTO EL SALVADOR,INSTITUTO EL SALVADOR,SANTA ROSA DE RIO PRIMERO,RIO PRIMERO,CÓRDOBA,140234000,BELGRANO 301  SANTA ROSA DE RIO PRIMERO
3521,INSTITUTO EL SEMBRADOR,INSTITUTO EL SEMBRADOR,MINA CLAVERO,SAN ALBERTO,CÓRDOBA,140364800,MERLO 700 VILLA LUJAN entre Los Prados y Villanueva
3522,INSTITUTO EL TORREON,INSTITUTO EL TORREON,VILLA ALLENDE,COLON,CÓRDOBA,140209600,AVENIDA PADRE LUCCHESE 4701 COUNTRY CHACRAS DE LA VILLA COUNTRY CHACRAS DE LA VILLA - VILLA ALLENDE
3523,INSTITUTO EMPALME CR. ABEL GONZALEZ LACANNA,INSTITUTO EMPALME CR ABEL GONZALEZ LACANNA,CORDOBA,CAPITAL,CÓRDOBA,140426800,LAS ARRIAS 4073 EMPALME B°EMPALME
3525,INSTITUTO ESCUELA ADOLFO BIOY CASARES,INSTITUTO ESCUELA ADOLFO BIOY CASARES,CORDOBA,CAPITAL,CÓRDOBA,140436500,PEREDO 1572 CUPANI B° CUPANI
3524,INSTITUTO ESC. DE LA FAMILIA AGRICOLA,INSTITUTO ESCUELA DE LA FAMILIA AGRICOLA,COLONIA CAROYA,COLON,CÓRDOBA,140356600,LOTE 44 C  PUESTO VIEJO COLONIA CAROYA
3281,INST. ESCUELA PARROQUIAL SAN LUIS GONZAGA,INSTITUTO ESCUELA PARROQUIAL SAN LUIS GONZAGA,RIO SEGUNDO,RIO SEGUNDO,CÓRDOBA,140216700,URUGUAY  FRANCISCO MARTINEZ RIO SEGUNDO
3526,INSTITUTO ESCUELAS PIAS,INSTITUTO ESCUELAS PIAS,CORDOBA,CAPITAL,CÓRDOBA,140334000,AV. 24 DE SETIEMBRE 1265 GENERAL PAZ B° GENERAL PAZ
3527,INSTITUTO ESCUELAS PIAS DE MENDIOLAZA,INSTITUTO ESCUELAS PIAS DE MENDIOLAZA,MENDIOLAZA,COLON,CÓRDOBA,140571000,RUTA PROVINCIAL E57 S/N°  EL PERCHEL MENDIOLAZA
3528,INSTITUTO ESCUELAS PIAS DE RIO CUARTO,INSTITUTO ESCUELAS PIAS DE RIO CUARTO,RIO CUARTO,RIO CUARTO,CÓRDOBA,140300600,AVENIDA GRAL ROCA 701 CENTRO - RIO CUARTO RIO CUARTO
3529,INSTITUTO ESPIRITU SANTO,INSTITUTO ESPIRITU SANTO,CORDOBA,CAPITAL,CÓRDOBA,140007300,JORGE ISAACS 4847 PARQUE LICEO 1RA. SECCION B° PARQUE LICEO 1RA. SECCION
3530,INSTITUTO ESTEBAN ECHEVERRIA,INSTITUTO ESTEBAN ECHEVERRIA,LA LAGUNA,GENERAL SAN MARTIN,CÓRDOBA,140017600,GENERAL PAZ 556  LA LAGUNA
3531,INSTITUTO EVA FRANCO,INSTITUTO EVA FRANCO,CORDOBA,CAPITAL,CÓRDOBA,140566900,AV JAPON  VILLA RETIRO RUTA 74 KM 7 1/2
3532,INSTITUTO EVA GENTIL FAUST DE PINTO,INSTITUTO EVA GENTIL FAUST DE PINTO,LABORDE,UNION,CÓRDOBA,140390300,BELGRANO 53 CENTRO LABORDE
3533,INSTITUTO FASTA INMACULADA CONCEPCION,INSTITUTO FASTA INMACULADA CONCEPCION,SAN FRANCISCO,SAN JUSTO,CÓRDOBA,140430300,SAENZ PEÑA 1151 CATEDRAL SAN FRANCISCO
3534,INSTITUTO FASTA JESUS DE LA MISERICORDIA,INSTITUTO FASTA JESUS DE LA MISERICORDIA,SAN FRANCISCO,SAN JUSTO,CÓRDOBA,140426100,TOMASA SOSA 1774 SAN CAYETANO SAN FRANCISCO
3535,INSTITUTO FASTA SAGRADO CORAZON,INSTITUTO FASTA SAGRADO CORAZON,MARCOS JUAREZ,MARCOS JUAREZ,CÓRDOBA,140068700,LARDIZABAL 545  MARCOS JUAREZ
3536,INSTITUTO FASTA SANTO DOMINGO DE GUZMAN,INSTITUTO FASTA SANTO DOMINGO DE GUZMAN,CORDOBA,CAPITAL,CÓRDOBA,140297100,TEMISTOCLES CASTELLANO 966 LAS ROSAS B° LAS ROSAS
3537,INSTITUTO FRANCISCO LUIS BERNARDEZ,INSTITUTO FRANCISCO LUIS BERNARDEZ,CORDOBA,CAPITAL,CÓRDOBA,140436600,JOSE P. OTERO 1644 CERRO DE LAS ROSAS B° CERRO DE LAS ROSAS
3538,INSTITUTO FRAY MAMERTO ESQUIU,INSTITUTO FRAY MAMERTO ESQUIU,VILLA DEL DIQUE,CALAMUCHITA,CÓRDOBA,140021500,SARMIENTO 343 CENTRO VILLA DEL DIQUE
3539,INSTITUTO FUNDACION GENERAL PAZ,INSTITUTO FUNDACION GENERAL PAZ,CORDOBA,CAPITAL,CÓRDOBA,140155300,AV. VELEZ SARSFIELD 1285 NUEVA CORDOBA B°NUEVA CORDOBA
3540,INSTITUTO GABRIEL TABORIN,INSTITUTO GABRIEL TABORIN,CORDOBA,CAPITAL,CÓRDOBA,140304000,AV. AMADEO SABATTINI 359 CRISOL NORTE B°CRISOL NORTE
3541,INSTITUTO GALILEO GALILEI,INSTITUTO GALILEO GALILEI,RIO CUARTO,RIO CUARTO,CÓRDOBA,140348300,ALVEAR 1040 CENTRO RIO CUARTO
3542,INSTITUTO GARCIA FAURE,INSTITUTO GARCIA FAURE,CORDOBA,CAPITAL,CÓRDOBA,140245600,JERONIMO LUIS DE CABRERA (O) 834 ALTA CORDOBA B° ALTA CORDOBA
3543,INSTITUTO GENERAL JOSE MARIA PAZ,INSTITUTO GENERAL JOSE MARIA PAZ,MONTE BUEY,MARCOS JUAREZ,CÓRDOBA,140224400,MARIANO MORENO 480  MONTE BUEY
3546,INSTITUTO GRAL. MANUEL BELGRANO,INSTITUTO GENERAL MANUEL BELGRANO,CORDOBA,CAPITAL,CÓRDOBA,140002500,ARMENIA 2080 PUEYRREDON B°PUEYRREDON
3544,INSTITUTO GENERAL PAZ,INSTITUTO GENERAL PAZ,ETRURIA,GENERAL SAN MARTIN,CÓRDOBA,140290900,BV.SRMIENTO 390 CENTRO ETRURIA
3282,INST. GENERAL SAN MARTIN,INSTITUTO GENERAL SAN MARTIN,VILLA ALLENDE,COLON,CÓRDOBA,140264600,TABLADA  CENTRO VILLA ALLENDE
3545,INSTITUTO GENERAL SAN MARTIN,INSTITUTO GENERAL SAN MARTIN,LA CUMBRE,PUNILLA,CÓRDOBA,140284300,9 DE JULIO 564 GOLF LA CUMBRE
3547,INSTITUTO HIPOLITO BOUCHARD,INSTITUTO HIPOLITO BOUCHARD,HIPOLITO BOUCHARD,GENERAL ROCA,CÓRDOBA,140341600,CHARLES GUERRERO 285 CENTRO BUCHARDO
3548,INSTITUTO HISPANO ARGENTINO,INSTITUTO HISPANO ARGENTINO,RIO CUARTO,RIO CUARTO,CÓRDOBA,140439900,FOTHERINGHAM 68 CENTRO RIO CUARTO
3549,INSTITUTO HOGAR ESCUELA MARIA BENITA ARIAS,INSTITUTO HOGAR ESCUELA MARIA BENITA ARIAS,RIO CUARTO,RIO CUARTO,CÓRDOBA,140436700,MONTEVIDEO 751 ALBERDI RIO CUARTO
3550,INSTITUTO HOGAR LA INMACULADA,INSTITUTO HOGAR LA INMACULADA,CORDOBA,CAPITAL,CÓRDOBA,140437700,LEON XIII   8626 VILLA RIVERA INDARTE B° VILLA RIVERA INDARTE
3551,INSTITUTO HORTUS CONCLUSUS,INSTITUTO HORTUS CONCLUSUS,CORDOBA,CAPITAL,CÓRDOBA,140007900,ANTONIO MARIA GIANELLI 551 GENERAL BUSTOS B° GENERAL BUSTOS
3553,INSTITUTO INDUSTRIAL CRISTO OBRERO,INSTITUTO INDUSTRIAL CRISTO OBRERO,VILLA CARLOS PAZ,PUNILLA,CÓRDOBA,140240400,FLORENCIO SANCHEZ 394 LAS MALVINAS VILLA CARLOS PAZ
3554,INSTITUTO ING.ENRIQUE MOSCONI,INSTITUTO INGENIERO ENRIQUE MOSCONI,CORDOBA,CAPITAL,CÓRDOBA,140238800,MARIO BRAVO 2157 1º DE MAYO B° 1º DE MAYO
3555,INSTITUTO INMACULADA CONCEPCION,INSTITUTO INMACULADA CONCEPCION,VILLA NUEVA,GENERAL SAN MARTIN,CÓRDOBA,140156200,MADRE TRANSITO CABANILLAS 416 MADRE TRANSITO CABANILLAS VILLA NUEVA
3556,INSTITUTO INMACULADA CONCEPCION,INSTITUTO INMACULADA CONCEPCION,CORDOBA,CAPITAL,CÓRDOBA,140294700,AV.CASTRO BARROS 1316 SAN MARTIN B° SAN MARTIN
3557,INSTITUTO INTEGRAL DE ARTE PROF. DE ARTES EN TEATRO,INSTITUTO INTEGRAL DE ARTE PROFESORADO DE ARTES EN TEATRO,VILLA MARIA,GENERAL SAN MARTIN,CÓRDOBA,140499700,JOSE INGENIEROS 509 CENTRO VILLA MARIA
3558,INSTITUTO INTEGRAL MANUEL BELGRANO,INSTITUTO INTEGRAL MANUEL BELGRANO,CORDOBA,CAPITAL,CÓRDOBA,140458200,LUIS  BRAILE 2384 SARMIENTO B° SARMIENTO
3559,INSTITUTO INTEGRAL MODELO,INSTITUTO INTEGRAL MODELO,CORDOBA,CAPITAL,CÓRDOBA,140270500,RODRIGUEZ PEÑA 227 ALBERDI B° ALBERDI(FRENTE A PLAZA COLON)
3552,INSTITUTO I.S.A.D.A.,INSTITUTO ISADA,CORDOBA,CAPITAL,CÓRDOBA,140483100,SANTA ROSA 31 CENTRO B° CENTRO
3560,INSTITUTO JESUITA SAGRADA FAMILIA,INSTITUTO JESUITA SAGRADA FAMILIA,CORDOBA,CAPITAL,CÓRDOBA,140289600,BUCHARDO 1675 PUEYRREDON PURYRREDON
3561,INSTITUTO JESUS MARIA,INSTITUTO JESUS MARIA,CORDOBA,CAPITAL,CÓRDOBA,140135800,VIEYTES 1635 AVENIDA
3562,INSTITUTO JESUS MARIA,INSTITUTO JESUS MARIA,LA CALERA,COLON,CÓRDOBA,140224600,BELGRANO 611 CENTRO LA CALERA
3563,"INSTITUTO JESUS, MARIA Y JOSE",INSTITUTO JESUS MARIA Y JOSE,RIO TERCERO,TERCERO ARRIBA,CÓRDOBA,140330100,SAN AGUSTIN 318 NORTE RIO TERCERO
3564,INSTITUTO JOCKEY CLUB CORDOBA,INSTITUTO JOCKEY CLUB CORDOBA,CORDOBA,CAPITAL,CÓRDOBA,140571200,AV VALPARAISO 3595 JARDIN B°JARDIN
3565,INSTITUTO JOHANN GOETHE,INSTITUTO JOHANN GOETHE,VILLA SANTA CRUZ DEL LAGO,PUNILLA,CÓRDOBA,140583100,LAS LILAS S/N  CENTRO VILLA SANTA CRUZ DEL LAGO
3566,INSTITUTO JORGE LUIS BORGES,INSTITUTO JORGE LUIS BORGES,CORDOBA,CAPITAL,CÓRDOBA,140015400,AVENIDA CROACIA 3127 DEAN FUNES B° DEAN FUNES
3567,INSTITUTO JORGE VOCOS LESCANO,INSTITUTO JORGE VOCOS LESCANO,CORDOBA,CAPITAL,CÓRDOBA,140457800,AV.ARMADA ARGENTINA 845 PARQUE LATINO B°PARQUE LATINO
3568,INSTITUTO JORGE VOCOS LESCANO,INSTITUTO JORGE VOCOS LESCANO,RIO SEGUNDO,RIO SEGUNDO,CÓRDOBA,140551200,JULIO A. ROCA 861  RIO SEGUNDO
3569,INSTITUTO JORGE VOCOS LESCANO,INSTITUTO JORGE VOCOS LESCANO,RIO SEGUNDO,RIO SEGUNDO,CÓRDOBA,140553100,JULIO A. ROCA 861  RIO SEGUNDO
3570,INSTITUTO JOSE DE SAN MARTIN,INSTITUTO JOSE DE SAN MARTIN,SAN MARCOS SUD,UNION,CÓRDOBA,140312700,ENTRE RIOS 977  SAN MARCOS SUD
3571,INSTITUTO JOSE HERNANDEZ,INSTITUTO JOSE HERNANDEZ,GENERAL ROCA,MARCOS JUAREZ,CÓRDOBA,140314700,BV. ARTURO ILLIA 467 CENTRO GENERAL ROCA (Frente a la Subcomisaría)
3572,INSTITUTO JOSE MANUEL ESTRADA,INSTITUTO JOSE MANUEL ESTRADA,VILLA DE SOTO,CRUZ DEL EJE,CÓRDOBA,140034600,JOSE IGNACIO PERALTA 339 CENTRO VILLA DE SOTO
3573,INSTITUTO JOSE MANUEL ESTRADA,INSTITUTO JOSE MANUEL ESTRADA,PUEBLO ITALIANO,UNION,CÓRDOBA,140052300,BUENOS AIRES 414 CENTRO PUEBLO ITALIANO (al lado de la MUNICIPALIDAD)
3574,INSTITUTO JOSE MANUEL ESTRADA,INSTITUTO JOSE MANUEL ESTRADA,OBISPO TREJO,RIO PRIMERO,CÓRDOBA,140054800,RIVADAVIA 941  OBISPO TREJO
3575,INSTITUTO JOSE MANUEL ESTRADA,INSTITUTO JOSE MANUEL ESTRADA,GUATIMOZIN,MARCOS JUAREZ,CÓRDOBA,140404000,CATAMARCA 326  GUATIMOZIN
3576,INSTITUTO JOSE MANUEL ESTRADA,INSTITUTO JOSE MANUEL ESTRADA,CORRAL DE BUSTOS,MARCOS JUAREZ,CÓRDOBA,140555200,SANTA FE 667 CENTRO CORRAL DE BUSTOS - MARCOS JUAREZ
3577,INSTITUTO JOSE MARIA PAZ,INSTITUTO JOSE MARIA PAZ,DEVOTO,SAN JUSTO,CÓRDOBA,140097700,ALMIRANTE BROWN 152  DEVOTO
3578,INSTITUTO JOSE MARIA PAZ,INSTITUTO JOSE MARIA PAZ,CORDOBA,CAPITAL,CÓRDOBA,140243400,AV. GENERAL PAZ 488 CENTRO B° CENTRO
3579,INSTITUTO JOSE MARIA PAZ,INSTITUTO JOSE MARIA PAZ,IDIAZABAL,UNION,CÓRDOBA,140353900,SARMIENTO 325 CENTRO IDIAZABAL
3580,INSTITUTO JOSE PEÑA,INSTITUTO JOSE PEÑA,CORDOBA,CAPITAL,CÓRDOBA,140225900,CIUDAD DE TAMPA 2954 VILLA CABRERA B° VILLA CABRERA
3581,INSTITUTO JOVENES ARGENTINOS,INSTITUTO JOVENES ARGENTINOS,CORDOBA,CAPITAL,CÓRDOBA,140267500,BOTAFOGO 3448 JARDIN ESPINOSA B° JARDIN ESPINOSA _ AV. RICCHIERI AL 3400
3582,INSTITUTO JUAN BAUTISTA ALBERDI,INSTITUTO JUAN BAUTISTA ALBERDI,BALNEARIA,SAN JUSTO,CÓRDOBA,140192100,SAN JOSE 66 CENTRO BALNEARIA
3583,INSTITUTO JUAN BAUTISTA ALBERDI,INSTITUTO JUAN BAUTISTA ALBERDI,VIAMONTE,UNION,CÓRDOBA,140273700,NICOLAS AVELLANEDA 182 CENTRO VIAMONTE
3584,INSTITUTO JUAN BAUTISTA ALBERDI,INSTITUTO JUAN BAUTISTA ALBERDI,LA PAZ,SAN JAVIER,CÓRDOBA,140363200,12 DE OCTUBRE 30 CENTRO LA PAZ
3585,INSTITUTO JUAN PABLO II,INSTITUTO JUAN PABLO II,CRUZ DEL EJE,CRUZ DEL EJE,CÓRDOBA,140252300,AV.COSTANERA  INDEPENDIENTE CRUZ DEL EJE
3586,INSTITUTO JUAN PABLO II,INSTITUTO JUAN PABLO II,CORDOBA,CAPITAL,CÓRDOBA,140563400,LOLA MORA 2962 AMPLIACION 1° DE MAYO Bº AMPLIACIÓN 1º DE MAYO - MANZANA 5
3587,INSTITUTO JUAN ZORRILLA DE SAN MARTIN,INSTITUTO JUAN ZORRILLA DE SAN MARTIN,CORDOBA,CAPITAL,CÓRDOBA,140241400,DONACIANO DEL CAMPILLO 1563 CERRO DE LAS ROSAS B° CERRO DE LAS ROSAS
3588,INSTITUTO JUANA MICONO DE GIARDINO,INSTITUTO JUANA MICONO DE GIARDINO,VILLA GIARDINO,PUNILLA,CÓRDOBA,140284700,AVENIDA SAN MARTIN 762 CENTRO VILLA GIARDINO
3589,INSTITUTO JULIETA DELFINO,INSTITUTO JULIETA DELFINO,VILLA CARLOS PAZ,PUNILLA,CÓRDOBA,140464400,GOBERNADOR ALCORTA 189 SANTA RITA VILLA CARLOS PAZ
3590,INSTITUTO JUVENILIA,INSTITUTO JUVENILIA,CORDOBA,CAPITAL,CÓRDOBA,140442100,ARISTOTELES 3160 ANA MARIA ZUMARAN B° ANA MARIA ZUMARAN
3591,INSTITUTO LA ASUNCION DE MARIA,INSTITUTO LA ASUNCION DE MARIA,ELENA,RIO CUARTO,CÓRDOBA,140096600,PASAJE CURA BROCHERO 189 CENTRO ELENA
3592,INSTITUTO LA CONSOLATA,INSTITUTO LA CONSOLATA,SAMPACHO,RIO CUARTO,CÓRDOBA,140279100,HIPOLITO IRIGOYEN 482 CENTRO SAMPACHO
3593,INSTITUTO LA INMACULADA,INSTITUTO LA INMACULADA,CORDOBA,CAPITAL,CÓRDOBA,140131500,LEON XIII 8626 VILLA RIVERA INDARTE B° VILLA RIVERA INDARTE
3594,INSTITUTO LA PRIMERA ENSEÑANZA,INSTITUTO LA PRIMERA ENSEÑANZA,CORDOBA,CAPITAL,CÓRDOBA,140467900,LA RIOJA 1276 ALBERDI B° ALBERDI
3595,INSTITUTO LA SAGRADA FAMILIA ANEXO B° OBRERO,INSTITUTO LA SAGRADA FAMILIA ANEXO B OBRERO,RIO CUARTO,RIO CUARTO,CÓRDOBA,140140002,ANIBAL PONCE 1262 OBRERO RIO CUARTO - ALBERDI
3596,INSTITUTO LA SALLE,INSTITUTO LA SALLE,CORDOBA,CAPITAL,CÓRDOBA,140298400,AV. RECTA MARTINOLI 6602 ARGUELLO B° ARGUELLO
3597,INSTITUTO LA SANTISIMA TRINIDAD,INSTITUTO LA SANTISIMA TRINIDAD,VILLA MARIA,GENERAL SAN MARTIN,CÓRDOBA,140158300,BV. VELEZ SARSFIELD 1072 CENTRO VILLA MARIA
3598,INSTITUTO LA SANTISIMA TRINIDAD PROF. DE EDUC.FISICA,INSTITUTO LA SANTISIMA TRINIDAD PROFESORADO DE EDUCACION FISICA,VILLA MARIA,GENERAL SAN MARTIN,CÓRDOBA,140348400,SALTA 1138 CENTRO VILLA MARIA
3599,INSTITUTO LANTERIANO NUESTRA SEÑORA DE LA MERCED,INSTITUTO LANTERIANO NUESTRA SEÑORA DE LA MERCED,RIO CUARTO,RIO CUARTO,CÓRDOBA,140302200,BELISARIO ROLDAN 275 ALBERDI RIO CUARTO
3600,INSTITUTO LANTERIANO NUESTRA SEÑORA DE LA MERCED NIVEL INICIAL,INSTITUTO LANTERIANO NUESTRA SEÑORA DE LA MERCED NIVEL INICIAL,RIO CUARTO,RIO CUARTO,CÓRDOBA,140550200,GUEMES 564 ALBERDI RIO CUARTO
3601,INSTITUTO LEON XIII,INSTITUTO LEON XIII,CORDOBA,CAPITAL,CÓRDOBA,140355800,AV. AGRIMENSOR ENRIQUE BODEREAU 7850 VILLA RIVERA INDARTE B° VILLA RIVERA INDARTE
3602,INSTITUTO LEONARDO DA VINCI,INSTITUTO LEONARDO DA VINCI,RIO CUARTO,RIO CUARTO,CÓRDOBA,140474100,GLAUCE BALDOVIN  INDUSTRIAL RIO CUARTO
3603,INSTITUTO LEOPOLDO LUGONES,INSTITUTO LEOPOLDO LUGONES,ORDOÑEZ,UNION,CÓRDOBA,140365200,CALLE 5 746  ORDOÑEZ
3604,INSTITUTO LIBERTADOR GENERAL SAN MARTIN,INSTITUTO LIBERTADOR GENERAL SAN MARTIN,UCACHA,JUAREZ CELMAN,CÓRDOBA,140101100,MODESTO A. GIULIANI 60 CENTRO UCACHA
3605,INSTITUTO LOS TABAQUILLOS,INSTITUTO LOS TABAQUILLOS,LA CUMBRECITA,CALAMUCHITA,CÓRDOBA,140438000,CALLE PUBLICA S/N   LA CUMBRECITA-a 500 metros del Peñón del Águila
3606,INSTITUTO LUTERANO CONCORDIA,INSTITUTO LUTERANO CONCORDIA,CORDOBA,CAPITAL,CÓRDOBA,140000200,AV. SANTA ANA 2011 ALTO ALBERDI B° ALTO ALBERDI
3607,INSTITUTO MADRE CABRINI,INSTITUTO MADRE CABRINI,CAPILLA DEL MONTE,PUNILLA,CÓRDOBA,140442000,PASAJE SAN JOSE 55 SAN MARTIN CAPILLA DEL MONTE
3608,INSTITUTO MADRES ESCOLAPIAS,INSTITUTO MADRES ESCOLAPIAS,CORDOBA,CAPITAL,CÓRDOBA,140241600,AV. HUGO WAST 4455 CERRO DE LAS ROSAS Bº CERRO DE LAS ROSAS
3609,INSTITUTO MAESTRO HERBERT DIEHL,INSTITUTO MAESTRO HERBERT DIEHL,CORDOBA,CAPITAL,CÓRDOBA,140499300,ITUZAINGO 658 NUEVA CORDOBA B° NUEVA CORDOBA
3610,INSTITUTO MANUEL BELGRANO,INSTITUTO MANUEL BELGRANO,SACANTA,SAN JUSTO,CÓRDOBA,140042200,BELGRANO 960 SAN JOSE SACANTA
3611,INSTITUTO MANUEL BELGRANO,INSTITUTO MANUEL BELGRANO,CORDOBA,CAPITAL,CÓRDOBA,140250100,INTENDENTE RAMON MESTRE 3982 CENTRO B° CENTRO (COSTANERA NORTE)
3612,INSTITUTO MANUEL BELGRANO,INSTITUTO MANUEL BELGRANO,TANCACHA,TERCERO ARRIBA,CÓRDOBA,140351300,MENDOZA 642 SUR TANCACHA
3613,INSTITUTO MANUEL DORREGO,INSTITUTO MANUEL DORREGO,COLONIA MARINA,SAN JUSTO,CÓRDOBA,140029000,SARMIENTO 295  COLONIA MARINA
3614,INSTITUTO MANUELA MAYORGA DE MAYORGA,INSTITUTO MANUELA MAYORGA DE MAYORGA,PAMPAYASTA NORTE,TERCERO ARRIBA,CÓRDOBA,140039700,AVENIDA LOS ESTUDIANTES  SAN JOSE RUTA PROV. 10 PAMPAYASTA NORTE
3615,INSTITUTO MARCELINO CHAMPAGNAT,INSTITUTO MARCELINO CHAMPAGNAT,RIO TERCERO,TERCERO ARRIBA,CÓRDOBA,140554700,CID CAMPEADOR S/N  MEDIA LUNA RIO TERCERO
3616,INSTITUTO MARIA DE NAZARETH,INSTITUTO MARIA DE NAZARETH,LA CALERA,COLON,CÓRDOBA,140513700,AV.LOS ALAMOS 1111 CUESTA COLORADA LA CALERA
3617,INSTITUTO MARIA IGNACIA NAVARRO DE LABAT,INSTITUTO MARIA IGNACIA NAVARRO DE LABAT,CORDOBA,CAPITAL,CÓRDOBA,140365800,CORRIENTES 2006 SAN VICENTE B°SAN VICENTE
3618,INSTITUTO MARIA INMACULADA,INSTITUTO MARIA INMACULADA,MARCOS JUAREZ,MARCOS JUAREZ,CÓRDOBA,140055900,HIPOLITO YRIGOYEN 650 CENTRO MARCOS JUAREZ
3619,INSTITUTO MARIANO FRAGUEIRO TECNICO Y ORIENTADO,INSTITUTO MARIANO FRAGUEIRO TECNICO Y ORIENTADO,EMBALSE,CALAMUCHITA,CÓRDOBA,140247900,LOS TRABAJADORES 300 CASITAS EMBALSE
3620,INSTITUTO MARIANO MORENO (ED.ADULTOS),INSTITUTO MARIANO MORENO (EDUCACION ADULTOS),CORRAL DE BUSTOS,MARCOS JUAREZ,CÓRDOBA,140047300,AVENIDA BELGRANO 386 CENTRO CORRAL DE BUSTOS
3621,INSTITUTO MARK TWAIN,INSTITUTO MARK TWAIN,CORDOBA,CAPITAL,CÓRDOBA,140426700,AV CARCANO 75 DON BOSCO B° DON BOSCO
3622,INSTITUTO MARTIN M. DE GUEMES (BACH.P/ADULTOS),INSTITUTO MARTIN M DE GUEMES (BACHILLERATO PARA ADULTOS),ARIAS,MARCOS JUAREZ,CÓRDOBA,140399500,AV. ESPAÑA 799 BELGRANO ARIAS
3623,INSTITUTO MATER PURISSIMA,INSTITUTO MATER PURISSIMA,CORDOBA,CAPITAL,CÓRDOBA,140297400,LA RAMADA 3898 ALTO VERDE Bº ALTO VERDE
3624,INSTITUTO MIGUEL CANE,INSTITUTO MIGUEL CANE,TRANSITO,SAN JUSTO,CÓRDOBA,140325600,BV. EMILIO F. OLMOS 156  TRANSITO
3625,INSTITUTO MILENIO,INSTITUTO MILENIO,VILLA ALLENDE,COLON,CÓRDOBA,140532000,ALBERTI 250 ESPAÑOL VILLA ALLENDE
3626,INSTITUTO MIXTO SECUNDARIO JUSTO JOSE DE URQUIZA,INSTITUTO MIXTO SECUNDARIO JUSTO JOSE DE URQUIZA,CORDOBA,CAPITAL,CÓRDOBA,140229700,PADRE LUIS MONTI 2734 PUEYRREDON B° PUEYRREDON
3627,INSTITUTO MODELO DE JUEGOS Y DEPORTES RACING,INSTITUTO MODELO DE JUEGOS Y DEPORTES RACING,CORDOBA,CAPITAL,CÓRDOBA,140007600,GARAGLIO 2065 NUEVA ITALIA B° NUEVA ITALIA
3628,INSTITUTO MONSEÑOR DE ANDREA,INSTITUTO MONSEÑOR DE ANDREA,CORDOBA,CAPITAL,CÓRDOBA,140277200,AV. VELEZ SARSFIELD 232 CENTRO B° CENTRO
3629,INSTITUTO MONSEÑOR ESQUIU,INSTITUTO MONSEÑOR ESQUIU,LA PARA,RIO PRIMERO,CÓRDOBA,140379000,MARIANO MORENO 749 CENTRO LA PARA
3630,INSTITUTO MONSEÑOR LUIS KLOSTER,INSTITUTO MONSEÑOR LUIS KLOSTER,ISLA VERDE,MARCOS JUAREZ,CÓRDOBA,140558700,LIBERTAD 446 CENTRO
3631,INSTITUTO MUSICAL COLLEGIUM,INSTITUTO MUSICAL COLLEGIUM,CORDOBA,CAPITAL,CÓRDOBA,140473300,CASEROS 963 ALBERDI B° ALBERDI
3632,INSTITUTO NICASIA ZEBALLOS DE BAIGORRIA,INSTITUTO NICASIA ZEBALLOS DE BAIGORRIA,ITALO,GENERAL ROCA,CÓRDOBA,140402400,CORDOBA 434  ITALO
3633,INSTITUTO NIÑOS ARGENTINOS,INSTITUTO NIÑOS ARGENTINOS,CORDOBA,CAPITAL,CÓRDOBA,140287800,AVENIDA PABLO RICHIERI 3351 JARDIN ESPINOSA B° JARDIN ESPINOSA
3635,INSTITUTO NUESTRA MADRE DE LA MERCED,INSTITUTO NUESTRA MADRE DE LA MERCED,CORDOBA,CAPITAL,CÓRDOBA,140023200,MARIANO FRAGUEIRO 2389 ALTA CORDOBA B° ALTA CORDOBA
3636,INSTITUTO NUESTRA MADRE DE LA MERCED,INSTITUTO NUESTRA MADRE DE LA MERCED,CORDOBA,CAPITAL,CÓRDOBA,140245300,MARIANO FRAGUEIRO 2389 ALTA CORDOBA B° ALTA CORDOBA
3637,INSTITUTO NUESTRA MADRE DE LA MERCED,INSTITUTO NUESTRA MADRE DE LA MERCED,CORDOBA,CAPITAL,CÓRDOBA,140560900,MARIANO FRAGUEIRO 2389 ALTA CORDOBA B° ALTA CORDOBA
3638,INSTITUTO NUESTRA SEÑORA,INSTITUTO NUESTRA SEÑORA,CORDOBA,CAPITAL,CÓRDOBA,140267800,INCA MANCO 3450 JARDIN ESPINOSA B° JARDIN ESPINOSA
3639,INSTITUTO NUESTRA SEÑORA DE FATIMA,INSTITUTO NUESTRA SEÑORA DE FATIMA,CORDOBA,CAPITAL,CÓRDOBA,140523500,AV RUFINO VARELA ORTIZ 2600 MATIENZO B° MATIENZO
3640,INSTITUTO NUESTRA SEÑORA DE LA MERCED,INSTITUTO NUESTRA SEÑORA DE LA MERCED,CORDOBA,CAPITAL,CÓRDOBA,140413500,ZELAYA 140 SAN MARTIN B° SAN MARTIN
3641,INSTITUTO NUESTRA SEÑORA DE LA MERCED,INSTITUTO NUESTRA SEÑORA DE LA MERCED,ARROYITO,SAN JUSTO,CÓRDOBA,140537100,9 DE JULIO 465 CENTRO ARROYITO
3642,INSTITUTO NUESTRA SEÑORA DE LA MISERICORDIA,INSTITUTO NUESTRA SEÑORA DE LA MISERICORDIA,CANALS,UNION,CÓRDOBA,140273000,ITALIA 371 CENTRO CANALS
3663,INSTITUTO NUESTRA SRA. DE LA MISERICORDIA,INSTITUTO NUESTRA SEÑORA DE LA MISERICORDIA,ALTA GRACIA,SANTA MARIA,CÓRDOBA,140267200,PADRE DOMINGO VIERA 151 POLUYAN ALTA GRACIA
3643,INSTITUTO NUESTRA SEÑORA DE LAS MERCEDES,INSTITUTO NUESTRA SEÑORA DE LAS MERCEDES,UNQUILLO,COLON,CÓRDOBA,140322800,AZOPARDO 200 CENTRO UNQUILLO
3644,INSTITUTO NUESTRA SEÑORA DE LORETO,INSTITUTO NUESTRA SEÑORA DE LORETO,CORDOBA,CAPITAL,CÓRDOBA,140343600,M. GOMEZ CARRILLO 2559 LOS NARANJOS Bº  LOS  NARANJOS
3645,INSTITUTO NUESTRA SEÑORA DE LOURDES,INSTITUTO NUESTRA SEÑORA DE LOURDES,PORTEÑA,SAN JUSTO,CÓRDOBA,140246400,INTENDENTE PITA 514  PORTEÑA
3646,INSTITUTO NUESTRA SEÑORA DE LOURDES,INSTITUTO NUESTRA SEÑORA DE LOURDES,UNQUILLO,COLON,CÓRDOBA,140309700,MILICH  CENTRO UNQUILLO
3647,INSTITUTO NUESTRA SEÑORA DE LOURDES,INSTITUTO NUESTRA SEÑORA DE LOURDES,LA CUMBRE,PUNILLA,CÓRDOBA,140440800,LUCRECIA VILLALBA 258 SAN GERONIMO LA CUMBRE
3648,INSTITUTO NUESTRA SEÑORA DE LUJAN,INSTITUTO NUESTRA SEÑORA DE LUJAN,VILLA ALLENDE,COLON,CÓRDOBA,140386500,AVENIDA SAN MARTIN 1070 LA CRUZ VILLA ALLENDE
3649,INSTITUTO NUESTRA SEÑORA DE NIEVA,INSTITUTO NUESTRA SEÑORA DE NIEVA,CORDOBA,CAPITAL,CÓRDOBA,140045200,AYACUCHO 442 GUEMES B°  GUEMES
3650,INSTITUTO NUESTRA SEÑORA DEL CALVARIO,INSTITUTO NUESTRA SEÑORA DEL CALVARIO,VALLE HERMOSO,PUNILLA,CÓRDOBA,140292900,SAN MARTIN 12 CENTRO VALLE HERMOSO
3651,INSTITUTO NUESTRA SEÑORA DEL CARMEN,INSTITUTO NUESTRA SEÑORA DEL CARMEN,RIO CUARTO,RIO CUARTO,CÓRDOBA,140193800,BAIGORRIA 373 CENTRO RIO CUARTO
3652,INSTITUTO NUESTRA SEÑORA DEL CARMEN,INSTITUTO NUESTRA SEÑORA DEL CARMEN,CORDOBA,CAPITAL,CÓRDOBA,140272100,ARGENSOLA 670 ALTA CORDOBA Bº ALTA CORDOBA
3653,INSTITUTO NUESTRA SEÑORA DEL HUERTO,INSTITUTO NUESTRA SEÑORA DEL HUERTO,JESUS MARIA,COLON,CÓRDOBA,140294800,BV. EUSEBIO AGUERO 23 NORTE JESUS MARIA
3654,INSTITUTO NUESTRA SEÑORA DEL HUERTO,INSTITUTO NUESTRA SEÑORA DEL HUERTO,BELL VILLE,UNION,CÓRDOBA,140299400,25 DE MAYO 59 CENTRO BELL VILLE
3655,INSTITUTO NUESTRA SEÑORA DEL HUERTO,INSTITUTO NUESTRA SEÑORA DEL HUERTO,CORDOBA,CAPITAL,CÓRDOBA,140304500,BELGRANO 269 CENTRO B° CENTRO (A 100MTS DEL PALACIO MUNICIPAL)
3656,INSTITUTO NUESTRA SEÑORA DEL PILAR,INSTITUTO NUESTRA SEÑORA DEL PILAR,PILAR,RIO SEGUNDO,CÓRDOBA,140509100,PRESIDENTE NESTOR KIRCHNER   PILAR S/RUTA PROV.N°13
3657,INSTITUTO NUESTRA SEÑORA DEL ROSARIO,INSTITUTO NUESTRA SEÑORA DEL ROSARIO,BIALET MASSE,PUNILLA,CÓRDOBA,140397800,9 DE JULIO 359 CENTRO BIALET MASSE
3658,INSTITUTO NUESTRA SEÑORA DEL ROSARIO DEL MILAGRO,INSTITUTO NUESTRA SEÑORA DEL ROSARIO DEL MILAGRO,JESUS MARIA,COLON,CÓRDOBA,140121000,PEDRO OÑATE   A 2 Km.JESUS MARIA- A 3 Km DE SINSCATE
3659,INSTITUTO NUESTRA SEÑORA DEL SAGRADO CORAZON,INSTITUTO NUESTRA SEÑORA DEL SAGRADO CORAZON,CORDOBA,CAPITAL,CÓRDOBA,140399000,AVENIDA REVOLUCION DE MAYO 1476 CRISOL SUR BARRIO CRISOL SUR
3634,INSTITUTO NTRA. SRA. DEL TRABAJO,INSTITUTO NUESTRA SEÑORA DEL TRABAJO,CORDOBA,CAPITAL,CÓRDOBA,140432900,AV. DE MAYO  350 VILLA EL LIBERTADOR Bº VILLA EL LIBERTADOR
3660,INSTITUTO NUESTRA SEÑORA DEL VALLE,INSTITUTO NUESTRA SEÑORA DEL VALLE,CRUZ DEL EJE,CRUZ DEL EJE,CÓRDOBA,140251900,SARMIENTO 121 CENTRO CRUZ DEL EJE
3661,INSTITUTO NUESTRA SEÑORA DEL VALLE,INSTITUTO NUESTRA SEÑORA DEL VALLE,CORDOBA,CAPITAL,CÓRDOBA,140276700,PASAJE JUAN DE AVILA Y ZARATE  2051 VILLA LOS ANGELES B° VILLA LOS ANGELES
3662,INSTITUTO NUESTRA SEÑORA DEL VALLE,INSTITUTO NUESTRA SEÑORA DEL VALLE,CORDOBA,CAPITAL,CÓRDOBA,140557900,PASAJE JUAN DE AVILA Y ZARATE  2051 VILLA LOS ANGELES B° VILLA LOS ANGELES
3664,INSTITUTO NUEVO SIGLO,INSTITUTO NUEVO SIGLO,CORDOBA,CAPITAL,CÓRDOBA,140467700,25 DE MAYO 1040 GENERAL PAZ B° GENERAL PAZ
3665,INSTITUTO OBISPO CAIXAL,INSTITUTO OBISPO CAIXAL,CORDOBA,CAPITAL,CÓRDOBA,140290100,ANA MARIA JANER 1250 PUEYRREDON
3666,INSTITUTO ONCATIVO,INSTITUTO ONCATIVO,ONCATIVO,RIO SEGUNDO,CÓRDOBA,140396800,RIVADAVIA 549 CENTRO ONCATIVO
3667,INSTITUTO ORIENTADO Y AGROTECNICO PABLO A. PIZZURNO,INSTITUTO ORIENTADO Y AGROTECNICO PABLO A PIZZURNO,SAMPACHO,RIO CUARTO,CÓRDOBA,140279000,9 DE JULIO 502  SAMPACHO
3668,INSTITUTO PABLO A. PIZZURNO AGROTECNICO y ORIENTADO,INSTITUTO PABLO A PIZZURNO AGROTECNICO y ORIENTADO,HERNANDO,TERCERO ARRIBA,CÓRDOBA,140041400,GENERAL PAZ 495 CENTRO HERNANDO
3669,INSTITUTO PABLO VI,INSTITUTO PABLO VI,SAN FRANCISCO,SAN JUSTO,CÓRDOBA,140321800,LIBERTAD 2859 CONSOLATA SAN FRANCISCO
3670,INSTITUTO PADRE CLARET,INSTITUTO PADRE CLARET,CORDOBA,CAPITAL,CÓRDOBA,140056000,AVENIDA  LA CORDILLERA 4950 PADRE CLARET B° PADRE CLARET
3671,INSTITUTO PADRE DOMINGO VIERA,INSTITUTO PADRE DOMINGO VIERA,ALTA GRACIA,SANTA MARIA,CÓRDOBA,140567000,TUCUMAN 437 DON BOSCO ALTA GRACIA
3672,INSTITUTO PADRE DOMINGO VIERA NIVEL INICIAL,INSTITUTO PADRE DOMINGO VIERA NIVEL INICIAL,ALTA GRACIA,SANTA MARIA,CÓRDOBA,140563600,TUCUMAN 437 DON BOSCO ALTA GRACIA
3673,INSTITUTO PADRE FRANCISCO AZKUNAGA,INSTITUTO PADRE FRANCISCO AZKUNAGA,LAS PERDICES,TERCERO ARRIBA,CÓRDOBA,140256600,SAN MARTIN 787  LAS PERDICES
3283,INST. P/ADULTOS WILLIAM C.MORRIS,INSTITUTO PARA ADULTOS WILLIAM C MORRIS,CORDOBA,CAPITAL,CÓRDOBA,140280500,SAN JOSE DE CALAZANZ 144 ALBERDI B° ALBERDI(ENTRE CASEROS Y 27 DE ABRIL)
3690,INSTITUTO PQUIAL. CRISTO REDENTOR,INSTITUTO PARROQUIAL CRISTO REDENTOR,CORDOBA,CAPITAL,CÓRDOBA,140464000,JUSTINIANO POSSE 864 JARDIN B° JARDIN
3674,INSTITUTO PARROQUIAL DEL ESPIRITU SANTO,INSTITUTO PARROQUIAL DEL ESPIRITU SANTO,ONCATIVO,RIO SEGUNDO,CÓRDOBA,140523600,BELGRANO 171 DALMASSO ONCATIVO
3675,INSTITUTO PARROQUIAL GUSTAVO MARTINEZ ZUVIRIA,INSTITUTO PARROQUIAL GUSTAVO MARTINEZ ZUVIRIA,LAS VARILLAS,SAN JUSTO,CÓRDOBA,140266100,PRESBITERO JOSE T. LUQUE 121  LAS VARILLAS
3676,INSTITUTO PARROQUIAL JUAN PABLO II,INSTITUTO PARROQUIAL JUAN PABLO II,CORDOBA,CAPITAL,CÓRDOBA,140551000,LOLA MORA 2962 AMPLIACION 1° DE MAYO B° AMPLIACION 1° DE MAYO - MANZANA 5
3677,INSTITUTO PARROQUIAL MONSEÑOR LUIS KLOSTER,INSTITUTO PARROQUIAL MONSEÑOR LUIS KLOSTER,ISLA VERDE,MARCOS JUAREZ,CÓRDOBA,140405300,LIBERTAD 446 CENTRO ISLA VERDE
3678,INSTITUTO PARROQUIAL MONSEÑOR LUIS KLOSTER,INSTITUTO PARROQUIAL MONSEÑOR LUIS KLOSTER,ISLA VERDE,MARCOS JUAREZ,CÓRDOBA,140444100,LIBERTAD 446 CENTRO ISLA VERDE
3679,INSTITUTO PARROQUIAL NICOLAS PRINCIPI,INSTITUTO PARROQUIAL NICOLAS PRINCIPI,LAS VERTIENTES,RIO CUARTO,CÓRDOBA,140465300,GARCIA PUBILL 560 CENTRO LAS VERTIENTES
3691,INSTITUTO PQUIAL. NUESTRA SEÑORA DEL CARMEN NIVEL INICIAL,INSTITUTO PARROQUIAL NUESTRA SEÑORA DEL CARMEN NIVEL INICIAL,CORDOBA,CAPITAL,CÓRDOBA,140501600,BARTOLOME ARGENSOLA 670 ALTA CORDOBA B° ALTA CORDOBA
3680,INSTITUTO PARROQUIAL SAN FRANCISCO DE ASIS,INSTITUTO PARROQUIAL SAN FRANCISCO DE ASIS,CORDOBA,CAPITAL,CÓRDOBA,140250800,JOSE ANTONIO GUARDADO 184 LAS FLORES B° LAS FLORES
3681,INSTITUTO PARROQUIAL SAN JOSE,INSTITUTO PARROQUIAL SAN JOSE,CORDOBA,CAPITAL,CÓRDOBA,140344900,VELEZ 252 ALTO ALBERDI B° ALTO ALBERDI
3682,INSTITUTO PARROQUIAL SAN JUAN DIEGO,INSTITUTO PARROQUIAL SAN JUAN DIEGO,SANTA ROSA DE CALAMUCHITA,CALAMUCHITA,CÓRDOBA,140328100,AV.INTENDENTE ANGEL LLANOS 320 QUINTO CENTENARIO SANTA ROSA DE CALAMUCHITA
3692,INSTITUTO PQUIAL. SAN PABLO APOSTOL,INSTITUTO PARROQUIAL SAN PABLO APOSTOL,CORDOBA,CAPITAL,CÓRDOBA,140332200,ASTURIAS 1935 COLON Entre calle Bilbao y Salamanca
3683,INSTITUTO PARROQUIAL SAN ROQUE,INSTITUTO PARROQUIAL SAN ROQUE,CORDOBA,CAPITAL,CÓRDOBA,140030300,MADRE MARIA BRIGIDA PASTORINO 2790 VILLA CORINA B° VILLA CORINA
3684,INSTITUTO PARROQUIAL SANTO CRISTO,INSTITUTO PARROQUIAL SANTO CRISTO,CORDOBA,CAPITAL,CÓRDOBA,140367100,DOMINGO FUNES 1180 OBSERVATORIO B° OBSERVATORIO
3685,INSTITUTO PARROQUIAL SECUNDARIO  PIO XII,INSTITUTO PARROQUIAL SECUNDARIO PIO XII,COSQUIN,PUNILLA,CÓRDOBA,140261800,OBISPO BUSTOS 816 CENTRO COSQUIN
3686,INSTITUTO PAULA MONTAL,INSTITUTO PAULA MONTAL,CORDOBA,CAPITAL,CÓRDOBA,140502200,MANUEL DE PORTO Y MARIÑO 556 VILLA URQUIZA B°VILLA URQUIZA(entre TABLADA y HUMBERTO PRIMO
3687,INSTITUTO PEDRO IGNACIO DE  CASTRO BARROS (EX NOCT.FEMENINO),INSTITUTO PEDRO IGNACIO DE CASTRO BARROS (EX NOCTURNO FEMENINO),CORDOBA,CAPITAL,CÓRDOBA,140005500,SALTA 250 CENTRO B° CENTRO (EN LA ESCUELA ORTIZ DE OCAMPO)
3688,INSTITUTO PIO X,INSTITUTO PIO X,CORDOBA,CAPITAL,CÓRDOBA,140061700,9 DE JULIO 1050 ALBERDI B° ALBERDI
3689,INSTITUTO PIO XII,INSTITUTO PIO XII,DESPEÑADEROS,SANTA MARIA,CÓRDOBA,140022900,PADRE BUTELER 229 CENTRO DESPEÑADEROS
3284,INST. PRESBITERO JUAN VICENTE BRIZUELA,INSTITUTO PRESBITERO JUAN VICENTE BRIZUELA,VILLA DOLORES,SAN JAVIER,CÓRDOBA,140511500,SARMIENTO 270 CENTRO VILLA DOLORES
3693,INSTITUTO PRESBITERO PEDRO CAVIGLIA,INSTITUTO PRESBITERO PEDRO CAVIGLIA,ALCIRA,RIO CUARTO,CÓRDOBA,140387500,RIVADAVIA 645 CENTRO ALCIRA GIGENA
3717,INSTITUTO PTE. JOHN FITZGERALD KENNEDY,INSTITUTO PRESIDENTE JOHN FITZGERALD KENNEDY,LAS PEÑAS,TOTORAL,CÓRDOBA,140458400,LIDORO CENTURION  324  LAS PEÑAS
3694,INSTITUTO PRIMARIO EMPALME,INSTITUTO PRIMARIO EMPALME,CORDOBA,CAPITAL,CÓRDOBA,140534800,LAS ARRIAS 4073 EMPALME BARRIO EMPALME
3695,INSTITUTO PRIVADO 9 DE JULIO,INSTITUTO PRIVADO 9 DE JULIO,MORTEROS,SAN JUSTO,CÓRDOBA,140575100,HIPOLITO IRIGOYEN 1560 JORGE NEWBERRY MORTEROS
3696,INSTITUTO PRIVADO ADSCRIPTO GALILEO GALILEI,INSTITUTO PRIVADO ADSCRIPTO GALILEO GALILEI,RIO CUARTO,RIO CUARTO,CÓRDOBA,140554400,ALVEAR 1040 CENTRO RIO CUARTO
3697,INSTITUTO PRIVADO ALMAFUERTE,INSTITUTO PRIVADO ALMAFUERTE,LAS VARILLAS,SAN JUSTO,CÓRDOBA,140562600,JUAN JOSE PASO 244 SANTA INES LAS VARILLAS - FABRICA PAUNY
3698,INSTITUTO PRIVADO AURORA,INSTITUTO PRIVADO AURORA,VILLA GENERAL BELGRANO,CALAMUCHITA,CÓRDOBA,140578400,ALEXANDER FLEMING 333  VILLA GENERAL BELGRANO
3699,INSTITUTO PRIVADO BILINGÜE ITALO ARGENTINO DANTE ALIGHIERI,INSTITUTO PRIVADO BILINGÜE ITALO ARGENTINO DANTE ALIGHIERI,RIO CUARTO,RIO CUARTO,CÓRDOBA,140537400,LORENZO SUAREZ DE FIGUEROA 2051 VILLA DALCAR RIO CUARTO
3700,INSTITUTO PRIVADO CARSON,INSTITUTO PRIVADO CARSON,RIO CUARTO,RIO CUARTO,CÓRDOBA,140557600,RUTA 30 KM 71   RIO CUARTO
3701,INSTITUTO PRIVADO DIOCESANO DR. ALEXIS CARREL,INSTITUTO PRIVADO DIOCESANO DOCTOR ALEXIS CARREL,RIO TERCERO,TERCERO ARRIBA,CÓRDOBA,140367300,OLIVIO MARTINA S/N°  VILLA ZOILA RIO TERCERO
3404,INST.PRIVADO DIOCESANO GENERAL MANUEL BELGRANO,INSTITUTO PRIVADO DIOCESANO GENERAL MANUEL BELGRANO,POZO DEL MOLLE,RIO SEGUNDO,CÓRDOBA,140026400,DEAN FUNES 173  POZO DEL MOLLE
3405,INST.PRIVADO DIOCESANO JOSE MANUEL ESTRADA,INSTITUTO PRIVADO DIOCESANO JOSE MANUEL ESTRADA,JAMES CRAIK,TERCERO ARRIBA,CÓRDOBA,140364500,BV. AMADEO SABATTINI 274  JAMES CRAIK
3702,INSTITUTO PRIVADO DIOCESANO MADRE TRANSITO,INSTITUTO PRIVADO DIOCESANO MADRE TRANSITO,MORRISON,UNION,CÓRDOBA,140543300,AV. LEONARDO MURIALDO 1355 SUR MORRISON
3406,INST.PRIVADO DIOCESANO PEDRO GOYENA,INSTITUTO PRIVADO DIOCESANO PEDRO GOYENA,LA PLAYOSA,GENERAL SAN MARTIN,CÓRDOBA,140299200,ENTRE RIOS 639  LA PLAYOSA
3285,INST. PRIV. DIOCESANO PRESBITERO EMILIO CASTOLDI,INSTITUTO PRIVADO DIOCESANO PRESBITERO EMILIO CASTOLDI,LOS SURGENTES,MARCOS JUAREZ,CÓRDOBA,140314800,PEDRO SAUBERAN 387 CENTRO LOS SURGENTES
3703,INSTITUTO PRIVADO DIOCESANO SAN JOSE,INSTITUTO PRIVADO DIOCESANO SAN JOSE,ARROYO CABRAL,GENERAL SAN MARTIN,CÓRDOBA,140278700,BV. BAUTISTA BOIERO 778  ARROYO CABRAL
3704,INSTITUTO PRIVADO DIOCESANO SAN JOSE,INSTITUTO PRIVADO DIOCESANO SAN JOSE,JUSTINIANO POSSE,UNION,CÓRDOBA,140441500,9 DE JULIO ESQ. COLON  SAN MARTIN JUSTINIANO POSSE
3705,INSTITUTO PRIVADO DIOCESANO SAN LUIS,INSTITUTO PRIVADO DIOCESANO SAN LUIS,CRUZ ALTA,MARCOS JUAREZ,CÓRDOBA,140391400,MAESTROS MAYO 963 BELGRANO CRUZ ALTA
3706,INSTITUTO PRIVADO EL TRIGAL,INSTITUTO PRIVADO EL TRIGAL,VILLA DE LAS ROSAS,SAN JAVIER,CÓRDOBA,140548600,CALLE PUBLICA  EL BUEN RETIRO
3707,INSTITUTO PRIVADO EMPALME,INSTITUTO PRIVADO EMPALME,CORDOBA,CAPITAL,CÓRDOBA,140566500,RIO SEGUNDO 1744 ALTAMIRA B° ALTAMIRA (ARCO DE CORDOBA)
3708,INSTITUTO PRIVADO FAMILIA DE NAZARETH,INSTITUTO PRIVADO FAMILIA DE NAZARETH,VILLA CARLOS PAZ,PUNILLA,CÓRDOBA,140524400,AVENIDA ESTRADA S/N°  LAS MALVINAS VILLA CARLOS PAZ
3709,INSTITUTO PRIVADO LA SAGRADA FAMILIA,INSTITUTO PRIVADO LA SAGRADA FAMILIA,RIO CUARTO,RIO CUARTO,CÓRDOBA,140140000,EDUARDO JENNER 500 BANDA NORTE RIO CUARTO
3710,INSTITUTO PRIVADO MARIA IGNACIA NAVARRO DE LABAT,INSTITUTO PRIVADO MARIA IGNACIA NAVARRO DE LABAT,CORDOBA,CAPITAL,CÓRDOBA,140551700,CORRIENTES  2006 SAN VICENTE B° SAN VICENTE
3711,INSTITUTO PRIVADO NUESTRA SEÑORA DEL VALLE LOS GIGANTES,INSTITUTO PRIVADO NUESTRA SEÑORA DEL VALLE LOS GIGANTES,LOS GIGANTES,PUNILLA,CÓRDOBA,140562800,CALLE PUBLICA S/N°   LOS GIGANTES
3712,INSTITUTO PRIVADO PINCEN,INSTITUTO PRIVADO PINCEN,PINCEN,GENERAL ROCA,CÓRDOBA,140453100,FELIPA ROSALES S/Nº   PINCEN
3286,INST. PRIVADO SAGRADO CORAZON,INSTITUTO PRIVADO SAGRADO CORAZON,DEAN FUNES,ISCHILIN,CÓRDOBA,140291200,OBISPO RAMON IRIBARNE 182 PLAZA BUSTAMANTE DEAN FUNES
3713,INSTITUTO PRIVADO SAGRADO CORAZON,INSTITUTO PRIVADO SAGRADO CORAZON,OLIVA,TERCERO ARRIBA,CÓRDOBA,140367700,CORTADA DON BOSCO 360 SAGRADO CORAZON OLIVA
3714,INSTITUTO PRIVADO SAN ISIDRO,INSTITUTO PRIVADO SAN ISIDRO,CORDOBA,CAPITAL,CÓRDOBA,140571100,BONAIRE 1959 PARQUE FUTURA B°PARQUE FUTURA
3715,INSTITUTO PRIVADO SECUNDARIO LA TORDILLA,INSTITUTO PRIVADO SECUNDARIO LA TORDILLA,LA TORDILLA O COLONIA LA TORDILLA,SAN JUSTO,CÓRDOBA,140325300,AV. LIBERTADOR 816 VILLA LA ESTRELLA LA TORDILLA
3716,INSTITUTO PRIVADO TORREON DE LOS RIOS,INSTITUTO PRIVADO TORREON DE LOS RIOS,VILLA ALLENDE,COLON,CÓRDOBA,140424400,AVENIDA PADRE LUCCHESE 4701  COUNTRY CHACRAS DE LA VILLA - VILLA ALLENDE
3287,INST. PROVINCIAL DE EDUCACION FISICA,INSTITUTO PROVINCIAL DE EDUCACION FISICA,CORDOBA,CAPITAL,CÓRDOBA,140093700,AV. CARCANO  CHATEAU CARRERAS ESTADIO CORDOBA
3718,INSTITUTO PUERTAS DEL SOL,INSTITUTO PUERTAS DEL SOL,ONCATIVO,RIO SEGUNDO,CÓRDOBA,140458600,BUENOS AIRES 750  ONCATIVO
3719,INSTITUTO QUILINO,INSTITUTO QUILINO,QUILINO,ISCHILIN,CÓRDOBA,140282000,12 DE OCTUBRE 315  QUILINO
3720,INSTITUTO RAMON GARCIA MARTINEZ,INSTITUTO RAMON GARCIA MARTINEZ,CORDOBA,CAPITAL,CÓRDOBA,140265800,GABRIELA MISTRAL S/N° 2489 BALCARCE B°BALCARCE
3288,INST. RENE FAVALORO,INSTITUTO RENE FAVALORO,LA FALDA,PUNILLA,CÓRDOBA,140515300,CASSAFFOUSTH  573 VILLA CAPRICHOSA LA FALDA
3721,INSTITUTO RICARDO PALMA (ADULTOS),INSTITUTO RICARDO PALMA (ADULTOS),CORDOBA,CAPITAL,CÓRDOBA,140205900,HENRY 5264 VILLA BELGRANO BARRIO VILLA BELGRANO
3722,INSTITUTO ROSARITO VERA PEÑALOZA,INSTITUTO ROSARITO VERA PEÑALOZA,CORDOBA,CAPITAL,CÓRDOBA,140514400,DOMINGO ALBARIÑO  ARGUELLO B° ARGUELLO
3723,INSTITUTO SABER,INSTITUTO SABER,CORDOBA,CAPITAL,CÓRDOBA,140582300,AV. CHACABUCO  326 CENTRO B° CENTRO
3724,INSTITUTO SAGRADA FAMILIA,INSTITUTO SAGRADA FAMILIA,COSQUIN,PUNILLA,CÓRDOBA,140261900,PALEMON CARRANZA 549 CENTRO COSQUIN
3725,INSTITUTO SAGRADO CORAZON,INSTITUTO SAGRADO CORAZON,CORDOBA,CAPITAL,CÓRDOBA,140289500,ROMA 1153 PUEYRREDON B° PUEYRREDON
3726,INSTITUTO SAGRADO CORAZON,INSTITUTO SAGRADO CORAZON,SAN FRANCISCO,SAN JUSTO,CÓRDOBA,140303500,25 DE MAYO 1414 ITURRASPE SAN FRANCISCO
3727,INSTITUTO SAGRADO CORAZON,INSTITUTO SAGRADO CORAZON,VILLA DOLORES,SAN JAVIER,CÓRDOBA,140504900,HORMAECHE 375 JARDIN VILLA DOLORES
3728,INSTITUTO SAGRADO CORAZON DE JESUS,INSTITUTO SAGRADO CORAZON DE JESUS,CAMILO ALDAO,MARCOS JUAREZ,CÓRDOBA,140414600,ARISTOBULO DEL VALLE 550  CAMILO ALDAO
3729,INSTITUTO SALESIANO PIO X NIVEL SUPERIOR,INSTITUTO SALESIANO PIO X NIVEL SUPERIOR,CORDOBA,CAPITAL,CÓRDOBA,140342100,AV COLON 1051 ALBERDI B° ALBERDI
3730,INSTITUTO SAN AGUSTIN,INSTITUTO SAN AGUSTIN,CORDOBA,CAPITAL,CÓRDOBA,140074300,PROVINCIA VASCONGADAS 2410 COLON B°COLON
3731,INSTITUTO SAN AGUSTIN,INSTITUTO SAN AGUSTIN,CORDOBA,CAPITAL,CÓRDOBA,140444900,HORNERO 236 CHATEAU CARRERAS B° CHATEAU CARRERAS
3732,INSTITUTO SAN ALBERTO MAGNO,INSTITUTO SAN ALBERTO MAGNO,VILLA MARIA,GENERAL SAN MARTIN,CÓRDOBA,140571700,JOSE INGENIEROS 235 CENTRO VILLA MARIA
3733,INSTITUTO SAN ALBERTO Y SAN ENRIQUE,INSTITUTO SAN ALBERTO Y SAN ENRIQUE,SERRANO,PRESIDENTE ROQUE SAENZ PEÑA,CÓRDOBA,140349200,AV. OOSTENDORP 281 CENTRO SERRANO
3734,INSTITUTO SAN ALBERTO Y SAN ENRIQUE,INSTITUTO SAN ALBERTO Y SAN ENRIQUE,SERRANO,PRESIDENTE ROQUE SAENZ PEÑA,CÓRDOBA,140506800,AVDA. OOSTENDORP 281 CENTRO SERRANO
3735,INSTITUTO SAN ANDRES,INSTITUTO SAN ANDRES,VILLA CARLOS PAZ,PUNILLA,CÓRDOBA,140513800,MADRID 65
3736,INSTITUTO SAN ANTONIO,INSTITUTO SAN ANTONIO,VILLA MARIA,GENERAL SAN MARTIN,CÓRDOBA,140156000,AVENIDA  GOBERNADOR  SABATTINI 141 CENTRO SUD VILLA MARIA
3737,INSTITUTO SAN ANTONIO DE PADUA,INSTITUTO SAN ANTONIO DE PADUA,CORDOBA,CAPITAL,CÓRDOBA,140341500,SAN JERONIMO 2051 SAN VICENTE B° SAN VICENTE
3738,INSTITUTO SAN BUENAVENTURA,INSTITUTO SAN BUENAVENTURA,CORDOBA,CAPITAL,CÓRDOBA,140135200,AV. DON BOSCO 5001 LAS PALMAS B° LAS PALMAS
3739,INSTITUTO SAN BUENAVENTURA,INSTITUTO SAN BUENAVENTURA,RIO CUARTO,RIO CUARTO,CÓRDOBA,140188200,SAN MARTIN 250 CENTRO RIO CUARTO
3740,INSTITUTO SAN CARLOS,INSTITUTO SAN CARLOS,MALAGUEÑO,SANTA MARIA,CÓRDOBA,140012900,INTENDENTE BOGACKI 499  MALAGUEÑO
3741,INSTITUTO SAN FRANCISCO DE ASIS,INSTITUTO SAN FRANCISCO DE ASIS,SAN FRANCISCO,SAN JUSTO,CÓRDOBA,140302900,JUAN JOSE PASO 1650 VELEZ SARSFIELD SAN FRANCISCO
3742,INSTITUTO SAN FRANCISCO DE ASIS,INSTITUTO SAN FRANCISCO DE ASIS,RIO CUARTO,RIO CUARTO,CÓRDOBA,140465200,VICTOR HUGO 885 BANDA NORTE RIO CUARTO
3743,INSTITUTO SAN FRANCISCO DE ASIS ORIENTADO y TECNICO,INSTITUTO SAN FRANCISCO DE ASIS ORIENTADO y TECNICO,SANTA ROSA DE CALAMUCHITA,CALAMUCHITA,CÓRDOBA,140021100,CALLE 8 S/Nº  VILLA RIO SANTA ROSA (Villa Incor) VILLA RIO SANTA ROSA (Villa Incor)SANTA ROSA DE CALAMUCHITA
3744,INSTITUTO SAN IGNACIO DE LOYOLA,INSTITUTO SAN IGNACIO DE LOYOLA,RIO CUARTO,RIO CUARTO,CÓRDOBA,140348000,GUARDIAS NACIONALES 1400 VILLA DALCAR RIO CUARTO
3745,INSTITUTO SAN JERONIMO,INSTITUTO SAN JERONIMO,CORDOBA,CAPITAL,CÓRDOBA,140434800,LA RIOJA 2054 ALTO ALBERDI B° ALTO ALBERDI
3746,INSTITUTO SAN JOSE,INSTITUTO SAN JOSE,MORRISON,UNION,CÓRDOBA,140050200,AV. LEONARDO MURIALDO 453 NORTE MORRISON
3747,INSTITUTO SAN JOSE,INSTITUTO SAN JOSE,SAN AGUSTIN,CALAMUCHITA,CÓRDOBA,140286800,VILLAFAÑE 1084  SAN AGUSTIN
3748,INSTITUTO SAN JOSE,INSTITUTO SAN JOSE,TANTI,PUNILLA,CÓRDOBA,140368200,JUAN XXIII 39 EL DIQUESITO BALNEARIO MUNICIPAL LA ISLA
3749,INSTITUTO SAN JOSE,INSTITUTO SAN JOSE,BELL VILLE,UNION,CÓRDOBA,140412700,BV. FIGUEROA ALCORTA 40 CENTRO BELL VILLE
5513,INSTITUTO SAN JOSE,INSTITUTO SAN JOSE,QUINES,AYACUCHO,SAN LUIS,,SAN MARTIN 402
3750,INSTITUTO SAN JOSE ARTESANO,INSTITUTO SAN JOSE ARTESANO,CORDOBA,CAPITAL,CÓRDOBA,140362700,HUILICHES 1021 LOS OLMOS B° LOS OLMOS
3751,INSTITUTO SAN JUAN DE LA CRUZ,INSTITUTO SAN JUAN DE LA CRUZ,RIO CUARTO,RIO CUARTO,CÓRDOBA,140177800,PRESIDENTE PERON (O) 1321 HIPODROMO RIO CUARTO
3752,INSTITUTO SAN LUIS GONZAGA,INSTITUTO SAN LUIS GONZAGA,CORDOBA,CAPITAL,CÓRDOBA,140345000,SANTA ROSA 2035 ALTO ALBERDI B° ALTO ALBERDI
3753,INSTITUTO SAN PABLO,INSTITUTO SAN PABLO,LA CUMBRE,PUNILLA,CÓRDOBA,140440700,AV BARTOLOME JAIME 1340 CRUZ GRANDE BARRIO CRUZ GRANDE - LA CUMBRE
3754,INSTITUTO SAN PATRICIO,INSTITUTO SAN PATRICIO,CORDOBA,CAPITAL,CÓRDOBA,140433200,AV. VALPARAISO 4140 JARDIN HIPODROMO
3755,INSTITUTO SAN PEDRO APOSTOL,INSTITUTO SAN PEDRO APOSTOL,CORDOBA,CAPITAL,CÓRDOBA,140435000,AV. DEL PIEMONTE  CHATEAU CARRERAS B° CHATEAU CARRERAS
3756,INSTITUTO SAN RAMON NONATO,INSTITUTO SAN RAMON NONATO,CORDOBA,CAPITAL,CÓRDOBA,140288400,AV. PATRIA 282 ALTOS GRAL PAZ B° ALTOS GRAL PAZ
3757,INSTITUTO SANTA ANA,INSTITUTO SANTA ANA,CORDOBA,CAPITAL,CÓRDOBA,140277700,RICARDO ROJAS 7253 ARGUELLO B° ARGUELLO
3758,INSTITUTO SANTA EUFRASIA,INSTITUTO SANTA EUFRASIA,RIO CUARTO,RIO CUARTO,CÓRDOBA,140488000,COLON 733 CENTRO RIO CUARTO
3759,INSTITUTO SANTA INFANCIA,INSTITUTO SANTA INFANCIA,CORDOBA,CAPITAL,CÓRDOBA,140439500,RIVADAVIA 725 CENTRO B° CENTRO
3760,INSTITUTO SANTA JUANA DE ARCO,INSTITUTO SANTA JUANA DE ARCO,CRUZ ALTA,MARCOS JUAREZ,CÓRDOBA,140523700,RIVADAVIA 999 BELGRANO CRUZ ALTA
3761,INSTITUTO SANTA MARGARITA DE CORTONA,INSTITUTO SANTA MARGARITA DE CORTONA,CORDOBA,CAPITAL,CÓRDOBA,140336200,LOPEZ Y PLANES 2958 SAN VICENTE B° SAN VICENTE
3762,INSTITUTO SANTA ROSA DE LIMA,INSTITUTO SANTA ROSA DE LIMA,OLAETA,JUAREZ CELMAN,CÓRDOBA,140482300,25 DE MAYO 135  OLAETA
3763,INSTITUTO SANTA TERESA DE JESUS,INSTITUTO SANTA TERESA DE JESUS,CORDOBA,CAPITAL,CÓRDOBA,140093900,OBISPO TREJO 160 CENTRO B° CENTRO
3764,INSTITUTO SANTA TERESITA,INSTITUTO SANTA TERESITA,BALNEARIA,SAN JUSTO,CÓRDOBA,140473400,SAN JOSE 16  BALNEARIA
3765,INSTITUTO SANTA TERESITA DEL NIÑO JESUS,INSTITUTO SANTA TERESITA DEL NIÑO JESUS,FREYRE,SAN JUSTO,CÓRDOBA,140250900,ALVEAR 585 PLAZA FREYRE
3766,INSTITUTO SANTIAGO RAMON Y CAJAL,INSTITUTO SANTIAGO RAMON Y CAJAL,TANCACHA,TERCERO ARRIBA,CÓRDOBA,140330400,CORDOBA 654 CENTRO TANCACHA
3767,INSTITUTO SANTISIMA TRINIDAD,INSTITUTO SANTISIMA TRINIDAD,CORDOBA,CAPITAL,CÓRDOBA,140227000,BLAMEY LAFORE 1248 SAN RAFAEL B B° SAN RAFAEL
3768,INSTITUTO SANTISIMA TRINIDAD,INSTITUTO SANTISIMA TRINIDAD,HERNANDO,TERCERO ARRIBA,CÓRDOBA,140259700,COLON 102 CENTRO HERNANDO
3769,INSTITUTO SANTO CRISTO B.A.P.A.JOSE G. BROCHERO,INSTITUTO SANTO CRISTO BAPA JOSE G BROCHERO,CORDOBA,CAPITAL,CÓRDOBA,140432800,DOMINGO FUNES 1180 OBSERVATORIO OBSERVATORIO
3770,INSTITUTO SANTO DOMINGO,INSTITUTO SANTO DOMINGO,CORDOBA,CAPITAL,CÓRDOBA,140525700,ALVEAR 270 CENTRO B° CENTRO
3771,INSTITUTO SANTO TOMAS,INSTITUTO SANTO TOMAS,CORDOBA,CAPITAL,CÓRDOBA,140395200,CASEROS 745 ALBERDI B° ALBERDI
3772,INSTITUTO SAUL A. TABORDA,INSTITUTO SAUL A TABORDA,CORDOBA,CAPITAL,CÓRDOBA,140367200,OBISPO MOSCOSO Y PERALTA 2772 CERRO DE LAS ROSAS B° CERRO DE LAS ROSAS
3775,INSTITUTO SECUNDARIO ARTURO CAPDEVILA,INSTITUTO SECUNDARIO ARTURO CAPDEVILA,GENERAL BALDISSERA,MARCOS JUAREZ,CÓRDOBA,140315600,AV. REMIGIO MANCINI 364  GENERAL BALDISSERA
3776,INSTITUTO SECUNDARIO BANCARIO,INSTITUTO SECUNDARIO BANCARIO,CORDOBA,CAPITAL,CÓRDOBA,140518500,SAN JERONIMO 224 CENTRO B° CENTRO
3777,INSTITUTO SECUNDARIO BERNARDINO RIVADAVIA,INSTITUTO SECUNDARIO BERNARDINO RIVADAVIA,VILLA MARIA,GENERAL SAN MARTIN,CÓRDOBA,140236600,DOCTOR ANTONIO SOBRAL 378 CENTRO VILLA MARIA
3773,INSTITUTO SEC. BRIG. MAYOR JUAN I. SAN MARTIN,INSTITUTO SECUNDARIO BRIG MAYOR JUAN I SAN MARTIN,CORDOBA,CAPITAL,CÓRDOBA,140414700,MARIMON S/N°  ARGUELLO NORTE B° ARGUELLO NORTE
3778,INSTITUTO SECUNDARIO CARLOS PELLEGRINI,INSTITUTO SECUNDARIO CARLOS PELLEGRINI,PILAR,RIO SEGUNDO,CÓRDOBA,140255600,RAFAEL NUÑEZ 1266  PILAR
3779,INSTITUTO SECUNDARIO CHARRAS,INSTITUTO SECUNDARIO CHARRAS,CHARRAS,JUAREZ CELMAN,CÓRDOBA,140312500,SAN MARTIN 565  CHARRAS
3780,INSTITUTO SECUNDARIO CRISTO REY,INSTITUTO SECUNDARIO CRISTO REY,COLAZO,RIO SEGUNDO,CÓRDOBA,140253400,ADALGISA 619  COLAZO
3781,INSTITUTO SECUNDARIO DE ECONOMIA Y TECNICO JOHN KENNEDY,INSTITUTO SECUNDARIO DE ECONOMIA Y TECNICO JOHN KENNEDY,CORDOBA,CAPITAL,CÓRDOBA,140136300,FELIX PAZ 1540 LOS GRANADOS B° LOS GRANADOS (AL COSTADO DEL CANAL)
3782,INSTITUTO SECUNDARIO DR. RAUL LOZA,INSTITUTO SECUNDARIO DOCTOR RAUL LOZA,LUQUE,RIO SEGUNDO,CÓRDOBA,140326200,SAN MARTIN 438 CENTRO LUQUE
3783,INSTITUTO SECUNDARIO ESTEBAN ANCARANI,INSTITUTO SECUNDARIO ESTEBAN ANCARANI,AUSONIA,GENERAL SAN MARTIN,CÓRDOBA,140457200,COLON ESQ.RIVADAVIA   AUSONIA
3408,INST.SECUNDARIO EVANGELICO WILLIAM C. MORRIS,INSTITUTO SECUNDARIO EVANGELICO WILLIAM C MORRIS,CORDOBA,CAPITAL,CÓRDOBA,140280400,SAN JOSE DE CALASANZ 144 ALBERDI B° ALBERDI(ENTRE CASEROS Y 27 DE ABRIL)
3784,INSTITUTO SECUNDARIO GABRIELA MISTRAL,INSTITUTO SECUNDARIO GABRIELA MISTRAL,MARULL,SAN JUSTO,CÓRDOBA,140381100,BELGRANO 234 LOS 3 CHAÑARES MARULL
3407,INST.SEC. GABRIELA MISTRAL ANEXO DE CNIA.TORO PUJIO,INSTITUTO SECUNDARIO GABRIELA MISTRAL ANEXO DE CNIA TORO PUJIO,TORO PUJIO,SAN JUSTO,CÓRDOBA,140381101,LOS SAUCES   COLONIA TORO PUJIO
3785,INSTITUTO SECUNDARIO GALA ORTIZ FERNANDEZ,INSTITUTO SECUNDARIO GALA ORTIZ FERNANDEZ,PASCANAS,UNION,CÓRDOBA,140202300,ESPAÑA 16 CENTRO PASCANAS
3786,INSTITUTO SECUNDARIO GENERAL JOSE MARIA PAZ,INSTITUTO SECUNDARIO GENERAL JOSE MARIA PAZ,LAGUNA LARGA,RIO SEGUNDO,CÓRDOBA,140026800,BV. RIO CUARTO 599 CENTRO LAGUNA LARGA
3787,INSTITUTO SECUNDARIO GENERAL LEVALLE,INSTITUTO SECUNDARIO GENERAL LEVALLE,GENERAL LEVALLE,PRESIDENTE ROQUE SAENZ PEÑA,CÓRDOBA,140389700,MARIANO MORENO 271 NORTE GENERAL LEVALLE
3788,INSTITUTO SECUNDARIO GENERAL SAN MARTIN,INSTITUTO SECUNDARIO GENERAL SAN MARTIN,CORDOBA,CAPITAL,CÓRDOBA,140249700,AV. COLON 4751 LAS PALMAS B° LAS PALMAS
3789,INSTITUTO SECUNDARIO HUANCHILLA,INSTITUTO SECUNDARIO HUANCHILLA,HUANCHILLAS,JUAREZ CELMAN,CÓRDOBA,140320800,VELEZ SARSFIELD 179  HUANCHILLAS
3790,INSTITUTO SECUNDARIO JOSE MANUEL ESTRADA,INSTITUTO SECUNDARIO JOSE MANUEL ESTRADA,CARRILOBO,RIO SEGUNDO,CÓRDOBA,140249500,BELGRANO 277  CARRILOBO
3791,INSTITUTO SECUNDARIO JOSE MARIA PAZ,INSTITUTO SECUNDARIO JOSE MARIA PAZ,INRIVILLE,MARCOS JUAREZ,CÓRDOBA,140315900,URUGUAY 210  INRIVILLE
3792,INSTITUTO SECUNDARIO JUAN BAUTISTA ALBERDI,INSTITUTO SECUNDARIO JUAN BAUTISTA ALBERDI,SAN BASILIO,RIO CUARTO,CÓRDOBA,140279800,BOULEVARD LORENZO BERARDO 325  SAN BASILIO
3793,INSTITUTO SECUNDARIO JUAN PASCUAL PRINGLES,INSTITUTO SECUNDARIO JUAN PASCUAL PRINGLES,VICUÑA MACKENNA,RIO CUARTO,CÓRDOBA,140302700,AVENIDA CARLOS S. YDE 684 CENTRO VICUÑA MACKENNA
3794,INSTITUTO SECUNDARIO MANUEL BELGRANO,INSTITUTO SECUNDARIO MANUEL BELGRANO,BRINCKMANN,SAN JUSTO,CÓRDOBA,140322100,AVENIDA SEEBER 317 MANUEL BELGRANO BRINKHANN
3795,INSTITUTO SECUNDARIO MANUEL BELGRANO,INSTITUTO SECUNDARIO MANUEL BELGRANO,VILLA MARIA,GENERAL SAN MARTIN,CÓRDOBA,140365400,MANUEL ANSELMO OCAMPO 1836 SAN JUSTO VILLA MARIA
3796,INSTITUTO SECUNDARIO NOETINGER,INSTITUTO SECUNDARIO NOETINGER,NOETINGER,UNION,CÓRDOBA,140312900,MAESTRO GARCIA S/N  MIRADOR DEL ESTE NOETINGER
3797,INSTITUTO SECUNDARIO OLEGARIO VICTOR ANDRADE,INSTITUTO SECUNDARIO OLEGARIO VICTOR ANDRADE,CORDOBA,CAPITAL,CÓRDOBA,140007000,AMALIA CELIA FIGUEREDO DE PIETRA 1615 VILLA RETIRO B°VILLA RETIRO - RUTA Nº 111 KM 7  B° VILLA RETIRO
3798,INSTITUTO SECUNDARIO ORIENTADO Y TECNICO CARLOS MARIA DE ALVEAR,INSTITUTO SECUNDARIO ORIENTADO Y TECNICO CARLOS MARIA DE ALVEAR,CORDOBA,CAPITAL,CÓRDOBA,140238700,AVENIDA FARADAY 5721 LOS EUCALIPTUS B° LOS EUCALIPTUS
3799,INSTITUTO SECUNDARIO PARA ADULTOS SAN JERONIMO,INSTITUTO SECUNDARIO PARA ADULTOS SAN JERONIMO,CORDOBA,CAPITAL,CÓRDOBA,140345100,AV. COLON 2202 ALTO ALBERDI B° ALTO ALBERDI
3774,INSTITUTO SEC. PQUIAL. MONSEÑOR FERMIN LAFITTE,INSTITUTO SECUNDARIO PARROQUIAL MONSEÑOR FERMIN LAFITTE,CORDOBA,CAPITAL,CÓRDOBA,140414500,Bv. Los Granaderos 1632 LOS PARAISOS B° LOS PARAISOS
3800,INSTITUTO SECUNDARIO PARROQUIAL MONTE CRISTO,INSTITUTO SECUNDARIO PARROQUIAL MONTE CRISTO,MONTECRISTO,RIO PRIMERO,CÓRDOBA,140275000,ROQUE SAENZ PEÑA 380 CENTRO MONTE CRISTO
3801,INSTITUTO SECUNDARIO PRIVADO CERRO AZUL,INSTITUTO SECUNDARIO PRIVADO CERRO AZUL,VILLA DOLORES,SAN JAVIER,CÓRDOBA,140514600,BELGRANO 508 CENTRO
3802,INSTITUTO SECUNDARIO PRIVADO JUAN XXIII,INSTITUTO SECUNDARIO PRIVADO JUAN XXIII,CORDOBA,CAPITAL,CÓRDOBA,140102300,PAYSANDU 860 RESIDENCIAL AMERICA B° RESIDENCIAL AMERICA
3803,INSTITUTO SECUNDARIO REPUBLICA DE ITALIA,INSTITUTO SECUNDARIO REPUBLICA DE ITALIA,CORDOBA,CAPITAL,CÓRDOBA,140305000,DONACIANO DEL CAMPILLO 851 URCA B° URCA
3804,INSTITUTO SECUNDARIO RICARDO PALMA,INSTITUTO SECUNDARIO RICARDO PALMA,CORDOBA,CAPITAL,CÓRDOBA,140330800,HENRY 5264 VILLA BELGRANO B°VILLA BELGRANO -AV.LAPLACE AL 5400
3805,INSTITUTO SECUNDARIO SALSIPUEDES,INSTITUTO SECUNDARIO SALSIPUEDES,SALSIPUEDES,COLON,CÓRDOBA,140387100,AVENIDA BELGRANO 178 CENTRO SALSIPUEDES
3806,INSTITUTO SECUNDARIO SAN MIGUEL,INSTITUTO SECUNDARIO SAN MIGUEL,CORDOBA,CAPITAL,CÓRDOBA,140529000,JUAN HIPOLITO VIEYTES 400 ALTO ALBERDI B° ALTO ALBERDI
3807,INSTITUTO SECUNDARIO SANTA MARIA TERESA GORETTI,INSTITUTO SECUNDARIO SANTA MARIA TERESA GORETTI,RIO CUARTO,RIO CUARTO,CÓRDOBA,140090700,PASAJE SAENZ 2851 PIZARRO RIO CUARTO SUR DE LA CIUDAD
3808,INSTITUTO SECUNDARIO YOCSINA,INSTITUTO SECUNDARIO YOCSINA,MALAGUEÑO,SANTA MARIA,CÓRDOBA,140238300,BRIGADIER SAN MARTIN 423 YOCSINA MALAGUEÑO
3289,INST. SEP SAN NICOLAS,INSTITUTO SEP SAN NICOLAS,CORDOBA,CAPITAL,CÓRDOBA,140510100,AV.MAIPU 354 CENTRO B° CENTRO
3290,INST. SEP SAN NICOLAS ANEXO COSQUIN,INSTITUTO SEP SAN NICOLAS ANEXO COSQUIN,COSQUIN,PUNILLA,CÓRDOBA,140510101,PEDRO ORTIZ 571 ONOFRE MARIMON COSQUIN
3291,INST. SEP SAN NICOLAS ANEXO CRUZ DEL EJE,INSTITUTO SEP SAN NICOLAS ANEXO CRUZ DEL EJE,CRUZ DEL EJE,CRUZ DEL EJE,CÓRDOBA,140510104,SOLDADO ROMERO 249  CRUZ DEL EJE
3292,INST. SEP SAN NICOLAS ANEXO DEAN FUNES,INSTITUTO SEP SAN NICOLAS ANEXO DEAN FUNES,DEAN FUNES,ISCHILIN,CÓRDOBA,140510108,TENIENTE MORANDINI 355 CENTRO DEAN FUNES
3293,INST. SEP SAN NICOLAS ANEXO JESUS MARIA,INSTITUTO SEP SAN NICOLAS ANEXO JESUS MARIA,JESUS MARIA,COLON,CÓRDOBA,140510102,CORDOBA 1050 CENTRO JESUS MARIA
3294,INST. SEP SAN NICOLAS ANEXO MARCOS JUAREZ,INSTITUTO SEP SAN NICOLAS ANEXO MARCOS JUAREZ,MARCOS JUAREZ,MARCOS JUAREZ,CÓRDOBA,140510105,MENDOZA 1196 SUR MARCOS JUAREZ
3295,INST. SEP SAN NICOLAS ANEXO OLIVA,INSTITUTO SEP SAN NICOLAS ANEXO OLIVA,OLIVA,TERCERO ARRIBA,CÓRDOBA,140510103,SARMIENTO 250 CENTRO OLIVA
3297,INST. SEP SAN NICOLAS ANEXO RIO CUARTO,INSTITUTO SEP SAN NICOLAS ANEXO RIO CUARTO,RIO CUARTO,RIO CUARTO,CÓRDOBA,140510106,25 DE MAYO 772 SANTA ROSA RIO CUARTO
3296,INST. SEP SAN NICOLAS ANEXO VILLA MARIA,INSTITUTO SEP SAN NICOLAS ANEXO VILLA MARIA,VILLA MARIA,GENERAL SAN MARTIN,CÓRDOBA,140510107,CATAMARCA 1268 CENTRO VILLA MARIA
3809,INSTITUTO SERVILIANO DIAZ,INSTITUTO SERVILIANO DIAZ,BIALET MASSE,PUNILLA,CÓRDOBA,140441600,SAN MARTIN 675 CENTRO BIALET MASSE
3810,INSTITUTO SOR MARIA ANTONIA DE PAZ Y FIGUEROA,INSTITUTO SOR MARIA ANTONIA DE PAZ Y FIGUEROA,CORDOBA,CAPITAL,CÓRDOBA,140545400,NICOLAS DE ISAMENDI 2862 YOFRE NORTE BARRIO YOFRE NORTE
3811,INSTITUTO STUDIO NORMA FONTENLA,INSTITUTO STUDIO NORMA FONTENLA,RIO CUARTO,RIO CUARTO,CÓRDOBA,140440900,PASAJE ABILENE 1151 ABILENE RIO CUARTO
3813,INSTITUTO SUPERIOR 25 DE MAYO,INSTITUTO SUPERIOR 25 DE MAYO,GENERAL DEHEZA,JUAREZ CELMAN,CÓRDOBA,140096800,BV. SAN MARTIN 136 CENTRO GENERAL DEHEZA
3814,INSTITUTO SUPERIOR AGENTES DE PROPAGANDA MEDICA,INSTITUTO SUPERIOR AGENTES DE PROPAGANDA MEDICA,CORDOBA,CAPITAL,CÓRDOBA,140471900,ENFERMERA GORDILLO GOMEZ  CIUDAD UNIVERSITARIA Ciudad Universitaria Escuela de Kinesiologia y Fisioterapia
3298,INST. SUP. ARTURO CAPDEVILA,INSTITUTO SUPERIOR ARTURO CAPDEVILA,CRUZ DEL EJE,CRUZ DEL EJE,CÓRDOBA,140319900,SARMIENTO - Planta Alta 1155 ESCUELA NORMAL CRUZ DEL EJE
3299,INST. SUP. ARTURO CAPDEVILA ANEXO EXTENSION AULICA SAN MARCOS SIERRAS,INSTITUTO SUPERIOR ARTURO CAPDEVILA ANEXO EXTENSION AULICA SAN MARCOS SIERRAS,SAN MARCOS SIERRA,CRUZ DEL EJE,CÓRDOBA,140319903,AVENIDA CACIQUE TULIAN S/N°   SAN JUSTO
3300,INST. SUP. ARTURO UMBERTO ILLIA,INSTITUTO SUPERIOR ARTURO UMBERTO ILLIA,VILLA CARLOS PAZ,PUNILLA,CÓRDOBA,140240300,OLSACHER 99 VILLA DOMINGUEZ VILLA CARLOS PAZ (entre PICASSO y Av.URUGUAY)
3301,INST. SUP. ASOCIACION CIVIL ODONTOLOGICA CORDOBA,INSTITUTO SUPERIOR ASOCIACION CIVIL ODONTOLOGICA CORDOBA,CORDOBA,CAPITAL,CÓRDOBA,140567300,SAN JERONIMO 177 CENTRO B° CENTRO
3302,INST. SUP. AZAFRAN  ESC.SUP. DE GASTRONOMIA,INSTITUTO SUPERIOR AZAFRAN ESCUELA SUPERIOR DE GASTRONOMIA,CORDOBA,CAPITAL,CÓRDOBA,140499000,PASAJE EUSEBIO MARCILLA 630 INDEPENDENCIA entre 12 de OCTUBRE y LA VALLEJA
3303,INST. SUP. BANCARIO,INSTITUTO SUPERIOR BANCARIO,CORDOBA,CAPITAL,CÓRDOBA,140489500,SAN JERONIMO 224 CENTRO B° CENTRO
3304,INST. SUP. BERNARDO A. HOUSSAY,INSTITUTO SUPERIOR BERNARDO A HOUSSAY,MARCOS JUAREZ,MARCOS JUAREZ,CÓRDOBA,140068800,RUTA NACIONAL Nº 9 Y AVDA. LAS COLONIAS  CENTRO MARCOS JUAREZ
3305,INST. SUP. BERNARDO A. HOUSSAY ANEXO CRUZ ALTA,INSTITUTO SUPERIOR BERNARDO A HOUSSAY ANEXO CRUZ ALTA,CRUZ ALTA,MARCOS JUAREZ,CÓRDOBA,140068801,INT.MANUEL MUÑOZ 117 LIBERTAD ENTRE LAPRIDA Y RUTA PROV. N° 6
3306,INST. SUP. BERNARDO A. HOUSSAY ANEXO EXTENSION AULICA MONTE BUEY,INSTITUTO SUPERIOR BERNARDO A HOUSSAY ANEXO EXTENSION AULICA MONTE BUEY,MONTE BUEY,MARCOS JUAREZ,CÓRDOBA,140068803,MARIANO MORENO 480  MONTE BUEY
3815,INSTITUTO SUPERIOR BERNARDO HOUSSAY,INSTITUTO SUPERIOR BERNARDO HOUSSAY,CAPILLA DEL MONTE,PUNILLA,CÓRDOBA,140263200,HIPOLITO YRIGOYEN 450 CENTRO CAPILLA DEL MONTE
3816,INSTITUTO SUPERIOR BERROTARAN,INSTITUTO SUPERIOR BERROTARAN,BERROTARAN,RIO CUARTO,CÓRDOBA,140308900,A. ARDILES 207 CENTRO BERROTARAN
3817,INSTITUTO SUPERIOR CARLOS LEGUIZAMON,INSTITUTO SUPERIOR CARLOS LEGUIZAMON,CORDOBA,CAPITAL,CÓRDOBA,140283800,CONCEPCION ARENAL 1177 ROGELIO MARTINEZ B° ROGELIO MARTINEZ -PARQUE SARMIENTO
3307,INST. SUP. CATALINA CAVIGLIA DE VISCA,INSTITUTO SUPERIOR CATALINA CAVIGLIA DE VISCA,OLIVA,TERCERO ARRIBA,CÓRDOBA,140413200,COLON 130 CENTRO OLIVA
3308,INST. SUP. CENTRO DE ALTOS ESTUDIOS DEL SUR,INSTITUTO SUPERIOR CENTRO DE ALTOS ESTUDIOS DEL SUR,MARCOS JUAREZ,MARCOS JUAREZ,CÓRDOBA,140391900,LARDIZABAL 545  MARCOS JUAREZ
3818,INSTITUTO SUPERIOR CERVANTES,INSTITUTO SUPERIOR CERVANTES,RIO CUARTO,RIO CUARTO,CÓRDOBA,140448300,BELGRANO 200 CENTRO RIO CUARTO
3309,INST. SUP. CLELIA FANNY CASTAGNINO,INSTITUTO SUPERIOR CLELIA FANNY CASTAGNINO,UCACHA,JUAREZ CELMAN,CÓRDOBA,140312400,LA RIOJA 166  UCACHA
3310,INST. SUP. CLELIA FANNY CASTAGNINO ANEXO ETRURIA,INSTITUTO SUPERIOR CLELIA FANNY CASTAGNINO ANEXO ETRURIA,ETRURIA,GENERAL SAN MARTIN,CÓRDOBA,140312401,BV. SARMIENTO 320 CENTRO ETRURIA
3311,INST. SUP. COLLEGIUM CENTRO DE EDUC.E INVEST.MUSICALES,INSTITUTO SUPERIOR COLLEGIUM CENTRO DE EDUC E INVEST MUSICALES,CORDOBA,CAPITAL,CÓRDOBA,140397000,CASEROS 963 ALBERDI B° ALBERDI (ENTRE CALASANZ y M.MORENO)
3819,INSTITUTO SUPERIOR COMODORO SALUSTIANO PEREZ ESTEVEZ,INSTITUTO SUPERIOR COMODORO SALUSTIANO PEREZ ESTEVEZ,CORDOBA,CAPITAL,CÓRDOBA,140509900,ANTOLIN TORRES 3626 CALIFORNIA B°CALIFORNIA
3820,INSTITUTO SUPERIOR CONTARDO FERRINI,INSTITUTO SUPERIOR CONTARDO FERRINI,RIO PRIMERO,RIO PRIMERO,CÓRDOBA,140127600,AV. CONTARDO FERRINI 96 CENTRO RIO PRIMERO
3821,INSTITUTO SUPERIOR CRUZ ROJA ARGENTINA,INSTITUTO SUPERIOR CRUZ ROJA ARGENTINA,RIO CUARTO,RIO CUARTO,CÓRDOBA,140463300,KOWALK 168 CENTRO RIO CUARTO
3822,INSTITUTO SUPERIOR CRUZ ROJA ARGENTINA FILIAL CORDOBA,INSTITUTO SUPERIOR CRUZ ROJA ARGENTINA FILIAL CORDOBA,CORDOBA,CAPITAL,CÓRDOBA,140443800,JUAN DE GARAY 2096 PUEYRREDON 
3823,INSTITUTO SUPERIOR CULTURA CONTEMPORANEA,INSTITUTO SUPERIOR CULTURA CONTEMPORANEA,CORDOBA,CAPITAL,CÓRDOBA,140580200,JOSE JAVIER DIAZ 481 SAN FERNANDO  B° SAN FERNANDO
3312,INST. SUP. DALMACIO VELEZ SARSFIELD,INSTITUTO SUPERIOR DALMACIO VELEZ SARSFIELD,JUSTINIANO POSSE,UNION,CÓRDOBA,140353100,BELGRANO 222 CENTRO JUSTINIANO POSSE
3313,INST. SUP. DE ACT.FISICAS Y DEPORTIVAS(ISAFYD)EX FITNESS,INSTITUTO SUPERIOR DE ACTIVIDADES FISICAS Y DEPORTIVAS (ISAFYD) EX FITNESS,CORDOBA,CAPITAL,CÓRDOBA,140485100,ENTRE RIOS 234 CENTRO B°CENTRO
3824,INSTITUTO SUPERIOR DE BOMBEROS ALFREDO ANGELI,INSTITUTO SUPERIOR DE BOMBEROS ALFREDO ANGELI,VILLA MARIA,GENERAL SAN MARTIN,CÓRDOBA,140497900,GENERAL PAZ 358 CENTRO VILLA MARIA
3314,INST. SUP. DE CAPACITACION INTEGRAL(EX COCINA INTERNACIONAL),INSTITUTO SUPERIOR DE CAPACITACION INTEGRAL (EX COCINA INTERNACIONAL),CORDOBA,CAPITAL,CÓRDOBA,140489000,RECTA MARTINOLLI 8883 PORTAL DEL JACARANDA
3315,INST. SUP. DE CIENCIAS ECONOMICAS Y TECNOLOGIAS,INSTITUTO SUPERIOR DE CIENCIAS ECONOMICAS Y TECNOLOGIAS,CORDOBA,CAPITAL,CÓRDOBA,140448200,AV. COLON 4551 ALBERDI B° ALBERDI
3825,INSTITUTO SUPERIOR DE COMERCIO EXTERIOR,INSTITUTO SUPERIOR DE COMERCIO EXTERIOR,CORDOBA,CAPITAL,CÓRDOBA,140445600,25 DE MAYO 1040 GENERAL PAZ B° GENERAL PAZ
3316,INST. SUP. DE CULTURAS ABORIGENES,INSTITUTO SUPERIOR DE CULTURAS ABORIGENES,CORDOBA,CAPITAL,CÓRDOBA,140137300,LA RIOJA 2115 ALTO ALBERDI B° ALTO ALBERDI
3826,INSTITUTO SUPERIOR DE DISEÑO Y ARTE,INSTITUTO SUPERIOR DE DISEÑO Y ARTE,CORDOBA,CAPITAL,CÓRDOBA,140500000,RIVADAVIA 24 CENTRO B° CENTRO
3318,INST. SUP. DE EDUCACION ARTISTICO MUSICAL DOMINGO ZIPOLI (EX IPEM 36),INSTITUTO SUPERIOR DE EDUCACION ARTISTICO MUSICAL DOMINGO ZIPOLI (EX IPEM 36),CORDOBA,CAPITAL,CÓRDOBA,140289100,MAESTRO MARCELO LOPEZ  2111 CIUDAD UNIVERSITARIA B°CIUDAD UNIVERSITARIA
3827,INSTITUTO SUPERIOR DE EDUCACION FISICA BELL,INSTITUTO SUPERIOR DE EDUCACION FISICA BELL,BELL VILLE,UNION,CÓRDOBA,140568000,BV. COLON 145 CENTRO BELL VILLE - CLUB ATLETICO Y BIBLIOTECA BELL
3317,INST. SUP. DE ED. FISICA: ESCUELA NUEVA JUAN MANTOVANI,INSTITUTO SUPERIOR DE EDUCACION FISICA ESCUELA NUEVA JUAN MANTOVANI,CORDOBA,CAPITAL,CÓRDOBA,140474200,ACONQUIJA 2302 PARQUE CAPITAL
3828,INSTITUTO SUPERIOR DE EDUCACION Y TRABAJO,INSTITUTO SUPERIOR DE EDUCACION Y TRABAJO,VILLA MARIA,GENERAL SAN MARTIN,CÓRDOBA,140472500,JOSE INGENIEROS 235 CENTRO VILLA MARIA
3812,INSTITUTO SUP. DE ENSEÑANZA (I.E.S),INSTITUTO SUPERIOR DE ENSEÑANZA (I E S),VILLA CARLOS PAZ,PUNILLA,CÓRDOBA,140516600,SOLIS 283 VILLA DOMINGUEZ VILLA CARLOS PAZ
3319,INST. SUP. DE ENSEÑANZA (I.E.S.),INSTITUTO SUPERIOR DE ENSEÑANZA (IES),VILLA CARLOS PAZ,PUNILLA,CÓRDOBA,140247200,SOLIS 283 VILLA DOMINGUEZ VILLA CARLOS PAZ
3829,INSTITUTO SUPERIOR DE ESTUDIOS PEDAGOGICOS,INSTITUTO SUPERIOR DE ESTUDIOS PEDAGOGICOS,CORDOBA,CAPITAL,CÓRDOBA,140554000,AGUSTIN GARZON 1221 SAN VICENTE B° SAN VICENTE
3830,INSTITUTO SUPERIOR DE FORMACION DOCENTE CALASANZ,INSTITUTO SUPERIOR DE FORMACION DOCENTE CALASANZ,CORDOBA,CAPITAL,CÓRDOBA,140558000,CASEROS 745 CENTRO B° CENTRO
3831,INSTITUTO SUPERIOR DE FORMACIÓN DOCENTE DR. ANTONIO NORES,INSTITUTO SUPERIOR DE FORMACIÓN DOCENTE DOCTOR ANTONIO NORES,CORDOBA,CAPITAL,CÓRDOBA,140532600,JULIO DE VEDIA 2351 SANTA CLARA DE ASIS entre LEON Y PIZARRO y PJE. J.de MEDEIROS
3323,INST. SUP. DE FORMACION DOCENTE NUESTRA MADRE DE LA MERCED,INSTITUTO SUPERIOR DE FORMACION DOCENTE NUESTRA MADRE DE LA MERCED,CORDOBA,CAPITAL,CÓRDOBA,140245400,MARIANO FRAGUEIRO 2389 ALTA CORDOBA B° ALTA CORDOBA
3320,INST. SUP. DE FORM. DOC. RENEE TRETTEL DE FABIAN,INSTITUTO SUPERIOR DE FORMACION DOCENTE RENEE TRETTEL DE FABIAN,CORDOBA,CAPITAL,CÓRDOBA,140048500,GOMEZ CARRILLO 2450 LOS NARANJOS B° LOS NARANJOS
3321,INST. SUP. DE FORM. DOC. RENEE TRETTEL DE FABIAN ANEXO EXTENSION AULICA VILLA SANTA ROSA,INSTITUTO SUPERIOR DE FORMACION DOCENTE RENEE TRETTEL DE FABIAN ANEXO EXTENSION AULICA VILLA SANTA ROSA,SANTA ROSA DE RIO PRIMERO,RIO PRIMERO,CÓRDOBA,140048501,VELEZ SARSFIELD  526  SANTA ROSA DE RIO I°
3322,INST. SUP. DE FORM. DOCENTE SAN JOSE,INSTITUTO SUPERIOR DE FORMACION DOCENTE SAN JOSE,LABOULAYE,PRESIDENTE ROQUE SAENZ PEÑA,CÓRDOBA,140086100,RIVADAVIA 245 CENTRO LABOULAYE
3324,INST. SUP. DE FORMACION DOCENTE SANTA TERESITA,INSTITUTO SUPERIOR DE FORMACION DOCENTE SANTA TERESITA,BALNEARIA,SAN JUSTO,CÓRDOBA,140381000,SAN JOSE 16  BALNEARIA
3832,INSTITUTO SUPERIOR DE LABORDE,INSTITUTO SUPERIOR DE LABORDE,LABORDE,UNION,CÓRDOBA,140390100,SAN MARTIN 451 CENTRO LABORDE
3325,INST. SUP. DE MARIA INMACULADA,INSTITUTO SUPERIOR DE MARIA INMACULADA,LAS VARILLAS,SAN JUSTO,CÓRDOBA,140261600,LUQUE 201 CENTRO LAS VARILLAS
3326,INST. SUP. DE MUSICA DE COLONIA CAROYA,INSTITUTO SUPERIOR DE MUSICA DE COLONIA CAROYA,COLONIA CAROYA,COLON,CÓRDOBA,140466300,AV SAN MARTIN 3697  COLONIA CAROYA
3327,INST. SUP. DE PERIODISMO OBISPO TREJO Y SANABRIA,INSTITUTO SUPERIOR DE PERIODISMO OBISPO TREJO Y SANABRIA,CORDOBA,CAPITAL,CÓRDOBA,140372000,RONDEAU 151 NUEVA CORDOBA B° NUEVA CORDOBA
3328,INST. SUP. DE VILLA DEL ROSARIO,INSTITUTO SUPERIOR DE VILLA DEL ROSARIO,VILLA DEL ROSARIO,RIO SEGUNDO,CÓRDOBA,140327100,HIPOLITO IRIGOYEN 890 CENTRO VILLA DEL ROSARIO
3329,INST. SUP. DE VILLA DEL ROSARIO ANEXO EXTENSION AULICA ONCATIVO,INSTITUTO SUPERIOR DE VILLA DEL ROSARIO ANEXO EXTENSION AULICA ONCATIVO,ONCATIVO,RIO SEGUNDO,CÓRDOBA,140327104,SANTA CRUZ 194  ONCATIVO
3330,INST. SUP. DE VILLA DEL ROSARIO ANEXO MONTECRISTO,INSTITUTO SUPERIOR DE VILLA DEL ROSARIO ANEXO MONTECRISTO,MONTECRISTO,RIO PRIMERO,CÓRDOBA,140327103,SARMIENTO 575 MALVINAS ARGENTINAS MONTECRISTO
3409,INST.SUP.DEL INMACULADO CORAZON DE MARIA  ADORATRICES,INSTITUTO SUPERIOR DEL INMACULADO CORAZON DE MARIA ADORATRICES,VILLA DEL ROSARIO,RIO SEGUNDO,CÓRDOBA,140396000,COLON 1015 CENTRO VILLA DEL ROSARIO
3331,INST. SUP. DEL PROF. ANTONIO SOBRAL,INSTITUTO SUPERIOR DEL PROFESORADO ANTONIO SOBRAL,CORDOBA,CAPITAL,CÓRDOBA,140473500,OBISPO MOSCOSO Y PERALTA 2772 CERRO DE LAS ROSAS B° CERRO DE LAS ROSAS
3335,INST. SUP. DEL PROFESORADO DE CANALS,INSTITUTO SUPERIOR DEL PROFESORADO DE CANALS,CANALS,UNION,CÓRDOBA,140353700,9 DE JULIO 379 CENTRO CANALS
3332,INST. SUP. DEL PROF. DE MONTE MAIZ,INSTITUTO SUPERIOR DEL PROFESORADO DE MONTE MAIZ,MONTE MAIZ,UNION,CÓRDOBA,140041900,SAN MARTIN 1520 CENTRO MONTE MAIZ
3336,INST. SUP. DEL PROFESORADO DE PASCANAS,INSTITUTO SUPERIOR DEL PROFESORADO DE PASCANAS,PASCANAS,UNION,CÓRDOBA,140389900,CARMEN DE RUIBAL 481 BERLIN PASCANAS
3376,INST. SUP. PROF. CS. ECON. Y CS. JUR. DR. JOSE A.ORTIZ Y HERRERA,INSTITUTO SUPERIOR DEL PROFESORADO EN CIENCIAS ECONOMICAS Y CIENCIAS JURIDICAS DOCTOR JOSE A ORTIZ Y HERRERA,CORDOBA,CAPITAL,CÓRDOBA,140334100,GRAL.JUAN JOSE VIAMONTE 150 GENERAL PAZ B° GENERAL PAZ
3333,INST. SUP. DEL PROF. EN EDUCACION FISICA I.A.C.C.,INSTITUTO SUPERIOR DEL PROFESORADO EN EDUCACION FISICA I A C C,CORDOBA,CAPITAL,CÓRDOBA,140513200,JUJUY 2702 ALTA CORDOBA B° ALTA CORDOBA
3334,INST. SUP. DEL PROF. JORGE A.CAVANNA(EX CELED.GALVAN MORENO),INSTITUTO SUPERIOR DEL PROFESORADO JORGE A CAVANNA (EX CEL EDUCACION GALVAN MORENO),HUERTA GRANDE,PUNILLA,CÓRDOBA,140068000,AVDA. SAN MARTIN 748 CENTRO HUERTA GRANDE
3337,INST. SUP. DEL PROFESORADO MANUEL BELGRANO,INSTITUTO SUPERIOR DEL PROFESORADO MANUEL BELGRANO,BRINCKMANN,SAN JUSTO,CÓRDOBA,140322200,AVENIDA SEEBER 317 MANUEL BELGRANO BRINCKMANN
3338,INST. SUP. DEL PROFESORADO MARIANO MORENO,INSTITUTO SUPERIOR DEL PROFESORADO MARIANO MORENO,BELL VILLE,UNION,CÓRDOBA,140400100,25 DE MAYO 135 CENTRO BELL VILLE
3833,INSTITUTO SUPERIOR DEL PROFESORADO TECNOLOGICO,INSTITUTO SUPERIOR DEL PROFESORADO TECNOLOGICO,CORDOBA,CAPITAL,CÓRDOBA,140409000,AGUSTIN GARZON  1255 SAN VICENTE B° SAN VICENTE
3339,INST. SUP. DIOCESANO DR. ALEXIS CARREL,INSTITUTO SUPERIOR DIOCESANO DOCTOR ALEXIS CARREL,RIO TERCERO,TERCERO ARRIBA,CÓRDOBA,140160900,GENERAL PAZ  CENTRO RIO TERCERO
3340,INST. SUP. DIOCESANO PBRO. JOSE G. BROCHERO,INSTITUTO SUPERIOR DIOCESANO PRESBITERO JOSE G BROCHERO,BELL VILLE,UNION,CÓRDOBA,140470200,25 DE MAYO 59 CENTRO BELL VILLE
3342,INST. SUP. DR. CARLOS MARIA CARENA,INSTITUTO SUPERIOR DOCTOR CARLOS MARIA CARENA,MINA CLAVERO,SAN ALBERTO,CÓRDOBA,140365100,AVENIDA SAN MARTIN 1545  MINA CLAVERO
3343,INST. SUP. DR. ENRIQUE PICHON RIVIERE,INSTITUTO SUPERIOR DOCTOR ENRIQUE PICHON RIVIERE,CORDOBA,CAPITAL,CÓRDOBA,140514800,SOL DE MAYO 726 ALTO ALBERDI B° ALTO ALBERDI
3344,INST. SUP. DR. RAMON J. CARRILLO,INSTITUTO SUPERIOR DOCTOR RAMON J CARRILLO,BELL VILLE,UNION,CÓRDOBA,140253500,GERONIMO DEL BARCO 640 ESTACION BELL VILLE
3345,INST. SUP. DR.RAMON J. CARRILLO ANEXO STA ROSA DE RIO I,INSTITUTO SUPERIOR DOCTOR RAMON J CARRILLO ANEXO STA ROSA DE RIO I,SANTA ROSA DE RIO PRIMERO,RIO PRIMERO,CÓRDOBA,140253504,SAN MARTIN 887  SANTA ROSA DE RI PRIMERO
3341,INST. SUP. DOMINGO FAUSTINO SARMIENTO,INSTITUTO SUPERIOR DOMINGO FAUSTINO SARMIENTO,LA CALERA,COLON,CÓRDOBA,140410500,BELGRANO 711 CENTRO LA CALERA
3346,INST. SUP. EDUARDO LEFEBVRE DE LABOULAYE,INSTITUTO SUPERIOR EDUARDO LEFEBVRE DE LABOULAYE,LABOULAYE,PRESIDENTE ROQUE SAENZ PEÑA,CÓRDOBA,140298700,INDEPENDENCIA 475 CENTRO LABOULAYE
3834,INSTITUTO SUPERIOR EMPALME,INSTITUTO SUPERIOR EMPALME,CORDOBA,CAPITAL,CÓRDOBA,140505100,LAS ARRIAS 4073 EMPALME B° EMPALME
3347,INST. SUP. EN CIENCIAS DE LA EDUC. OLGA COSSETTINI,INSTITUTO SUPERIOR EN CIENCIAS DE LA EDUCACION OLGA COSSETTINI,CORDOBA,CAPITAL,CÓRDOBA,140444000,OBISPO MOSCOSO Y PERALTA 2772 CERRO DE LAS ROSAS B° CERRO DE LAS ROSAS
3348,INST. SUP. ESCUELA DE SUBOFICIALES DE LA FUERZA AEREA CORDOBA,INSTITUTO SUPERIOR ESCUELA DE SUBOFICIALES DE LA FUERZA AEREA CORDOBA,CORDOBA,CAPITAL,CÓRDOBA,140533600,AV. FUERZA AEREA KM 4 1/2  AERONAUTICO B° AERONAUTICO
3349,INST. SUP. FASTA INMACULADA CONCEPCION,INSTITUTO SUPERIOR FASTA INMACULADA CONCEPCION,SAN FRANCISCO,SAN JUSTO,CÓRDOBA,140319700,BV. SAENZ PEÑA 1151 CATEDRAL SAN FRANCISCO
3835,INSTITUTO SUPERIOR FUNDACION RENAULT,INSTITUTO SUPERIOR FUNDACION RENAULT,CORDOBA,CAPITAL,CÓRDOBA,140581200,COLONIA IMPIRA S/N°  SANTA ISABEL B° SANTA ISABEL
3350,INST. SUP. GENERAL SAN MARTIN,INSTITUTO SUPERIOR GENERAL SAN MARTIN,VILLA ALLENDE,COLON,CÓRDOBA,140506900,TABLADA  CENTRO VILLA ALLENDE
3351,INST. SUP. I.E.S. SIGLO 21 COLEGIO UNIVERSITARIO,INSTITUTO SUPERIOR IES SIGLO 21 COLEGIO UNIVERSITARIO,CORDOBA,CAPITAL,CÓRDOBA,140304700,Rondeau 165 NUEVA CORDOBA B° NUEVA CORDOBA
3352,INST. SUP. JERONIMO LUIS DE CABRERA,INSTITUTO SUPERIOR JERONIMO LUIS DE CABRERA,GENERAL CABRERA,JUAREZ CELMAN,CÓRDOBA,140383600,9 DE JULIO S/N  CENTRO GENERAL CABRERA
3353,INST. SUP. JOSE MANUEL ESTRADA,INSTITUTO SUPERIOR JOSE MANUEL ESTRADA,CORRAL DE BUSTOS,MARCOS JUAREZ,CÓRDOBA,140047400,SANTA FE 665 CENTRO CORRAL DE BUSTOS - TEMPLO PARROQUIAL
3836,INSTITUTO SUPERIOR JUAN CINOTTO,INSTITUTO SUPERIOR JUAN CINOTTO,SAMPACHO,RIO CUARTO,CÓRDOBA,140473900,MORENO 552 CENTRO SAMPACHO
3354,INST. SUP. JUAN ZORRILLA DE SAN MARTIN,INSTITUTO SUPERIOR JUAN ZORRILLA DE SAN MARTIN,CORDOBA,CAPITAL,CÓRDOBA,140501700,DONACIANO DEL CAMPILLO 1563 CERRO DE LAS ROSAS B° CERRO DE LAS ROSAS (H.PLAZA y S.ALBARRACIN
3837,INSTITUTO SUPERIOR KEN ROBINSON,INSTITUTO SUPERIOR KEN ROBINSON,CORDOBA,CAPITAL,CÓRDOBA,140578100,JOSE ROQUE FUNES 1511 CERRO DE LAS ROSAS B° CERRO DE LAS ROSAS
3355,INST. SUP. LA COLMENA ESCUELA DE MUSICA,INSTITUTO SUPERIOR LA COLMENA ESCUELA DE MUSICA,CORDOBA,CAPITAL,CÓRDOBA,140466100,SALTA 374 CENTRO B° CENTRO
3356,INST. SUP. LA METRO. ESCUELA DE COMUNICACIÓN AUDIOVISUAL,INSTITUTO SUPERIOR LA METRO ESCUELA DE COMUNICACIÓN AUDIOVISUAL,CORDOBA,CAPITAL,CÓRDOBA,140449100,INDEPENDENCIA 155 CENTRO B° CENTRO
3838,INSTITUTO SUPERIOR LEIBNITZ,INSTITUTO SUPERIOR LEIBNITZ,VILLA MARIA,GENERAL SAN MARTIN,CÓRDOBA,140443700,AV GUILLERMO RAWSON 1899 TRINITARIOS VILLA MARIA
3357,INST. SUP. LOS SAGRADOS CORAZONES,INSTITUTO SUPERIOR LOS SAGRADOS CORAZONES,VILLA HUIDOBRO,GENERAL ROCA,CÓRDOBA,140341200,SANTA MARIA JOSEFA ROSSELLO 250 CENTRO VILLA HUIDOBRO
3358,INST. SUP. MADRE TERESA DE CALCUTA,INSTITUTO SUPERIOR MADRE TERESA DE CALCUTA,SAN FRANCISCO,SAN JUSTO,CÓRDOBA,140532900,BELGRANO 2158 CENTRO SAN FRANCISCO
3839,INSTITUTO SUPERIOR MARIA INMACULADA,INSTITUTO SUPERIOR MARIA INMACULADA,RIO CUARTO,RIO CUARTO,CÓRDOBA,140523400,INTENDENTE DOCTOR JAIME GIL 625 SANTA ROSA RIO CUARTO
3359,INST. SUP. MARIA J. MOYANO DE EZPELETA,INSTITUTO SUPERIOR MARIA J MOYANO DE EZPELETA,MORTEROS,SAN JUSTO,CÓRDOBA,140110400,PTE. ARTURO FRONDIZI 2915  MORTEROS
3360,INST. SUP. MARIA J. MOYANO DE EZPELETA ANEXO FREYRE,INSTITUTO SUPERIOR MARIA J MOYANO DE EZPELETA ANEXO FREYRE,FREYRE,SAN JUSTO,CÓRDOBA,140110401,ALBERDI 283 MANUEL BELGRANO FREYRE
3361,INST. SUP. MARIANO MORENO,INSTITUTO SUPERIOR MARIANO MORENO,CORDOBA,CAPITAL,CÓRDOBA,140270700,LA RIOJA 1019 ALBERDI Bº ALBERDI
3840,INSTITUTO SUPERIOR MARTHA SALOTTI,INSTITUTO SUPERIOR MARTHA SALOTTI,JOVITA,GENERAL ROCA,CÓRDOBA,140215000,INDEPENDENCIA S/N   JOVITA
3842,INSTITUTO SUPERIOR MARTHA SALOTTI ANEXO EXTENSION AULICA VICUÑA MACKENNA,INSTITUTO SUPERIOR MARTHA SALOTTI ANEXO EXTENSION AULICA VICUÑA MACKENNA,VICUÑA MACKENNA,RIO CUARTO,CÓRDOBA,140215002,SARMIENTO 672  VICUÑA MACKENNA- EDIFICIO ESTABLECIMIENTO EDUCATIVO GUIDO SPANO
3841,INSTITUTO SUPERIOR MARTHA SALOTTI ANEXO HUINCA RENANCO,INSTITUTO SUPERIOR MARTHA SALOTTI ANEXO HUINCA RENANCO,HUINCA RENANCO,GENERAL ROCA,CÓRDOBA,140215001,ITALIA S/N°   HUINCA RENANCO
3843,INSTITUTO SUPERIOR MOODY,INSTITUTO SUPERIOR MOODY,CORDOBA,CAPITAL,CÓRDOBA,140579000,AV. AMADEO SABATTINI 359 CRISOL NORTE B°CRISOL NORTE
3362,INST. SUP. NUESTRA MADRE DE LA MERCED,INSTITUTO SUPERIOR NUESTRA MADRE DE LA MERCED,LA CARLOTA,JUAREZ CELMAN,CÓRDOBA,140331300,9 DE JULIO 271 CENTRO LA CARLOTA
3363,INST. SUP. NUESTRA SEÑORA DE FATIMA,INSTITUTO SUPERIOR NUESTRA SEÑORA DE FATIMA,CORDOBA,CAPITAL,CÓRDOBA,140366700,AV RUFINO VARELA ORTIZ 2600 MATIENZO Bº MATIENZO
3364,INST. SUP. NUESTRA SEÑORA DE LA MERCED,INSTITUTO SUPERIOR NUESTRA SEÑORA DE LA MERCED,ARROYITO,SAN JUSTO,CÓRDOBA,140324500,9 DE JULIO 465 CENTRO ARROYITO
3365,INST. SUP. NUESTRA SEÑORA DE LAS MERCEDES,INSTITUTO SUPERIOR NUESTRA SEÑORA DE LAS MERCEDES,UNQUILLO,COLON,CÓRDOBA,140406700,AZOPARDO 200 CENTRO UNQUILLO
3366,INST. SUP. NUESTRA SEÑORA DE LOURDES,INSTITUTO SUPERIOR NUESTRA SEÑORA DE LOURDES,UNQUILLO,COLON,CÓRDOBA,140506700,JUAN MILICH S/N°  CENTRO UNQUILLO
3367,INST. SUP. NUESTRA SEÑORA DEL SAGRADO CORAZON,INSTITUTO SUPERIOR NUESTRA SEÑORA DEL SAGRADO CORAZON,CORDOBA,CAPITAL,CÓRDOBA,140474300,AV. REVOLUCION DE MAYO 1476 CRISOL B° CRISOL
3368,INST. SUP. NUESTRA SEÑORA DEL VALLE,INSTITUTO SUPERIOR NUESTRA SEÑORA DEL VALLE,CRUZ DEL EJE,CRUZ DEL EJE,CÓRDOBA,140473200,SARMIENTO 121 CENTRO CRUZ DEL EJE
3844,INSTITUTO SUPERIOR NUESTRA SEÑORA DEL VALLE,INSTITUTO SUPERIOR NUESTRA SEÑORA DEL VALLE,CORDOBA,CAPITAL,CÓRDOBA,140518400,AVILA Y ZARATE 2051 CERRO DE LAS ROSAS B° CERRO DE LAS ROSAS
3369,INST. SUP. NUESTRA SEÑORA Y SANTA INES,INSTITUTO SUPERIOR NUESTRA SEÑORA Y SANTA INES,CORDOBA,CAPITAL,CÓRDOBA,140297300,CIUDAD DEL BARCO 3315 LA FRANCE B°LA FRANCE
3370,INST. SUP. NUEVA FORMACION,INSTITUTO SUPERIOR NUEVA FORMACION,CORDOBA,CAPITAL,CÓRDOBA,140493300,ITUZAINGO 658 NUEVA CORDOBA B° NUEVA CORDOBA
3374,INST. SUP. PQUIAL. GUSTAVO MARTINEZ ZUVIRIA,INSTITUTO SUPERIOR PARROQUIAL GUSTAVO MARTINEZ ZUVIRIA,LAS VARILLAS,SAN JUSTO,CÓRDOBA,140261700,PBRO JOSE T. LUQUE 121  LAS VARILLAS
3845,INSTITUTO SUPERIOR PARROQUIAL MONSEÑOR LUIS KLOSTER,INSTITUTO SUPERIOR PARROQUIAL MONSEÑOR LUIS KLOSTER,ISLA VERDE,MARCOS JUAREZ,CÓRDOBA,140500200,LIBERTAD 446 CENTRO ISLA VERDE
3371,INST. SUP. PARROQUIAL SAN JOSE,INSTITUTO SUPERIOR PARROQUIAL SAN JOSE,CORDOBA,CAPITAL,CÓRDOBA,140344600,VELEZ 252 ALTO ALBERDI B° ALTO ALBERDI
3846,INSTITUTO SUPERIOR PASCAL,INSTITUTO SUPERIOR PASCAL,CORDOBA,CAPITAL,CÓRDOBA,140332800,LIMA 363 CENTRO B° CENTRO
3847,INSTITUTO SUPERIOR POLITECNICO CORDOBA,INSTITUTO SUPERIOR POLITECNICO CORDOBA,CORDOBA,CAPITAL,CÓRDOBA,140575200,AV. HUMBERTO PRIMO 467 CENTRO B° CENTRO (EN LA DGETyFP)
3375,INST. SUP. PRESBITERO JUAN GUIRULA,INSTITUTO SUPERIOR PRESBITERO JUAN GUIRULA,LABORDE,UNION,CÓRDOBA,140390900,LAS HERAS 525 CENTRO LABORDE
3372,INST. SUP. PBRO. JUAN VICENTE BRIZUELA,INSTITUTO SUPERIOR PRESBITERO JUAN VICENTE BRIZUELA,VILLA DOLORES,SAN JAVIER,CÓRDOBA,140362500,SARMIENTO 270 CENTRO VILLA DOLORES
3373,INST. SUP. PBRO.MANUEL ROBERT,INSTITUTO SUPERIOR PRESBITERO MANUEL ROBERT,DESPEÑADEROS,SANTA MARIA,CÓRDOBA,140022200,TUCUMAN 37 GENERAL PAZ DESPEÑADEROS
3378,INST. SUP. RAMON MENENDEZ PIDAL,INSTITUTO SUPERIOR RAMON MENENDEZ PIDAL,RIO CUARTO,RIO CUARTO,CÓRDOBA,140299800,AV. JOSE GARIBALDI 50 BANDA NORTE RIO CUARTO
3379,INST. SUP. REMEDIOS ESCALADA DE SAN MARTIN,INSTITUTO SUPERIOR REMEDIOS ESCALADA DE SAN MARTIN,VILLA CARLOS PAZ,PUNILLA,CÓRDOBA,140016900,PROFESORA ADELINA ALEGRE DE DURET S/N°  SARMIENTO VILLA CARLOS PAZ
3377,"INST. SUP. R.E.T.( RESCATE, EMERGENCIA Y TRAUMA)",INSTITUTO SUPERIOR RET (RESCATE EMERGENCIA Y TRAUMA),CORDOBA,CAPITAL,CÓRDOBA,140508400,SALTA 475 NUEVA CORDOBA B° NUEVA CORDOBA
3848,INSTITUTO SUPERIOR RIO TERCERO (IDES),INSTITUTO SUPERIOR RIO TERCERO (IDES),RIO TERCERO,TERCERO ARRIBA,CÓRDOBA,140466400,CID CAMPEADOR  MEDIA LUNA RIO TERCERO
3380,INST. SUP. SABER,INSTITUTO SUPERIOR SABER,CORDOBA,CAPITAL,CÓRDOBA,140445400,AV. CHACABUCO 326 CENTRO B° CENTRO
3849,INSTITUTO SUPERIOR SAGRADA FAMILIA,INSTITUTO SUPERIOR SAGRADA FAMILIA,COSQUIN,PUNILLA,CÓRDOBA,140519400,PALEMON CARRANZA 549 CENTRO COSQUIN
3381,INST. SUP. SAGRADO CORAZON,INSTITUTO SUPERIOR SAGRADO CORAZON,VILLA DOLORES,SAN JAVIER,CÓRDOBA,140431500,HORMAECHE 375 JARDIN VILLA DOLORES
3850,INSTITUTO SUPERIOR SAGRADO CORAZON,INSTITUTO SUPERIOR SAGRADO CORAZON,OLIVA,TERCERO ARRIBA,CÓRDOBA,140482600,CORTADA DON BOSCO 360 SAGRADO CORAZON OLIVA
3851,INSTITUTO SUPERIOR SAN IGNACIO,INSTITUTO SUPERIOR SAN IGNACIO,CORDOBA,CAPITAL,CÓRDOBA,140575500,AV. DUARTE QUIROS 1325/33 1325 PASO DE LOS ANDES B° PASO DE LOS ANDES
3382,INST. SUP. SAN IGNACIO (N.MEDIO DE ADULTOS),INSTITUTO SUPERIOR SAN IGNACIO (N MEDIO DE ADULTOS),CORDOBA,CAPITAL,CÓRDOBA,140465600,AV. DUARTE QUIROS 1325/33 1325 PASO DE LOS ANDES B° PASO DE LOS ANDES
3383,INST. SUP. SAN MIGUEL,INSTITUTO SUPERIOR SAN MIGUEL,CORDOBA,CAPITAL,CÓRDOBA,140455300,JUAN HIPOLITO VIEYTES 400 ALTO ALBERDI B° ALTO ALBERDI
3384,INST. SUP. SANTA CLARA DE ASIS,INSTITUTO SUPERIOR SANTA CLARA DE ASIS,CORDOBA,CAPITAL,CÓRDOBA,140493200,ENTRE RIOS 142 CENTRO B° CENTRO
3385,INST. SUP. SANTA JUANA DE ARCO,INSTITUTO SUPERIOR SANTA JUANA DE ARCO,CRUZ ALTA,MARCOS JUAREZ,CÓRDOBA,140391300,RIVADAVIA 999 BELGRANO CRUZ ALTA
3386,INST. SUP. SANTA ROSA DE CALAMUCHITA,INSTITUTO SUPERIOR SANTA ROSA DE CALAMUCHITA,SANTA ROSA DE CALAMUCHITA,CALAMUCHITA,CÓRDOBA,140471600,CHILE  5to CENTENARIO Detras de la Terminal de Omnibus
3387,INST. SUP. SANTO DOMINGO,INSTITUTO SUPERIOR SANTO DOMINGO,VILLA DE SOTO,CRUZ DEL EJE,CÓRDOBA,140255400,JOSE IGNACIO PERALTA 249 CENTRO VILLA DE SOTO
3388,INST. SUP. SANTO DOMINGO,INSTITUTO SUPERIOR SANTO DOMINGO,CORDOBA,CAPITAL,CÓRDOBA,140445700,ALVEAR 270 CENTRO B° CENTRO (ENTRE AV.OLMOS y LIMA)
3389,INST. SUP. SIMON BOLIVAR,INSTITUTO SUPERIOR SIMON BOLIVAR,CORDOBA,CAPITAL,CÓRDOBA,140397100,AGUSTIN GARZON 1225 SAN VICENTE B° SAN VICENTE
3390,INST. SUP. SIMON BOLIVAR ANEXO VILLA EL LIBERTADOR,INSTITUTO SUPERIOR SIMON BOLIVAR ANEXO VILLA EL LIBERTADOR,CORDOBA,CAPITAL,CÓRDOBA,140397102,FRANCISCO PABLO DE MAURO 558 VILLA EL LIBERTADOR B° VILLA EL LIBERTADOR
3391,INST. SUP. SOR MARIA ANTONIA DE PAZ Y FIGUEROA,INSTITUTO SUPERIOR SOR MARIA ANTONIA DE PAZ Y FIGUEROA,CORDOBA,CAPITAL,CÓRDOBA,140235900,NICOLAS DE ISASMENDI 2862 YOFRE NORTE
3852,INSTITUTO SUPERIOR SPINOZA,INSTITUTO SUPERIOR SPINOZA,CORDOBA,CAPITAL,CÓRDOBA,140445300,SALTA 475 CENTRO B° CENTRO
3392,INST. SUP. TECNICO ADRIAN P.URQUIA ANEXO,INSTITUTO SUPERIOR TECNICO ADRIAN P URQUIA ANEXO,GENERAL DEHEZA,JUAREZ CELMAN,CÓRDOBA,140309401,HONDURAS 120 QUINTA GASTALDI GENERAL DEHEZA
3393,INST. SUP. TECNOLOGICO FORO DE LOS RIOS,INSTITUTO SUPERIOR TECNOLOGICO FORO DE LOS RIOS,VILLA GENERAL BELGRANO,CALAMUCHITA,CÓRDOBA,140510300,CORRIENTES  MUNICIPAL VILLA GENERAL BELGRANO
3853,INSTITUTO SUPERIOR VICTORIA OCAMPO,INSTITUTO SUPERIOR VICTORIA OCAMPO,NOETINGER,UNION,CÓRDOBA,140322700,MAESTRO GARCIA S/N  MIRADOR DEL ESTE NOETINGER
3394,INST. SUP. VIRGEN NIÑA,INSTITUTO SUPERIOR VIRGEN NIÑA,JUSTINIANO POSSE,UNION,CÓRDOBA,140353200,25 DE MAYO 978 CENTRO JUSTINIANO POSSE
3395,INST. SUP. ZARELA MOYANO DE TOLEDO,INSTITUTO SUPERIOR ZARELA MOYANO DE TOLEDO,JESUS MARIA,COLON,CÓRDOBA,140136600,GRAL BUSTOS 1336 17 DE OCTUBRE JESUS MARIA
3397,INST. SUP. ZARELA MOYANO DE TOLEDO ANEXO SAN FCO.DEL CHAÑAR,INSTITUTO SUPERIOR ZARELA MOYANO DE TOLEDO ANEXO SAN FCO DEL CHAÑAR,SAN FRANCISCO DEL CHAÑAR,SOBREMONTE,CÓRDOBA,140136601,ALBERDI  189 CENTRO SAN FRANCISCO DEL CHAÑAR
3396,INST. SUP. ZARELA MOYANO DE TOLEDO ANEXO SEBASTIAN ELCANO,INSTITUTO SUPERIOR ZARELA MOYANO DE TOLEDO ANEXO SEBASTIAN ELCANO,SEBASTIAN ELCANO,RIO SECO,CÓRDOBA,140136604,MAESTRO PIÑA 279 CENTRO SEBASTIAN ELCANO
3854,INSTITUTO TECNICO ADRIAN P.URQUIA,INSTITUTO TECNICO ADRIAN P URQUIA,GENERAL DEHEZA,JUAREZ CELMAN,CÓRDOBA,140309400,BVARD. ALMIRANTE BROWN 217 ACEITERO A GENERAL DEHEZA
3855,INSTITUTO TECNICO AGRARIO INDUSTRIAL,INSTITUTO TECNICO AGRARIO INDUSTRIAL,MONTE BUEY,MARCOS JUAREZ,CÓRDOBA,140224300,ENRIQUE CHERRI 101  MONTE BUEY
3856,INSTITUTO TECNICO AGROPECUARIO CORRALITO I.T.A.C.,INSTITUTO TECNICO AGROPECUARIO CORRALITO ITAC,CORRALITO,TERCERO ARRIBA,CÓRDOBA,140123800,ALMIRANTE BROWN 160  CORRALITO
3857,INSTITUTO TECNICO CARNERILLO,INSTITUTO TECNICO CARNERILLO,CARNERILLO,JUAREZ CELMAN,CÓRDOBA,140384100,JULIO ARGENTINO OROÑO 264 CENTRO CARNERILLO
3858,INSTITUTO TECNICO CRISTO OBRERO,INSTITUTO TECNICO CRISTO OBRERO,VILLA CURA BROCHERO,SAN ALBERTO,CÓRDOBA,140351500,HIPOLITO YRIGOYEN 80 CENTRO VILLA CURA BROCHERO
3859,INSTITUTO TECNICO DE ENSEÑANZA PRIVADA EL OBRAJE,INSTITUTO TECNICO DE ENSEÑANZA PRIVADA EL OBRAJE,ALTA GRACIA,SANTA MARIA,CÓRDOBA,140267100,JUAN NIETO 17 POLUYAN ALTA GRACIA
3860,INSTITUTO TECNICO GENERAL BELGRANO,INSTITUTO TECNICO GENERAL BELGRANO,PILAR,RIO SEGUNDO,CÓRDOBA,140550400,GENERAL PAZ 1370 CENTRO PILAR
3861,INSTITUTO TECNICO HECTOR VALDIVIELSO,INSTITUTO TECNICO HECTOR VALDIVIELSO,MALVINAS ARGENTINAS,COLON,CÓRDOBA,140563500,CORRIENTES 875 TERCERA SECCION MALVINAS ARGENTINAS
3862,INSTITUTO TECNICO INDUSTRIAL FELIX DE MICHELLI,INSTITUTO TECNICO INDUSTRIAL FELIX DE MICHELLI,LA CUMBRE,PUNILLA,CÓRDOBA,140284400,9 DE JULIO 565 EL GOLF LA CUMBRE
3863,INSTITUTO TECNICO ING.NOEL J.ETCHEGOYEN,INSTITUTO TECNICO INGENIERO NOEL J ETCHEGOYEN,CORDOBA,CAPITAL,CÓRDOBA,140169400,MONSEÑOR DE ANDREA 432 ALTO ALBERDI B° ALTO ALBERDI
3864,INSTITUTO TECNICO ISOR,INSTITUTO TECNICO ISOR,VILLA BUSTOS (SANTA MARIA DE LA PUNILLA),PUNILLA,CÓRDOBA,140400500,AV. SAN MARTIN 2629 VILLA BUSTOS SANTA MARIA DE PUNILLA
3865,INSTITUTO TECNICO JOSE HERNANDEZ,INSTITUTO TECNICO JOSE HERNANDEZ,WENCESLAO ESCALANTE,UNION,CÓRDOBA,140203500,ITALIA 1234  WENCESLAO ESCALANTE
3866,INSTITUTO TECNICO LA FALDA,INSTITUTO TECNICO LA FALDA,LA FALDA,PUNILLA,CÓRDOBA,140293100,CAPITAL FEDERAL 70 CENTRO LA FALDA
3867,INSTITUTO TECNICO MAESTRO ALFREDO BRAVO,INSTITUTO TECNICO MAESTRO ALFREDO BRAVO,RIO CEBALLOS,COLON,CÓRDOBA,140502700,DERMIDIO LOZA 252 SAN MARINO RIO CEBALLOS
3868,INSTITUTO TECNICO MANUEL DE FALLA,INSTITUTO TECNICO MANUEL DE FALLA,ALTA GRACIA,SANTA MARIA,CÓRDOBA,140482800,URQUIZA 257 SUR ALTA GRACIA
3869,INSTITUTO TECNICO PARROQUIAL LAS ACEQUIAS,INSTITUTO TECNICO PARROQUIAL LAS ACEQUIAS,LAS ACEQUIAS,RIO CUARTO,CÓRDOBA,140057300,CHACABUCO 336 NORTE LAS ACEQUIAS
3870,INSTITUTO TECNICO RENAULT,INSTITUTO TECNICO RENAULT,CORDOBA,CAPITAL,CÓRDOBA,140411400,COLONIA IMPIRA S/N°  SANTA ISABEL B° SANTA ISABEL
3871,INSTITUTO TECNICO RIO TERCERO,INSTITUTO TECNICO RIO TERCERO,RIO TERCERO,TERCERO ARRIBA,CÓRDOBA,140329100,2 DE ABRIL 1175 BELGRANO RIO TERCERO
3872,INSTITUTO TECNICO SALESIANO VILLADA,INSTITUTO TECNICO SALESIANO VILLADA,CORDOBA,CAPITAL,CÓRDOBA,140342200,CNO. A LA CALERA KM 7 1/2  VALLE ESCONDIDO B° VALLE ESCONDIDO-Avenida EJERCITO ARGENTINO al 7500
3873,INSTITUTO TECNICO SAN JOSE,INSTITUTO TECNICO SAN JOSE,JUSTINIANO POSSE,UNION,CÓRDOBA,140353000,9 DE JULIO ESQ. COLON  SAN MARTIN JUSTINIANO POSSE
3874,INSTITUTO TECNICO SUPERIOR CORDOBA,INSTITUTO TECNICO SUPERIOR CORDOBA,CORDOBA,CAPITAL,CÓRDOBA,140544100,RIO NEGRO 77 ALTO ALBERDI B° ALTO ALBERDI
3875,INSTITUTO TECNICO SUPERIOR CORDOBA ANEXO EXTENSION AULICA B° GENERAL BUSTOS,INSTITUTO TECNICO SUPERIOR CORDOBA ANEXO EXTENSION AULICA B GENERAL BUSTOS,CORDOBA,CAPITAL,CÓRDOBA,140544108,MAURICIO YADAROLA 653 GENERAL BUSTOS B° GENERAL BUSTOS
3876,INSTITUTO TECNICO SUPERIOR CORDOBA ANEXO EXTENSION AULICA B° GENERAL PAZ,INSTITUTO TECNICO SUPERIOR CORDOBA ANEXO EXTENSION AULICA B GENERAL PAZ,CORDOBA,CAPITAL,CÓRDOBA,140544103,GRAL.JUAN JOSE VIAMONTE 1005 GENERAL PAZ B° GENERAL PAZ (HOSP.TRANSITO CACERES DE ALLENDE)
3877,INSTITUTO TECNICO SUPERIOR CORDOBA ANEXO EXTENSION AULICA B° LA FRANCE,INSTITUTO TECNICO SUPERIOR CORDOBA ANEXO EXTENSION AULICA B LA FRANCE,CORDOBA,CAPITAL,CÓRDOBA,140544105,MANUEL CARDEÑOSA 2915 LA FRANCE
3878,INSTITUTO TECNICO SUPERIOR CORDOBA ANEXO EXTENSION AULICA B° OBSERVATORIO,INSTITUTO TECNICO SUPERIOR CORDOBA ANEXO EXTENSION AULICA B OBSERVATORIO,CORDOBA,CAPITAL,CÓRDOBA,140544102,MARIANO MORENO 551 OBSERVATORIO
3879,INSTITUTO TECNICO SUPERIOR CORDOBA ANEXO EXTENSION AULICA B° VILLA EL LIBERTADOR,INSTITUTO TECNICO SUPERIOR CORDOBA ANEXO EXTENSION AULICA B VILLA EL LIBERTADOR,CORDOBA,CAPITAL,CÓRDOBA,140544107,DEFENSA  VILLA EL LIBERTADOR B° VILLA EL LIBERTADOR
3880,INSTITUTO TECNICO SUPERIOR CORDOBA ANEXO EXTENSION AULICA JUAREZ CELMAN,INSTITUTO TECNICO SUPERIOR CORDOBA ANEXO EXTENSION AULICA JUAREZ CELMAN,JUAREZ CELMAN,COLON,CÓRDOBA,140544101,LOS CLAVELES 196 VILLA LOS LLANOS JUAREZ CELMAN
3881,INSTITUTO TECNICO SUPERIOR CORDOBA ANEXO EXTENSION AULICA MALVINAS ARGENTINAS,INSTITUTO TECNICO SUPERIOR CORDOBA ANEXO EXTENSION AULICA MALVINAS ARGENTINAS,MALVINAS ARGENTINAS,COLON,CÓRDOBA,140544110,GAUCHO RIVERO 1396  MALVINAS ARGENTINAS
3882,INSTITUTO TECNICO SUPERIOR CORDOBA ANEXO EXTENSION AULICA SALSIPUEDES,INSTITUTO TECNICO SUPERIOR CORDOBA ANEXO EXTENSION AULICA SALSIPUEDES,SALSIPUEDES,COLON,CÓRDOBA,140544109,DESIDERIO TORRES 360 ORO VERDE SALSIPUEDES
3398,INST. TEC. SUP. LAS ARRIAS,INSTITUTO TECNICO SUPERIOR LAS ARRIAS,CORDOBA,CAPITAL,CÓRDOBA,140535000,AV. HUMBERTO PRIMO 467 CENTRO B° CENTRO(EN LA DGETyFP)
3399,INST. TEC. SUP. LAS ARRIAS ANEXO EXTENSION AULICA ALTA GRACIA,INSTITUTO TECNICO SUPERIOR LAS ARRIAS ANEXO EXTENSION AULICA ALTA GRACIA,ALTA GRACIA,SANTA MARIA,CÓRDOBA,140535015,PADRE GRENON 60 CENTRO ALTA GRACIA
3400,INST. TEC. SUP. LAS ARRIAS ANEXO EXTENSION AULICA HUINCA RENANCO,INSTITUTO TECNICO SUPERIOR LAS ARRIAS ANEXO EXTENSION AULICA HUINCA RENANCO,HUINCA RENANCO,GENERAL ROCA,CÓRDOBA,140535002,NEUQUEN esq. DR. RAUL ALFONSIN  VILLA CRESPO HUINCA RENANCO
3401,INST. TEC. SUP. LAS ARRIAS ANEXO EXTENSION AULICA SAN FRANCISCO,INSTITUTO TECNICO SUPERIOR LAS ARRIAS ANEXO EXTENSION AULICA SAN FRANCISCO,SAN FRANCISCO,SAN JUSTO,CÓRDOBA,140535016,MITRE 350 CENTRO SAN FRANCISCO
3402,INST. TEC. SUP. LAS ARRIAS ANEXO EXTENSION AULICA SIRELyF BELL VILLE,INSTITUTO TECNICO SUPERIOR LAS ARRIAS ANEXO EXTENSION AULICA SIRELyF BELL VILLE,BELL VILLE,UNION,CÓRDOBA,140535014,MITRE 49 CENTRO BELL VILLE
3403,INST. TEC. SUP. LAS ARRIAS ANEXO EXTENSION AULICA SIRELyF VILLA DOLORES,INSTITUTO TECNICO SUPERIOR LAS ARRIAS ANEXO EXTENSION AULICA SIRELyF VILLA DOLORES,VILLA DOLORES,SAN JAVIER,CÓRDOBA,140535013,SARMIENTO 250 CENTRO VILLA DOLORES
3883,INSTITUTO TECNICO SUPERIOR MINA CLAVERO,INSTITUTO TECNICO SUPERIOR MINA CLAVERO,MINA CLAVERO,SAN ALBERTO,CÓRDOBA,140544200,BV HERNAN CORTES 1060 MAYTHE MINA CLAVERO
3884,INSTITUTO TECNICO Y ORIENTADO LUIS MANUEL ROBLES,INSTITUTO TECNICO Y ORIENTADO LUIS MANUEL ROBLES,CORDOBA,CAPITAL,CÓRDOBA,140290000,PADRE LUIS MONTI 1850 PUEYRREDON
3885,INSTITUTO TECNICO Y ORIENTADO PAULA ALBARRACIN DE SARMIENTO,INSTITUTO TECNICO Y ORIENTADO PAULA ALBARRACIN DE SARMIENTO,VILLA ALLENDE,COLON,CÓRDOBA,140197800,LAPRIDA Y J.V. GONZALEZ 72 CENTRO VILLA ALLENDE
3886,INSTITUTO TECNICO y ORIENTADO SAGRADO CORAZON,INSTITUTO TECNICO Y ORIENTADO SAGRADO CORAZON,MONTE MAIZ,UNION,CÓRDOBA,140260500,9 DE JULIO 2250 BARRACAS MONTE MAIZ
3887,INSTITUTO TECNOLOGICO ISAAC NEWTON,INSTITUTO TECNOLOGICO ISAAC NEWTON,CORDOBA,CAPITAL,CÓRDOBA,140554100,MOLINO DE TORRES 6635 VILLA WARCALDE B° VILLA WARCALDE
3888,INSTITUTO TECNOLOGICO ISAAC NEWTON,INSTITUTO TECNOLOGICO ISAAC NEWTON,CORDOBA,CAPITAL,CÓRDOBA,140557800,MOLINO DE TORRES 6635 VILLA WARCALDE B°VILLA WARCALDE
3889,INSTITUTO TECNOLOGICO RIO CUARTO (ITEC),INSTITUTO TECNOLOGICO RIO CUARTO (ITEC),RIO CUARTO,RIO CUARTO,CÓRDOBA,140400400,ISABEL LA CATOLICA 735 BANDA NORTE RIO CUARTO
3890,INSTITUTO TEOLOGICO DE CORDOBA,INSTITUTO TEOLOGICO DE CORDOBA,CORDOBA,CAPITAL,CÓRDOBA,140094300,AVENIDA HIPOLITO IRIGOYEN 64 NUEVA CORDOBA Bº NUEVA CORDOBA
3891,INSTITUTO THOMAS EDISON,INSTITUTO THOMAS EDISON,RIO CUARTO,RIO CUARTO,CÓRDOBA,140577800,RIO NEGRO 868 PLAYAS DE ORO BIALET MASSE
3892,INSTITUTO TRANSITO DE MARIA,INSTITUTO TRANSITO DE MARIA,VILLA CURA BROCHERO,SAN ALBERTO,CÓRDOBA,140159100,IRINEO ALTAMIRANO 60 CENTRO VILLA CURA BROCHERO
3893,INSTITUTO VILLA DE LAS ROSAS,INSTITUTO VILLA DE LAS ROSAS,VILLA DE LAS ROSAS,SAN JAVIER,CÓRDOBA,140405900,BELGRANO S 350 CENTRO VILLA DE LAS ROSAS
3894,INSTITUTO VILLA EUCARISTICA (F.A.S.T.A.),INSTITUTO VILLA EUCARISTICA (FASTA),CORDOBA,CAPITAL,CÓRDOBA,140252700,CALLE PUBLICA S/N°  VILLA EUCARISTICA B°VILLA EUCARISTICA-CNO. A SAN CARLOS KM 5 1/2
3895,INSTITUTO VITTORINO DA FELTRE,INSTITUTO VITTORINO DA FELTRE,CORDOBA,CAPITAL,CÓRDOBA,140570900,FRAY JOSE LEON TORRES 475 ALTA CORDOBA B° ALTA CORDOBA
2678,I.P.E.A. Nº 1 INGENIERO AGRONOMO LUCIANO ALMIRON,IPEA 1 INGENIERO AGRONOMO LUCIANO ALMIRON,MALENA,RIO CUARTO,CÓRDOBA,140415200,AV. AUGUSTO CACCIAVILLANI 56  MALENA
2679,I.P.E.A. Nº 105 ALFONSINA STORNI,IPEA 105 ALFONSINA STORNI,GENERAL DEHEZA,JUAREZ CELMAN,CÓRDOBA,140195800,AZCUENAGA 21 CENTRO GENERAL DEHEZA
2680,I.P.E.A. Nº 113 BRIG. GRAL. JUAN FACUNDO QUIROGA,IPEA 113 BRIGADIER GENERAL JUAN FACUNDO QUIROGA,CAÑADA DE LUQUE,TOTORAL,CÓRDOBA,140189100,LISANDRO DE LA TORRE  CENTRO CAÑADA DE LUQUE(entre Irigoyen y M.Argentinas)
2681,I.P.E.A. Nº 127 DR. MATEO CARUSILLO,IPEA 127 DOCTOR MATEO CARUSILLO,VILLA REDUCCION,JUAREZ CELMAN,CÓRDOBA,140312000,MANUEL DE LA LASTRA 683  REDUCCION
2674,I.P.E.A. N° 14 DR. CESAR CUESTAS CARNERO,IPEA 14 DOCTOR CESAR CUESTAS CARNERO,CORDOBA,CAPITAL,CÓRDOBA,140454700,EL CRESPIN 3747 GENERAL ARENALES B° GRAL ARENALES (M.PESCADOR y EL GAVILAN)
2682,I.P.E.A. Nº 179 SAUL TABORDA,IPEA 179 SAUL TABORDA,VILLA VALERIA,GENERAL ROCA,CÓRDOBA,140341100,LEANDRO N. ALEM S/N   VILLA VALERIA
2675,I.P.E.A. N° 179 SAUL TABORDA ANEXO VILLA SARMIENTO,IPEA 179 SAUL TABORDA ANEXO VILLA SARMIENTO,VILLA SARMIENTO,GENERAL ROCA,CÓRDOBA,140341101,SARMIENTO  CENTRO VILLA SARMIENTO
2683,I.P.E.A. Nº 209. DOMINGO FAUSTINO SARMIENTO,IPEA 209 DOMINGO FAUSTINO SARMIENTO,MARCOS JUAREZ,MARCOS JUAREZ,CÓRDOBA,140314400,RUTA PCIAL. Nº 12  SUR MARCOS JUAREZ
2684,I.P.E.A. Nº 210 ING. VICTOR DES ROTOURS,IPEA 210 INGENIERO VICTOR DES ROTOURS,ALMAFUERTE,TERCERO ARRIBA,CÓRDOBA,140306200,CALLE PUBLICA S/N   ALMAFUERTE
2685,I.P.E.A. Nº 211 PRESIDENTE ARTURO ILLIA,IPEA 211 PRESIDENTE ARTURO ILLIA,CRUZ DEL EJE,CRUZ DEL EJE,CÓRDOBA,140256100,CALLE PUBLICA S/N°   EL DIQUE DE CRUZ DEL EJE
2686,I.P.E.A. Nº 212.HILDER ODILIO GALASSI,IPEA 212 HILDER ODILIO GALASSI,LABORDE,UNION,CÓRDOBA,140203200,ALVEAR 320  LABORDE
2687,I.P.E.A. Nº 213  ING. AGR. LORENZO R. PARODI,IPEA 213 INGENIERO AGRONOMO LORENZO R PARODI,LA CARLOTA,JUAREZ CELMAN,CÓRDOBA,140320700,RUTA PROVINCIAL N° 4. KM 114   LA CARLOTA
2688,I.P.E.A. Nº 213 ING. AGR. LORENZO R. PARODI ANEXO LOS CISNES,IPEA 213 INGENIERO AGRONOMO LORENZO R PARODI ANEXO LOS CISNES,LOS CISNES,JUAREZ CELMAN,CÓRDOBA,140320701,ENTRE RIOS 153  LOS CISNES
2689,I.P.E.A. Nº 214. MANUEL BELGRANO,IPEA 214 MANUEL BELGRANO,SAN ANTONIO DE LITIN,UNION,CÓRDOBA,140313000,LIBERTAD 342  SAN ANTONIO DE LITIN
2690,I.P.E.A. Nº 215 RAUL SCALABRINI ORTIZ,IPEA 215 RAUL SCALABRINI ORTIZ,SANTA CATALINA,RIO CUARTO,CÓRDOBA,140120300,AV.BUENOS AIRES 725  SANTA CATALINA EST.HOLMBERG
2691,I.P.E.A. Nº 216. DR.FRANCISCO CONRADO ROSENBUSCH,IPEA 216 DOCTOR FRANCISCO CONRADO ROSENBUSCH,ALTO ALEGRE,UNION,CÓRDOBA,140269500,SAN MARTIN S/N   ALTO ALEGRE
2692,I.P.E.A. Nº 217 ING. JOSE BARRIONUEVO,IPEA 217 INGENIERO JOSE BARRIONUEVO,VILLA DEL TOTORAL,TOTORAL,CÓRDOBA,140328200,BOULEVARD MARTIN ALLENDE  AMADEO SABATTINI VILLA DEL TOTORAL
2693,I.P.E.A. Nº 218. JUAN BAUTISTA BOSIO,IPEA 218 JUAN BAUTISTA BOSIO,PASCO,GENERAL SAN MARTIN,CÓRDOBA,140018000,AV.FRANCISCO ROCA 649  PASCO
2694,I.P.E.A. Nº 220 INGENIERO MARIANO FREZZI,IPEA 220 INGENIERO MARIANO FREZZI,ONCATIVO,RIO SEGUNDO,CÓRDOBA,140211500,VELEZ SARSFIELD 487  ONCATIVO
2695,I.P.E.A. Nº 222 AGRONOMO AMERICO ALMES MILANI,IPEA 222 AGRONOMO AMERICO ALMES MILANI,PLAZA SAN FRANCISCO,SAN JUSTO,CÓRDOBA,140321700,CALLE PUBLICA S/N°   A 10 KM DE SAN FRANCISCO P/RUTA 158 A MORTEROS(2KM DE TIERRA)
2696,I.P.E.A. Nº 225. ATAHUALPA YUPANQUI,IPEA 225 ATAHUALPA YUPANQUI,EL ARAÑADO,SAN JUSTO,CÓRDOBA,140151400,GENERAL JOSE MARIA PAZ 886  EL ARAÑADO
2697,I.P.E.A. Nº 226 HEROES DE MALVINAS,IPEA 226 HEROES DE MALVINAS,ALCIRA,RIO CUARTO,CÓRDOBA,140387400,BV. CENTENARIO 915 CENTRO RIO CUARTO
2698,I.P.E.A. Nº 227 ING. AGR. HERIBERTO G. FISHER,IPEA 227 INGENIERO AGRONOMO HERIBERTO G FISHER,LOZADA,SANTA MARIA,CÓRDOBA,140003900,SARMIENTO 441  LOZADA
2699,I.P.E.A. Nº 228 SAN ISIDRO LABRADOR,IPEA 228 SAN ISIDRO LABRADOR,VILLA FONTANA,RIO PRIMERO,CÓRDOBA,140378400,AV. PEDRO J. FONTANA 448  VILLA FONTANA
2700,I.P.E.A. Nº 229 MIGUEL LILLO,IPEA 229 MIGUEL LILLO,PIQUILLIN,RIO PRIMERO,CÓRDOBA,140274500,FRAY MAMERTO ESQUIU (S)   PIQUILLIN
2701,I.P.E.A. Nº 230 DR. AMADEO SABATTINI,IPEA 230 DOCTOR AMADEO SABATTINI,LOS CERRILLOS,SAN JAVIER,CÓRDOBA,140156900,CALLE PUBLICA S/N   LOS CERRILLOS
2702,I.P.E.A. Nº 231 INT.DELMO EDUARDO SEBASTIAN TORASSO,IPEA 231 INTENDENTEDELMO EDUARDO SEBASTIAN TORASSO,LAS JUNTURAS,RIO SEGUNDO,CÓRDOBA,140032700,ESPAÑA 337 ESTE LAS JUNTURAS
2703,I.P.E.A. Nº 233 AGUSTIN TOSCO,IPEA 233 AGUSTIN TOSCO,LA GRANJA,COLON,CÓRDOBA,140323100,PIQUILLIN ESQ. OMBU  VILLA ANIMI LA GRANJA-VILLA ANI MI
2704,I.P.E.A. Nº 234 MIGUEL DE LA FUENTE,IPEA 234 MIGUEL DE LA FUENTE,AMBUL,SAN ALBERTO,CÓRDOBA,140270000,PASAJE CEFERINO NAMUNCURA s/n°  CENTRO AMBUL
2705,I.P.E.A. Nº 235. JULIO R. VALENZUELA,IPEA 235 JULIO R VALENZUELA,EL FORTIN,SAN JUSTO,CÓRDOBA,140098900,MATEO OLIVERO 78  EL FORTIN
2706,I.P.E.A. Nº 236 EMILIO PRATAVIERA,IPEA 236 EMILIO PRATAVIERA,CALCHIN OESTE,RIO SEGUNDO,CÓRDOBA,140032100,AVENIDA ALMAFUERTE 251  CALCHIN OESTE
2707,I.P.E.A. Nº 238 CARLOS MARIA MAMPAEY,IPEA 238 CARLOS MARIA MAMPAEY,VILLA GENERAL BELGRANO,CALAMUCHITA,CÓRDOBA,140005800,CORRIENTES S/N°   VILLA GENERAL BELGRANO(CAMINO A LA CUMBRECITA)
2708,I.P.E.A. Nº 239 HECTOR M.C. REYNAL,IPEA 239 HECTOR M C REYNAL,GENERAL LEVALLE,PRESIDENTE ROQUE SAENZ PEÑA,CÓRDOBA,140201600,RAMON J. CARCANO 800 NORTE GENERAL LEVALLE
2709,I.P.E.A. Nº 240 SANTIAGO CARRIZO,IPEA 240 SANTIAGO CARRIZO,LA PAQUITA,SAN JUSTO,CÓRDOBA,140340500,INT.  NELKY FERRERO 297  LA PAQUITA
2710,I.P.E.A. Nº 241. FEDERICO CAMPODONICO,IPEA 241 FEDERICO CAMPODONICO,LOS ZORROS,TERCERO ARRIBA,CÓRDOBA,140424200,AVENIDA FEDERICO CAMPODONICO 198  LOS ZORROS - Ruta E Km 388
2711,I.P.E.A. Nº 244 VICTOR SANTIAGO IRAOLA,IPEA 244 VICTOR SANTIAGO IRAOLA,BULNES,RIO CUARTO,CÓRDOBA,140060200,AV. RIVADAVIA Y MITRE  CENTRO BULNES
2712,I.P.E.A. Nº 245 CARLOS PELLEGRINI,IPEA 245 CARLOS PELLEGRINI,COLONIA SAN BARTOLOME,SAN JUSTO,CÓRDOBA,140357600,ALEM S/N°   COLONIA SAN BARTOLOME - ALEM Y RUTA PROVINCIAL N°3
2713,I.P.E.A. Nº 25 MARTIN MIGUEL DE GUEMES,IPEA 25 MARTIN MIGUEL DE GUEMES,VILLA ROSSI,PRESIDENTE ROQUE SAENZ PEÑA,CÓRDOBA,140447300,SARMIENTO S/N°   VILLA ROSSI
2714,I.P.E.A. Nº 291,IPEA 291,GENERAL CABRERA,JUAREZ CELMAN,CÓRDOBA,140194600,PROLONGACION AV. BELGRANO   GENERAL CABRERA. RUTA NACIONAL 158
2715,I.P.E.A. Nº 292 AGR. LILIAM PRIOTTO,IPEA 292 AGRONOMA LILIAM PRIOTTO,ADELIA MARIA,RIO CUARTO,CÓRDOBA,140379500,AV. COLON  145  ADELIA MARIA P/RUTA PROVINCIAL N° 24
2716,I.P.E.A. Nº 292 AGR. LILIAM PRIOTTO ANEXO Bº NORTE,IPEA 292 AGRONOMA LILIAM PRIOTTO ANEXO B NORTE,ADELIA MARIA,RIO CUARTO,CÓRDOBA,140379502,LUIS TORRES S/N  NORTE ADELIA MARIA
2676,I.P.E.A. N° 292 ING. AGR. LILIAM PRIOTTO ANEXO MONTE DE LOS GAUCHOS,IPEA 292 INGENIERA AGRONOMA LILIAM PRIOTTO ANEXO MONTE DE LOS GAUCHOS,MONTE DE LOS GAUCHOS,RIO CUARTO,CÓRDOBA,140379501,AMADEO SABATTINI 408  MONTE DE LOS GAUCHOS
2717,I.P.E.A. Nº 293 ING. AGR. ORESTE CHIESA MOLINARI,IPEA 293 INGENIERO AGRONOMO ORESTE CHIESA MOLINARI,BELL VILLE,UNION,CÓRDOBA,140302500,CALLE PUBLICA S/N   RUTA NACIONAL N°9-KM 503- BELL VILLE
2718,I.P.E.A. Nº 306 DR. AMADEO SABATTINI,IPEA 306 DOCTOR AMADEO SABATTINI,PASO VIEJO,CRUZ DEL EJE,CÓRDOBA,140468300,TUPAC AMARU S/N°   PASO VIEJO
2719,I.P.E.A. Nº 33 HUMBERTO VOLANDO,IPEA 33 HUMBERTO VOLANDO,JAMES CRAIK,TERCERO ARRIBA,CÓRDOBA,140447900,BOULEVAR JOSE MARIA SALGUEIRO S/N°   JAMES CRAIK
2720,I.P.E.A. Nº 343 MAURICIO RUMBOLL,IPEA 343 MAURICIO RUMBOLL,LOS COCOS,PUNILLA,CÓRDOBA,140507300,LAS ACACIAS S/N°   LOS COCOS
2677,I.P.E.A. N° 354,IPEA 354,CHANCANI,POCHO,CÓRDOBA,140528500,CALLE PUBLICA   CHANCANI
2721,I.P.E.A. Nº 4 CHACRA DE LA MERCED,IPEA 4 CHACRA DE LA MERCED,CORDOBA,CAPITAL,CÓRDOBA,140227900,CALLE PUBLICA S/N   CHACRA DE LA MERCED CAMINO CHACRA DE LA MERCED KM 6 Y 1/2
3896,IPEA Nº 403,IPEA 403,LAS VARAS,SAN JUSTO,CÓRDOBA,140560600,FALUCHO
2722,I.P.E.A. Nº 81 DIP. DUILIO J. GIORGETTI,IPEA 81 DIPUTADO DUILIO J GIORGETTI,BENGOLEA,JUAREZ CELMAN,CÓRDOBA,140311900,GENERAL SAN MARTIN 626 CENTRO BENGOLEA
2725,I.P.E.A.T.y M. Nº 186 CAPITAN LUIS D. J. CASTAGNARI,IPEATyM 186 CAPITAN LUIS D J CASTAGNARI,LAS HIGUERAS,RIO CUARTO,CÓRDOBA,140153800,CAPITAN CASTAGNARI esq. CARLOS GARDEL   LAS HIGUERAS
2724,I.P.E.A.T.y M. N° 429,IPEATyM 429,ALEJANDRO ROCA,JUAREZ CELMAN,CÓRDOBA,140573900,BV. ROCA  680 CENTRO ALEJANDRO ROCA
2726,I.P.E.A.y M. Nº 219 ENRIQUE COOK,IPEAyM 219 ENRIQUE COOK,DEL CAMPILLO,GENERAL ROCA,CÓRDOBA,140401000,CARLOS GARDEL 653 ENRIQUE COOK DEL CAMPILLO
2733,I.P.E.A.y.M. Nº 221 SAN CARLOS,IPEAyM 221 SAN CARLOS,JOVITA,GENERAL ROCA,CÓRDOBA,140400700,REMIGIO GARCIA 55  JOVITA
2723,I.P.E.A. y M. Nº 224 LEOPOLDO LUGONES,IPEAyM 224 LEOPOLDO LUGONES,VILLA DE MARIA,RIO SECO,CÓRDOBA,140394800,RECONQUISTA S/N   Villa MARIA de RIO SECO
2727,I.P.E.A.y M. Nº 237 SAN ANTONIO,IPEAyM 237 SAN ANTONIO,MELO,PRESIDENTE ROQUE SAENZ PEÑA,CÓRDOBA,140085400,CALLE PUBLICA   MELO P/RUTA PROVINCIAL Nº4
2734,I.P.E.A.Y.M. Nº 243 EDUARDO OLIVERA,IPEAYM 243 EDUARDO OLIVERA,PILAR,RIO SEGUNDO,CÓRDOBA,140035700,DOCTOR JULIO CASTELLANO 450  PILAR
2728,I.P.E.A.y M. Nº 307 PASO DEL LEON,IPEAyM 307 PASO DEL LEON,VILLA SARMIENTO,SAN ALBERTO,CÓRDOBA,140472000,LIBERTAD 250  VILLA SARMIENTO - MUNICIPALIDAD DE VILLA SARMIENTO
2729,I.P.E.A.y T. Nº 189  DR. JUAN MAMERTO GARRO,IPEAyT 189 DOCTOR JUAN MAMERTO GARRO,CORDOBA,CAPITAL,CÓRDOBA,140229400,AV. LAS MALVINAS 5000 PALMAR B° PALMAR
2730,I.P.E.A.y T. Nº 223 INTENDENTE RAMON NICENO QUINTEROS,IPEAyT 223 INTENDENTE RAMON NICENO QUINTEROS,SAN JOSE DE LA DORMIDA,TULUMBA,CÓRDOBA,140430900,LOS INMIGRANTES 205 CENTRO SAN JOSE DE LA DORMIDA (ATRAS DE LA ESC.ESP.CARMEN AMAYA)
2731,I.P.E.A.y T. Nº 242 FUERTE LOS MORTEROS,IPEAyT 242 FUERTE LOS MORTEROS,MORTEROS,SAN JUSTO,CÓRDOBA,140322300,BV.PRESIDENTE ARTURO FRONDIZI 2915  ACCESO SUR- MORTEROS - Ruta Prov.1
2732,I.P.E.A.y T. Nº 347 DOCTOR ALEJANDRO DEGENARO,IPEAyT 347 DOCTOR ALEJANDRO DEGENARO,EMBALSE,CALAMUCHITA,CÓRDOBA,140507700,JERONIMO LUIS DE CABRERA  LAS FLORES EMBALSE A UNA CUADRA SALON COMUNITARIO BARRIO LAS FLORES
2840,I.P.E.M. Nº 10 ROMA,IPEM 10 ROMA,CORDOBA,CAPITAL,CÓRDOBA,140472800,PADRE LOZANO 375 ALTO ALBERDI B° ALTO ALBERDI
2841,I.P.E.M. Nº 102 JUAN ANGEL VEZIE,IPEM 102 JUAN ANGEL VEZIE,LA CESIRA,PRESIDENTE ROQUE SAENZ PEÑA,CÓRDOBA,140348700,RIVADAVIA 315  LA CESIRA
2742,I.P.E.M. N° 102 JUAN ANGEL VEZIE ANEXO COLONIA EL DORADO,IPEM 102 JUAN ANGEL VEZIE ANEXO COLONIA EL DORADO,COLONIA EL DORADO,MARCOS JUAREZ,CÓRDOBA,140348701,CALLE PUBLICA S/N   COLONIA EL DORADO P/ALEJO LEDESMA (25 KM POR CNO.DE TIERRA)
2743,I.P.E.M. N° 102 JUAN ANGEL VEZIE ANEXO COLONIA SAN MIGUEL,IPEM 102 JUAN ANGEL VEZIE ANEXO COLONIA SAN MIGUEL,COLONIA SAN MIGUEL,PRESIDENTE ROQUE SAENZ PEÑA,CÓRDOBA,140348702,CALLE PUBLICA S/N    COLONIA SAN MIGUEL
2842,I.P.E.M. Nº 102 JUAN ANGEL VEZIE ANEXO ROSALES,IPEM 102 JUAN ANGEL VEZIE ANEXO ROSALES,ROSALES,PRESIDENTE ROQUE SAENZ PEÑA,CÓRDOBA,140348703,DR.LAFOURCADE S/N°   ROSALES
2843,I.P.E.M. Nº 103 ESTEBAN ECHEVERRIA,IPEM 103 ESTEBAN ECHEVERRIA,CORDOBA,CAPITAL,CÓRDOBA,140311500,COLOMBRES 398 SAN MARTIN B° SAN MARTIN
2844,I.P.E.M. Nº 107 REINO DE ESPAÑA,IPEM 107 REINO DE ESPAÑA,TOLEDO,SANTA MARIA,CÓRDOBA,140317400,HUMAITA 278  TOLEDO
2845,I.P.E.M. Nº 107 REINO DE ESPAÑA ANEXO COSME SUD,IPEM 107 REINO DE ESPAÑA ANEXO COSME SUD,COSME SUR,SANTA MARIA,CÓRDOBA,140317401,CALLE PUBLICA S/N   COSME SUD Nº 1
2744,I.P.E.M. N° 109 ANEXO ESTANCIA DE GUADALUPE,IPEM 109 ANEXO ESTANCIA DE GUADALUPE,ESTANCIA DE GUADALUPE,MINAS,CÓRDOBA,140369502,CALLE PUBLICA   ESTANCIA DE GUADALUPE
2745,I.P.E.M. N° 109 JERONIMO L. DE CABRERA ANEXO LA HIGUERA,IPEM 109 JERONIMO L DE CABRERA ANEXO LA HIGUERA,LA HIGUERA,CRUZ DEL EJE,CÓRDOBA,140369505,PUBLICA   LA HIGUERA - 14003100 Esc. S. Martin
2846,I.P.E.M. Nº 109 JERONIMO LUIS DE CABRERA,IPEM 109 JERONIMO LUIS DE CABRERA,SAN CARLOS MINAS,MINAS,CÓRDOBA,140369500,RIVADAVIA E IRIGOYEN  CENTRO SAN CARLOS MINAS
2746,I.P.E.M. N° 109 JERONIMO LUIS DE CABRERA  ANEXO LA ARGENTINA,IPEM 109 JERONIMO LUIS DE CABRERA ANEXO LA ARGENTINA,LA ARGENTINA,MINAS,CÓRDOBA,140369501,PUBLICA   LA ARGENTINA
2847,I.P.E.M. Nº 11 ALBERTO PIO AUGUSTO COGNIGNI,IPEM 11 ALBERTO PIO AUGUSTO COGNIGNI,CORDOBA,CAPITAL,CÓRDOBA,140451000,JUAN DE OLANO 2700 JOSE IGNACIO DIAZ 3º SECCION
2848,I.P.E.M. Nº 112 DR. CESAR IÑIGUEZ MONTENEGRO,IPEM 112 DOCTOR CESAR IÑIGUEZ MONTENEGRO,SEBASTIAN ELCANO,RIO SECO,CÓRDOBA,140431800,GRANADERO MARQUEZ 317 NORTE SEBASTIAN ELCANO
2747,I.P.E.M. N° 112 DR. CESAR IÑIGUEZ MONTENEGRO ANEXO LA RINCONADA,IPEM 112 DOCTOR CESAR IÑIGUEZ MONTENEGRO ANEXO LA RINCONADA,LA RINCONADA,RIO SECO,CÓRDOBA,140431801,CALLE N° 6   LA RINCONADA
2849,I.P.E.M. Nº 114 ARTURO JAURETCHE,IPEM 114 ARTURO JAURETCHE,CORDOBA,CAPITAL,CÓRDOBA,140129000,CALLAO ESQ.SAN JERONIMO  ACOSTA B°ACOSTA (SAN JERONIMO AL 5000)
2850,I.P.E.M. Nº 115 DOMINGO FAUSTINO SARMIENTO,IPEM 115 DOMINGO FAUSTINO SARMIENTO,CORDOBA,CAPITAL,CÓRDOBA,140280600,AV. COLON 1329 ALBERDI B° ALBERDI
2851,I.P.E.M. Nº 116 MANUEL BELGRANO,IPEM 116 MANUEL BELGRANO,DALMACIO VELEZ SARSFIELD,TERCERO ARRIBA,CÓRDOBA,140256500,INTENDENTE RUIZ   DALMACIO VELEZ SARSFIELD
2852,I.P.E.M. Nº 116 MANUEL BELGRANO ANEXO LAS ISLETILLAS,IPEM 116 MANUEL BELGRANO ANEXO LAS ISLETILLAS,LAS ISLETILLAS,TERCERO ARRIBA,CÓRDOBA,140256501,DOMINGO FAUSTINO SARMIENTO S/N   LAS ISLETILLAS
2853,I.P.E.M. Nº 116 MANUEL BELGRANO ANEXO PUNTA DEL AGUA,IPEM 116 MANUEL BELGRANO ANEXO PUNTA DEL AGUA,PUNTA DEL AGUA,TERCERO ARRIBA,CÓRDOBA,140256502,SEÑORITA SARA ALICIA GUTIERREZ    PUNTA DEL AGUA
2854,I.P.E.M. Nº 117 DANTE E. BONATI,IPEM 117 DANTE E BONATI,VILLA RIO ICHO CRUZ,PUNILLA,CÓRDOBA,140286900,RUTA 14  CENTRO BARRIO CENTRO (FRENTE A PLAZA) - VILLA RIO ICHO CRUZ
2855,I.P.E.M. Nº 119 NESTORA ZARAZAGA,IPEM 119 NESTORA ZARAZAGA,ALPA CORRAL,RIO CUARTO,CÓRDOBA,140376200,JULIO BORDA S/N   ALPA CORRAL
2856,I.P.E.M. Nº 119 NESTORA ZARAZAGA ANEXO LAS ALBAHACAS,IPEM 119 NESTORA ZARAZAGA ANEXO LAS ALBAHACAS,LAS ALBAHACAS,RIO CUARTO,CÓRDOBA,140376201,CALLE 11 HEROES DE MALVINAS S/N°   LAS ALBAHACAS
2857,I.P.E.M. Nº 12 PTE.JUAN DOMINGO PERON,IPEM 12 PRESIDENTE JUAN DOMINGO PERON,CORDOBA,CAPITAL,CÓRDOBA,140446700,AV. BERNARDO O'HIGGINS 8500 SAN CARLOS B° SAN CARLOS (KM 8 y 1/2)
2748,I.P.E.M. N° 12 PTE. JUAN DOMINGO PERON  ANEXO SOCAVONES,IPEM 12 PRESIDENTE JUAN DOMINGO PERON ANEXO SOCAVONES,SOCAVONES,SANTA MARIA,CÓRDOBA,140446701,CNO. 60 CUADRAS - K12   SOCAVONES
2858,I.P.E.M. Nº 120 REPUBLICA DE FRANCIA,IPEM 120 REPUBLICA DE FRANCIA,CORDOBA,CAPITAL,CÓRDOBA,140362900,AV.ANTOLIN TORRES 3530 RESIDENCIAL VELEZ SARSFIELD B° RESIDENCIAL VELEZ SARSFIELD
2859,I.P.E.M. Nº 121 GOB. JUSTO PASTOR PAEZ MOLINA,IPEM 121 GOBERNADOR JUSTO PASTOR PAEZ MOLINA,CORDOBA,CAPITAL,CÓRDOBA,140234500,CAROLA LORENZINI 381 JERONIMO LUIS DE CABRERA entre Eusebone y B.Matienzo
2860,I.P.E.M. Nº 122 DIEGO GOMEZ CASCO,IPEM 122 DIEGO GOMEZ CASCO,CORDOBA,CAPITAL,CÓRDOBA,140271400,MARIANO FRAGUEIRO 3017 ALTA CORDOBA B° ALTA CORDOBA (ENTRADA P/GONGORA ESQ.FRAGUEIRO)
2861,I.P.E.M. Nº 123 BLANCA ETCHEMENDY,IPEM 123 BLANCA ETCHEMENDY,CORDOBA,CAPITAL,CÓRDOBA,140326500,NEIVA S/N°  VILLA EL LIBERTADOR B° VILLA EL LIBERTADOR
2862,I.P.E.M. Nº 124 ADELA ROSA OVIEDO DE DE LA VEGA,IPEM 124 ADELA ROSA OVIEDO DE DE LA VEGA,CORDOBA,CAPITAL,CÓRDOBA,140406900,BENJAMIN VICTORICA S/N°  CORONEL OLMEDO B°CORONEL OLMEDO
2749,I.P.E.M. N° 126 ADA E. SIMONETTA ANEXO COLONIA BISMARCK,IPEM 126 ADA E SIMONETTA ANEXO COLONIA BISMARCK,COLONIA BISMARCK,UNION,CÓRDOBA,140051802,RIVADAVIA 360  COLONIA BISMARCK
2863,I.P.E.M. Nº 126 ADA EVA SIMONETTA,IPEM 126 ADA EVA SIMONETTA,MONTE MAIZ,UNION,CÓRDOBA,140051800,CHACO S/N  MONTERREY MONTE MAIZ
2864,I.P.E.M. Nº 128 DR. MANUEL BELGRANO,IPEM 128 DOCTOR MANUEL BELGRANO,RIO CUARTO,RIO CUARTO,CÓRDOBA,140178300,SOBREMONTE 1357 CENTRO RIO CUARTO
2865,I.P.E.M. Nº 13 DR. PEDRO ESCUDERO,IPEM 13 DOCTOR PEDRO ESCUDERO,CORDOBA,CAPITAL,CÓRDOBA,140446800,CADIZ S/N°  COLON B°COLON
2866,I.P.E.M. Nº 130 RAUL DEL LLANO,IPEM 130 RAUL DEL LLANO,VILLA ALLENDE,COLON,CÓRDOBA,140265000,DERQUI 635 CONDOR BAJO VILLA ALLENDE
2867,I.P.E.M. Nº 131 DR. JUAN MARTIN ALLENDE,IPEM 131 DOCTOR JUAN MARTIN ALLENDE,CORDOBA,CAPITAL,CÓRDOBA,140227800,LUNA Y CARDENAS 3845 RENE FAVALORO B° RENE FAVALORO - Av.DON BOSCO 3800
2868,I.P.E.M. Nº 134 ING. REGINO MADERS,IPEM 134 INGENIERO REGINO MADERS,CORDOBA,CAPITAL,CÓRDOBA,140250400,MAURICIO YADAROLA 653 GENERAL BUSTOS B° GENERAL BUSTOS
2869,I.P.E.M. Nº 135 DON JOSE FELIX RECALDE SARMIENTO,IPEM 135 DON JOSE FELIX RECALDE SARMIENTO,NONO,SAN ALBERTO,CÓRDOBA,140349700,MARTA ESTER UEZ   NONO
2750,I.P.E.M. N° 135 DON JOSE FELIX RECALDE SARMIENTO ANEXO LAS CALLES,IPEM 135 DON JOSE FELIX RECALDE SARMIENTO ANEXO LAS CALLES,LAS CALLES,SAN ALBERTO,CÓRDOBA,140349703,EL ALGARROBO S/N°   LAS CALLES
2751,I.P.E.M. N° 135 DON JOSE FELIX RECALDE SARMIENTO ANEXO LAS RABONAS,IPEM 135 DON JOSE FELIX RECALDE SARMIENTO ANEXO LAS RABONAS,LAS RABONAS,SAN ALBERTO,CÓRDOBA,140349702,RUTA 14   LAS RABONAS
2870,I.P.E.M. Nº 135 DON JOSE FELIX RECALDE SARMIENTO ANEXO LOS HORNILLOS,IPEM 135 DON JOSE FELIX RECALDE SARMIENTO ANEXO LOS HORNILLOS,LOS HORNILLOS,SAN JAVIER,CÓRDOBA,140349701,SAN MARTIN S/N°   LOS HORNILLOS
2871,I.P.E.M. Nº 136 DR. ALFREDO L. PALACIOS,IPEM 136 DOCTOR ALFREDO L PALACIOS,CORDOBA,CAPITAL,CÓRDOBA,140223100,CALINGASTA 5800 VILLA BUSTOS B° VILLA BUSTOS
2872,I.P.E.M. Nº 136 DR. ALFREDO L. PALACIOS ANEXO LA CARBONADA,IPEM 136 DOCTOR ALFREDO L PALACIOS ANEXO LA CARBONADA,CORDOBA,CAPITAL,CÓRDOBA,140223103,RUTA 9  LA CARBONADA B° LA CARBONADA ( RUTA 9 SUR - KM 689)
2873,I.P.E.M. Nº 137 CAROLINA LUCERO DE FUNES,IPEM 137 CAROLINA LUCERO DE FUNES,LA PAZ,SAN JAVIER,CÓRDOBA,140358500,VELEZ SARSFIELD   LA PAZ
2874,I.P.E.M. Nº 138 JERONIMO LUIS DE CABRERA,IPEM 138 JERONIMO LUIS DE CABRERA,CORDOBA,CAPITAL,CÓRDOBA,140396900,SANTA ROSA 650 ALBERDI B° ALBERDI
2875,I.P.E.M. Nº 140 DOMINGO F. SARMIENTO,IPEM 140 DOMINGO F SARMIENTO,BELL VILLE,UNION,CÓRDOBA,140253900,AV. FAUSTINO MOLINA 69 ROSEDAL BELL VILLE
2876,I.P.E.M. Nº 141 DR. DALMACIO VELEZ SARSFIELD,IPEM 141 DOCTOR DALMACIO VELEZ SARSFIELD,HUINCA RENANCO,GENERAL ROCA,CÓRDOBA,140364400,GÜEMES  CENTRO HUINCA RENANCO
2877,I.P.E.M. Nº 142 JOAQUIN VICTOR GONZALEZ,IPEM 142 JOAQUIN VICTOR GONZALEZ,LA FALDA,PUNILLA,CÓRDOBA,140292500,SAN GERONIMO Y LAS AMERICAS  PARQUE JARDIN LA FALDA
2752,I.P.E.M. N° 142 JOAQUIN VICTOR GONZALEZ ANEXO DE PUESTO RAMALLO/PAMPA DE OLAEN,IPEM 142 JOAQUIN VICTOR GONZALEZ ANEXO DE PUESTO RAMALLO/PAMPA DE OLAEN,PUESTO RAMALLO,PUNILLA,CÓRDOBA,140292502,CALLE PUBLICA   PUESTO RAMALLO POR PAMPA DE OLAEN. PARAJE TRES ARROYOS
2878,I.P.E.M. Nº 144 MARIANO MORENO,IPEM 144 MARIANO MORENO,RIO CEBALLOS,COLON,CÓRDOBA,140264800,JOHN F. KENNEDY 486 RAMENVILLE RIO CEBALLOS
2753,I.P.E.M. N° 144 MARIANO MORENO ANEXO SALSIPUEDES,IPEM 144 MARIANO MORENO ANEXO SALSIPUEDES,SALSIPUEDES,COLON,CÓRDOBA,140264802,JUAN XXIII 117 EL BOSQUE SALSIPUEDES
2879,I.P.E.M. Nº 145 DR. FRANCISCO RAVETTI,IPEM 145 DOCTOR FRANCISCO RAVETTI,SAN FRANCISCO,SAN JUSTO,CÓRDOBA,140313800,MISIONES 716 ROQUE SAENZ PEÑA SAN FRANCISCO
2880,I.P.E.M. Nº 146 CENTENARIO,IPEM 146 CENTENARIO,VILLA DOLORES,SAN JAVIER,CÓRDOBA,140358600,PEDRO C. MOLINA 145 CENTRO VILLA DOLORES
2881,I.P.E.M. Nº 147 MANUEL ANSELMO OCAMPO,IPEM 147 MANUEL ANSELMO OCAMPO,VILLA MARIA,GENERAL SAN MARTIN,CÓRDOBA,140272200,CATAMARCA 650 CENTRO
2882,I.P.E.M. Nº 148 JOSE MARIA PAZ,IPEM 148 JOSE MARIA PAZ,VILLA DEL ROSARIO,RIO SEGUNDO,CÓRDOBA,140396700,CORRIENTES 852 CENTRO VILLA DEL ROSARIO
2754,I.P.E.M. N° 148 JOSE MARIA PAZ  ANEXO CAPILLA DEL CARMEN,IPEM 148 JOSE MARIA PAZ ANEXO CAPILLA DEL CARMEN,CAPILLA DEL CARMEN,RIO SEGUNDO,CÓRDOBA,140396703,AGUSTIN MAGALDI S/N°   CAPILLA DEL CARMEN
2883,I.P.E.M. Nº 15 SANTIAGO AYALA,IPEM 15 SANTIAGO AYALA,CORDOBA,CAPITAL,CÓRDOBA,140455600,OBISPO CASTELLANO  1700 SAN VICENTE B° SAN VICENTE
2884,I.P.E.M. Nº 150 JUAN LARREA,IPEM 150 JUAN LARREA,CORDOBA,CAPITAL,CÓRDOBA,140394900,LUIS BRAILE 2273 SARMIENTO
2885,I.P.E.M. Nº 152 DR. ALEJO CARMEN GUZMAN,IPEM 152 DOCTOR ALEJO CARMEN GUZMAN,CORDOBA,CAPITAL,CÓRDOBA,140235700,AGUSTO LOPEZ 1180 ALEM B° ALEM
2886,I.P.E.M. Nº 153 JUAN MARTIN DE PUEYRREDON,IPEM 153 JUAN MARTIN DE PUEYRREDON,CORDOBA,CAPITAL,CÓRDOBA,140223700,SARMIENTO 1450 GENERAL PAZ B° GENERAL PAZ
2887,I.P.E.M. Nº 154 GRAL. MARTIN MIGUEL DE GUEMES,IPEM 154 GENERAL MARTIN MIGUEL DE GUEMES,CORDOBA,CAPITAL,CÓRDOBA,140268900,OCTAVIANO NAVARRO 2751 ROSEDAL ANEXO B°ROSEDAL ANEXO
2888,I.P.E.M. Nº 155 JUAN JOSE PASO,IPEM 155 JUAN JOSE PASO,CORDOBA,CAPITAL,CÓRDOBA,140311600,PLATON 3030 ANA MARIA ZUMARAN B° ANA MARIA ZUMARAN
2889,I.P.E.M. Nº 156 JOSE MANUEL ESTRADA,IPEM 156 JOSE MANUEL ESTRADA,RIO SEGUNDO,RIO SEGUNDO,CÓRDOBA,140403100,BELGRANO 1420  RIO SEGUNDO
2755,I.P.E.M. N° 156 JOSE MANUEL ESTRADA ANEXO PASO DE VELEZ,IPEM 156 JOSE MANUEL ESTRADA ANEXO PASO DE VELEZ,PASO DE VELEZ,RIO SEGUNDO,CÓRDOBA,140403101,CALLE PUBLICA S/N    PASO DE VELEZ P/ PILAR
2890,I.P.E.M. Nº 156 JOSE MANUEL ESTRADA ANEXO PILAR,IPEM 156 JOSE MANUEL ESTRADA ANEXO PILAR,PILAR,RIO SEGUNDO,CÓRDOBA,140403103,SAN NICOLAS   PILAR
2891,I.P.E.M. Nº 157 PRESIDENTE SARMIENTO,IPEM 157 PRESIDENTE SARMIENTO,COSQUIN,PUNILLA,CÓRDOBA,140288600,PALEMON CARRANZA 940 CENTRO COSQUIN
2892,I.P.E.M. Nº 158 LEOPOLDO LUGONES,IPEM 158 LEOPOLDO LUGONES,ONCATIVO,RIO SEGUNDO,CÓRDOBA,140329700,BELGRANO 1400  ONCATIVO
2756,I.P.E.M. N° 158 LEOPOLDO LUGONES ANEXO COLONIA VIDELA,IPEM 158 LEOPOLDO LUGONES ANEXO COLONIA VIDELA,COLONIA VIDELA,RIO SEGUNDO,CÓRDOBA,140329701,JOAQUIN CURTO S/N   COLONIA VIDELA
2893,I.P.E.M. Nº 159 ARISTOBULO DEL VALLE,IPEM 159 ARISTOBULO DEL VALLE,CORDOBA,CAPITAL,CÓRDOBA,140368000,DIAZ COLODRERO 2586 VIVERO NORTE B° VIVERO NORTE
2894,I.P.E.M. Nº 16 MARIA SALEME de BURNICHON,IPEM 16 MARIA SALEME de BURNICHON,CORDOBA,CAPITAL,CÓRDOBA,140282900,TABACUE  VILLA CORNU entre Casuati y Catalí
2895,I.P.E.M. Nº 160 HIPOLITO VIEYTES,IPEM 160 HIPOLITO VIEYTES,CORDOBA,CAPITAL,CÓRDOBA,140307800,JUAN HIPOLITO VIEYTES 185 ALTO ALBERDI B° ALTO ALBERDI
2896,I.P.E.M. Nº 161 MANUEL DORREGO,IPEM 161 MANUEL DORREGO,CORDOBA,CAPITAL,CÓRDOBA,140293300,PUNTA DEL SAUCE 1551 TALLERES ESTE BARRIO TALLERES ESTE
2897,I.P.E.M. Nº 162 ING. VICTOR REE,IPEM 162 INGENIERO VICTOR REE,CORDOBA,CAPITAL,CÓRDOBA,140340600,AV. FERNANDO FADER 3821 CERRO DE LAS ROSAS B° CERRO DE LAS ROSAS
2898,I.P.E.M. Nº 163 JOSE DE SAN MARTIN,IPEM 163 JOSE DE SAN MARTIN,CORDOBA,CAPITAL,CÓRDOBA,140265600,AV. VELEZ SARSFIELD 1002 GUEMES B°GUEMES
2899,I.P.E.M. Nº 164 ATALIVA HERRERA,IPEM 164 ATALIVA HERRERA,RIO PRIMERO,RIO PRIMERO,CÓRDOBA,140336700,Av. CONTARDO FERRINI 365 LUCHI RIO PRIMERO
2757,I.P.E.M. N° 164 ATALIVA HERRERA ANEXO COMECHINGONES,IPEM 164 ATALIVA HERRERA ANEXO COMECHINGONES,PUEBLO COMECHINGONES,RIO PRIMERO,CÓRDOBA,140336704,SARMIENTO   COMECHINGONES
2900,I.P.E.M. Nº 165  PRESBITERO JOSE BONORIS,IPEM 165 PRESBITERO JOSE BONORIS,COLONIA CAROYA,COLON,CÓRDOBA,140347100,AV. SAN MARTIN 3782  COLONIA CAROYA
2901,I.P.E.M. Nº 165 PRESBITERO JOSE BONORIS ANEXO ATAHONA,IPEM 165 PRESBITERO JOSE BONORIS ANEXO ATAHONA,ATAHONA,RIO PRIMERO,CÓRDOBA,140347102,CALLE PUBLICA S/N    ATAHONA
2902,I.P.E.M. Nº 166 CAPITAN GABRIEL DEL VALLE,IPEM 166 CAPITAN GABRIEL DEL VALLE,EL TIO,SAN JUSTO,CÓRDOBA,140357400,CAPITAN GABRIEL DEL VALLE 152  EL TIO
2758,I.P.E.M. N° 166 CAPITAN GABRIEL DEL VALLE ANEXO COLONIA LAS PICHANAS,IPEM 166 CAPITAN GABRIEL DEL VALLE ANEXO COLONIA LAS PICHANAS,COLONIA LAS PICHANAS,SAN JUSTO,CÓRDOBA,140357401,PUBLICA   COLONIA LAS PICHANAS
2903,I.P.E.M. Nº 167 JOSE MANUEL ESTRADA,IPEM 167 JOSE MANUEL ESTRADA,CORDOBA,CAPITAL,CÓRDOBA,140252600,AV. BERNARDO O'HIGGINS 2632 VILLA REVOL B° VILLA REVOL
2904,I.P.E.M. Nº 168 DIEGO DE ROJAS,IPEM 168 DIEGO DE ROJAS,VILLA GENERAL BELGRANO,CALAMUCHITA,CÓRDOBA,140288300,CUBA 75  VILLA GENERAL BELGRANO
2905,I.P.E.M. Nº 169 RAFAEL M.ESCUTI,IPEM 169 RAFAEL M ESCUTI,CORDOBA,CAPITAL,CÓRDOBA,140271300,P. Naon. Manzana 116 Lote 2  CIUDAD JUAN PABLO II Manzana 116 Lote 2
2906,I.P.E.M. Nº 171 BRIGADIER JUAN I. SAN MARTIN,IPEM 171 BRIGADIER JUAN I SAN MARTIN,CORDOBA,CAPITAL,CÓRDOBA,140268600,ESMERALDA 4983 VILLA ADELA B° VILLA ADELA
2907,I.P.E.M. Nº 172 JOSE HERNANDEZ,IPEM 172 JOSE HERNANDEZ,TIO PUJIO,GENERAL SAN MARTIN,CÓRDOBA,140058200,BV.PERON (EX-ENTRE RIOS) 66  TIO PUJIO
2759,I.P.E.M. N° 172 JOSE HERNANDEZ ANEXO SAN ANTONIO DE YUCAT,IPEM 172 JOSE HERNANDEZ ANEXO SAN ANTONIO DE YUCAT,PEDANIA YUCAT,GENERAL SAN MARTIN,CÓRDOBA,140058201,CALLE PUBLICA   CAMPO BERTOTTO-SAN ANTONIO DE YUCAT POR TIO PUJIO
2908,I.P.E.M. Nº 174 TRINIDAD MORENO,IPEM 174 TRINIDAD MORENO,CORDOBA,CAPITAL,CÓRDOBA,140229900,EDUARDO SAN MARTIN 1282 YOFRE SUD B°YOFRE SUD
2760,I.P.E.M. N° 174 TRINIDAD MORENO ANEXO MEDIA LUNA SUD,IPEM 174 TRINIDAD MORENO ANEXO MEDIA LUNA SUD,MEDIA LUNA SUR,RIO PRIMERO,CÓRDOBA,140229902,CALLE PUBLICA S/N°   MEDIA LUNA SUD POR MONTECRISTO
2909,I.P.E.M. Nº 175 PADRE GRENON,IPEM 175 PADRE GRENON,CORDOBA,CAPITAL,CÓRDOBA,140102200,CANDIDO GALVAN 1331 VILLA AZALAIS B° VILLA AZALAIS
2910,I.P.E.M. Nº 176 GRANADERO JOSE MARQUEZ,IPEM 176 GRANADERO JOSE MARQUEZ,CORDOBA,CAPITAL,CÓRDOBA,140222100,AUGUSTO FERNANDO MARZANO 4500 SAN JAVIER B° SAN JAVIER
2911,I.P.E.M. Nº 178  AMERICA LATINA,IPEM 178 AMERICA LATINA,MATTALDI,GENERAL ROCA,CÓRDOBA,140401100,CALLE PUBLICA S/N°   MATTALDI - RUTA PROV.Nº27
2912,I.P.E.M. Nº 178 AMERICA LATINA ANEXO NICOLAS BRUZONE,IPEM 178 AMERICA LATINA ANEXO NICOLAS BRUZONE,NICOLAS BRUZONE,GENERAL ROCA,CÓRDOBA,140401101,IGNACIO VILLANUEVA S/N°  CENTRO NICOLAS BRUZONE
2913,I.P.E.M. Nº 178 AMERICA LATINA ANEXO SAN JOAQUIN,IPEM 178 AMERICA LATINA ANEXO SAN JOAQUIN,SAN JOAQUIN,PRESIDENTE ROQUE SAENZ PEÑA,CÓRDOBA,140401102,RUTA PROVINCIAL N° 27   SAN JOAQUIN
2914,I.P.E.M. Nº 18 DOCTOR FEDERICO ANIBAL CUMAR,IPEM 18 DOCTOR FEDERICO ANIBAL CUMAR,CORDOBA,CAPITAL,CÓRDOBA,140446900,CALLE PUBLICA  GRANJA DE FUNES 2º SECCION CANAL MAESTRO
2761,I.P.E.M. N° 180 RAFAEL OBLIGADO,IPEM 180 RAFAEL OBLIGADO,TICINO,GENERAL SAN MARTIN,CÓRDOBA,140018300,MENDOZA  249  TICINO
2915,I.P.E.M. Nº 181 BRIG. GRAL. CORNELIO SAAVEDRA,IPEM 181 BRIGADIER GENERAL CORNELIO SAAVEDRA,CORDOBA,CAPITAL,CÓRDOBA,140291000,LA PLATA 900 JUNIORS B° JUNIORS
2916,I.P.E.M. Nº 182 DR. JORGE W. ABALOS,IPEM 182 DOCTOR JORGE W ABALOS,CORDOBA,CAPITAL,CÓRDOBA,140229300,AV. JUAN B. JUSTO 8500 MARIA LASTENIA B° MARIA LASTENIA - CAMINO A JESUS MARIA KM. 81/2
2917,I.P.E.M. Nº 183 PEDRO B. PALACIOS,IPEM 183 PEDRO B PALACIOS,CORDOBA,CAPITAL,CÓRDOBA,140411300,REALICO 2407 CONGRESO ESQ.VILLA DOLORES
2918,I.P.E.M. Nº 184 MARIANO FRAGUEIRO,IPEM 184 MARIANO FRAGUEIRO,CORDOBA,CAPITAL,CÓRDOBA,140292300,OBISPO CASTELLANO 945 SAN VICENTE B° SAN VICENTE
2919,I.P.E.M. Nº 185 PERITO MORENO,IPEM 185 PERITO MORENO,CORDOBA,CAPITAL,CÓRDOBA,140343900,BLAMEY LAFORE 1259 SAN RAFAEL B°SAN RAFAEL
2920,I.P.E.M. Nº 187 JOSE AMERICO MALANCA,IPEM 187 JOSE AMERICO MALANCA,CORDOBA,CAPITAL,CÓRDOBA,140133600,GOBERNADOR ORTIZ DE OCAMPO 4421 VILLA CENTENARIO B° VILLA CENTENARIO
2921,I.P.E.M. Nº 19 POETA OSCAR GUIÑAZU ALVAREZ,IPEM 19 POETA OSCAR GUIÑAZU ALVAREZ,CORDOBA,CAPITAL,CÓRDOBA,140447000,ASTURIAS 3400 FERROVIARIO MITRE B°FERROVIARIO MITRE
2922,I.P.E.M. Nº 190 DR. PEDRO A. MARIO CARANDE CARRO,IPEM 190 DOCTOR PEDRO A MARIO CARANDE CARRO,VILLA CARLOS PAZ,PUNILLA,CÓRDOBA,140287000,CHILE 1770 INDUSTRIAL VILLA CARLOS PAZ
2923,I.P.E.M. Nº 191 MONSEÑOR ENRIQUE ANGELELLI,IPEM 191 MONSEÑOR ENRIQUE ANGELELLI,CORDOBA,CAPITAL,CÓRDOBA,140011600,BOULEVAR FEDERICO RAUCH 2790 ARTURO CAPDEVILA B°ARTURO CAPDEVILA
2924,I.P.E.M. Nº 192 DR. JOSE RAMON IBAÑEZ,IPEM 192 DOCTOR JOSE RAMON IBAÑEZ,CORDOBA,CAPITAL,CÓRDOBA,140306900,Camino Santa Rosa S/Nº  VILLA ESQUIU B°VILLA RETIRO (KM 9)
2925,I.P.E.M. Nº 193 JOSE MARIA PAZ,IPEM 193 JOSE MARIA PAZ,SALDAN,COLON,CÓRDOBA,140223300,VELEZ SARSFIELD 647 CENTRO SALDAN
2926,I.P.E.M. Nº 193 JOSE MARIA PAZ ANEXO EL DIQUECITO,IPEM 193 JOSE MARIA PAZ ANEXO EL DIQUECITO,EL DIQUECITO,COLON,CÓRDOBA,140223301,PIEDRAS BLANCAS  EL DIQUECITO EL DIQUECITO POR CAMINO A LA CALERA
2927,I.P.E.M. Nº 194 NICOLAS LOBOS PORTO,IPEM 194 NICOLAS LOBOS PORTO,CORDOBA,CAPITAL,CÓRDOBA,140045300,BOLIVAR 896 GUEMES B° GUEMES
2928,I.P.E.M. Nº 195 PRIMER TTE.PEDRO IGNACIO BEAN,IPEM 195 PRIMER TENIENTE PEDRO IGNACIO BEAN,CORDOBA,CAPITAL,CÓRDOBA,140362600,VIÑA DEL MAR 3621 LAS FLORES B° LAS FLORES
2929,I.P.E.M. Nº 196 DRA. ALICIA MOREAU DE JUSTO,IPEM 196 DOCTORA ALICIA MOREAU DE JUSTO,CORDOBA,CAPITAL,CÓRDOBA,140229000,CALLE PUBLICA S/N  LOS GIGANTES ANEXO Bº LOS GIGANTES ANEXO
2930,I.P.E.M. Nº 197 REPUBLICA DEL LIBANO,IPEM 197 REPUBLICA DEL LIBANO,CORDOBA,CAPITAL,CÓRDOBA,140304800,PEDRO NOLASCO RODRIGUEZ S/N°  URCA B° URCA
2931,I.P.E.M. Nº 198 DR. MARTIN FERREYRA,IPEM 198 DOCTOR MARTIN FERREYRA,CORDOBA,CAPITAL,CÓRDOBA,140305300,JOSE CAMAÑO Y BAZAN 4750 POETA LUGONES
2932,I.P.E.M. Nº 199 DR. JUAN EMILIO REMONDA,IPEM 199 DOCTOR JUAN EMILIO REMONDA,CORDOBA,CAPITAL,CÓRDOBA,140005200,SOSA REVELLO 590 PANAMERICANO B° PANAMERICANO
2933,I.P.E.M. Nº 20 RODOLFO WALSH,IPEM 20 RODOLFO WALSH,CORDOBA,CAPITAL,CÓRDOBA,140447100,BARRAGAN 450 MARQUES DE SOBREMONTE B° MARQUES DE SOBREMONTE
2934,I.P.E.M. Nº 201 LEOPOLDO MARECHAL,IPEM 201 LEOPOLDO MARECHAL,CORDOBA,CAPITAL,CÓRDOBA,140245700,ROQUE SAENZ PEÑA (3er.Piso) 1211 COFICO entre Gral.Bustos y F.Allende
2935,I.P.E.M. Nº 202 DR. LUIS FEDERICO LELOIR,IPEM 202 DOCTOR LUIS FEDERICO LELOIR,CORDOBA,CAPITAL,CÓRDOBA,140374200,BV. DE LOS POLACOS 6072 LOS BOULEVARES B°LOS BOULEVARES
2936,I.P.E.M. Nº 205 RICARDO HUGO PALLADINO,IPEM 205 RICARDO HUGO PALLADINO,CORDOBA,CAPITAL,CÓRDOBA,140135500,27 DE ABRIL 5330 SAN IGNACIO entre Escobar y A.Rosillo
2937,I.P.E.M. Nº 206 FERNANDO FADER,IPEM 206 FERNANDO FADER,CORDOBA,CAPITAL,CÓRDOBA,140276800,GREDORIO DE LAFERRERE 2435 PARQUE COREMA entre Gdor.Alvarez y C.de Arredondo
2938,I.P.E.M. Nº 207 EDUARDO RAUL REQUENA,IPEM 207 EDUARDO RAUL REQUENA,CORDOBA,CAPITAL,CÓRDOBA,140015700,AV.FARADAY 5127 ITUZAINGO
2939,I.P.E.M. Nº 208  MARINA WAISMAN,IPEM 208 MARINA WAISMAN,CORDOBA,CAPITAL,CÓRDOBA,140078900,AV. SAGRADA FAMILIA 1545 CERRO DE LAS ROSAS B° CERRO DE LAS ROSAS
2940,I.P.E.M. Nº 21 ALFONSINA STORNI,IPEM 21 ALFONSINA STORNI,CORDOBA,CAPITAL,CÓRDOBA,140447200,ATALIVA HERRERA Y COLECTORA  PARQUE LICEO 2DA. SECCION B° PARQUE LICEO 2DA. SECCION(FRENTE A CIRCUNVALACION)
2941,I.P.E.M. Nº 252 AURELIA J. MONTRASI DE VILLARREAL,IPEM 252 AURELIA J MONTRASI DE VILLARREAL,RIO DE LOS SAUCES,CALAMUCHITA,CÓRDOBA,140376900,SARMIENTO  BANDA NORTE RIO DE LOS SAUCES
2942,I.P.E.M. Nº 252 AURELIA J. MONTRASI DE VILLARREAL ANEXO LUTTI,IPEM 252 AURELIA J MONTRASI DE VILLARREAL ANEXO LUTTI,LUTTI,CALAMUCHITA,CÓRDOBA,140376901,PUBLICA   LUTTI (SE ACCEDE POR CNO DE TIERRA DESDE LA CRUZ)
2943,I.P.E.M. Nº 268 DEAN FUNES,IPEM 268 DEAN FUNES,CORDOBA,CAPITAL,CÓRDOBA,140334900,PERU 10 NUEVA CORDOBA B°NUEVA CORDOBA
2944,I.P.E.M. Nº 269 DR. CESAR MILSTEIN,IPEM 269 DOCTOR CESAR MILSTEIN,CORDOBA,CAPITAL,CÓRDOBA,140057200,AV. GENERAL PAZ 488 CENTRO B° CENTRO
2946,I.P.E.M. Nº 27. DR. RENE FAVALORO,IPEM 27 DOCTOR RENE FAVALORO,RIO CUARTO,RIO CUARTO,CÓRDOBA,140447500,11 DE NOVIEMBRE 1150 SAN ANTONIO DE PADUA RIO CUARTO
2945,I.P.E.M. Nº 27 DR. RENE FAVALORO ANEXO LA AGUADA,IPEM 27 DOCTOR RENE FAVALORO ANEXO LA AGUADA,LA AGUADA,RIO CUARTO,CÓRDOBA,140447501,PUBLICA   LA AGUADA-LAS ALBAHACAS-Río IV
2947,I.P.E.M. Nº 270 GRAL. MANUEL BELGRANO,IPEM 270 GENERAL MANUEL BELGRANO,CORDOBA,CAPITAL,CÓRDOBA,140333700,DEAN FUNES 850 ALBERDI B° ALBERDI
2948,I.P.E.M. Nº 271  DR. DALMACIO VELEZ SARSFIELD,IPEM 271 DOCTOR DALMACIO VELEZ SARSFIELD,SANTA ROSA DE CALAMUCHITA,CALAMUCHITA,CÓRDOBA,140119800,AV. DR. DELL ACQUA 300 GOMEZ SANTA ROSA DE CALAMUCHITA
2949,I.P.E.M. Nº 272 DOMINGO FAUSTINO SARMIENTO,IPEM 272 DOMINGO FAUSTINO SARMIENTO,JESUS MARIA,COLON,CÓRDOBA,140294500,CORDOBA 1050  JESUS MARIA
2762,I.P.E.M. N° 272 DOMINGO FAUSTINO SARMIENTO ANEXO DE ESQUINA (RIO I°),IPEM 272 DOMINGO FAUSTINO SARMIENTO ANEXO DE ESQUINA (RIO I),ESQUINA,RIO PRIMERO,CÓRDOBA,140294501,MALVINAS ARGENTINAS   ESQUINA
2950,I.P.E.M. Nº 272 DOMINGO FAUSTINO SARMIENTO ANEXO TINOCO,IPEM 272 DOMINGO FAUSTINO SARMIENTO ANEXO TINOCO,TINOCO,COLON,CÓRDOBA,140294502,CALLE PUBLICA   TINOCO
2951,I.P.E.M. Nº 273 MANUEL BELGRANO,IPEM 273 MANUEL BELGRANO,CRUZ DEL EJE,CRUZ DEL EJE,CÓRDOBA,140251200,CARLOS PELLEGRINI 445 CENTRO CRUZ DEL EJE
2763,I.P.E.M. N° 273 MANUEL BELGRANO ANEXO GUANACO MUERTO,IPEM 273 MANUEL BELGRANO ANEXO GUANACO MUERTO,GUANACO MUERTO,CRUZ DEL EJE,CÓRDOBA,140251202,RUTA A - KM 175    GUANACO MUERTO
2952,I.P.E.M. Nº 274 GRAL. LUCIO V. MANSILLA,IPEM 274 GENERAL LUCIO V MANSILLA,HUINCA RENANCO,GENERAL ROCA,CÓRDOBA,140363500,SAN MARTIN 650 VILLA CRESPO HUINCA RENANCO
2764,I.P.E.M. N° 275 COLEGIO NACIONAL DE VILLA MARIA,IPEM 275 COLEGIO NACIONAL DE VILLA MARIA,VILLA MARIA,GENERAL SAN MARTIN,CÓRDOBA,140392100,SANTIAGO DEL ESTERO 618 CENTRO VILLA MARIA
2953,I.P.E.M. Nº 276 DR. RICARDO L. COLOCCINI,IPEM 276 DOCTOR RICARDO L COLOCCINI,CRUZ ALTA,MARCOS JUAREZ,CÓRDOBA,140204200,SAN MARTIN 1487 LINIERS CRUZ ALTA
2954,I.P.E.M. Nº 277 ESTEBAN ECHEVERRIA,IPEM 277 ESTEBAN ECHEVERRIA,MARCOS JUAREZ,MARCOS JUAREZ,CÓRDOBA,140276000,LARDIZABAL 1279 CENTRO MARCOS JUAREZ
2955,I.P.E.M. Nº 278 MALVINAS ARGENTINAS,IPEM 278 MALVINAS ARGENTINAS,LABOULAYE,PRESIDENTE ROQUE SAENZ PEÑA,CÓRDOBA,140086000,AVENIDA INDEPENDENCIA 475 CENTRO LABOULAYE
2956,I.P.E.M. Nº 279 MAESTRO LUCIANO BOUCAR,IPEM 279 MAESTRO LUCIANO BOUCAR,CAPILLA DEL MONTE,PUNILLA,CÓRDOBA,140263400,HIPOLITO YRIGOYEN 450 CENTRO CAPILLA DEL MONTE
2957,I.P.E.M. Nº 28 VILLA DE LA CONCEPCION DEL RIO CUARTO,IPEM 28 VILLA DE LA CONCEPCION DEL RIO CUARTO,RIO CUARTO,RIO CUARTO,CÓRDOBA,140447600,VENEZUELA 950 BANDA NORTE RIO CUARTO
2958,I.P.E.M. Nº 281 DR. CARLOS A. LUCERO KELLY,IPEM 281 DOCTOR CARLOS A LUCERO KELLY,RIO CUARTO,RIO CUARTO,CÓRDOBA,140391000,CORONEL BAIGORRIA 463 CENTRO RIO CUARTO
2959,I.P.E.M. Nº 283 FRAY MAMERTO ESQUIU,IPEM 283 FRAY MAMERTO ESQUIU,RIO CUARTO,RIO CUARTO,CÓRDOBA,140299500,BAIGORRIA 463 CENTRO RIO CUARTO
2960,I.P.E.M. Nº 283 FRAY MAMERTO ESQUIU ANEXO BARRIO CIUDAD NUEVA,IPEM 283 FRAY MAMERTO ESQUIU ANEXO BARRIO CIUDAD NUEVA,RIO CUARTO,RIO CUARTO,CÓRDOBA,140299502,CARLOS GAUDARD 3480 CIUDAD NUEVA BARRIO CIUDAD NUEVA - RIO CUARTO
2961,I.P.E.M. Nº 284 DOMINGO FAUSTINO SARMIENTO,IPEM 284 DOMINGO FAUSTINO SARMIENTO,CALCHIN,RIO SEGUNDO,CÓRDOBA,140115800,SANTA TERESA 250  CALCHIN
2962,I.P.E.M. Nº 285 JOSE GABRIEL BROCHERO,IPEM 285 JOSE GABRIEL BROCHERO,MINA CLAVERO,SAN ALBERTO,CÓRDOBA,140365000,LOS FUNDADORES  SANTA ANA MINA CLAVERO
2963,I.P.E.M. Nº 285 JOSE GABRIEL BROCHERO ANEXO LA VENTANA,IPEM 285 JOSE GABRIEL BROCHERO ANEXO LA VENTANA,LA VENTANA,SAN ALBERTO,CÓRDOBA,140365005,PUBLICA   LA VENTANA - P/MINA CLAVERO
2964,I.P.E.M. Nº 285 JOSE GABRIEL BROCHERO ANEXO LOS CERROS,IPEM 285 JOSE GABRIEL BROCHERO ANEXO LOS CERROS,PAMPA DE ACHALA,SAN ALBERTO,CÓRDOBA,140365003,PUBLICA   LOS CERROS (PAMPA DE ACHALA)
2965,I.P.E.M. Nº 287 LEOPOLDO LUGONES,IPEM 287 LEOPOLDO LUGONES,SATURNINO MARIA LASPIUR,SAN JUSTO,CÓRDOBA,140310000,RIVADAVIA 91  SATURNINO MARIA LASPIUR
2765,I.P.E.M. N° 287 LEOPOLDO LUGONES ANEXO CAMPO LA SALADA,IPEM 287 LEOPOLDO LUGONES ANEXO CAMPO LA SALADA,CAMPO LA SALADA,SAN JUSTO,CÓRDOBA,140310002,PUBLICA   CAMPO LA SALADA P/ EL ARAÑADO
2766,I.P.E.M. N° 287 LEOPOLDO LUGONES ANEXO VILLA SAN ESTEBAN,IPEM 287 LEOPOLDO LUGONES ANEXO VILLA SAN ESTEBAN,VILLA SAN ESTEBAN,SAN JUSTO,CÓRDOBA,140310003,CALLE PUBLICA S/N    VILLA SAN ESTEBAN
2966,I.P.E.M. Nº 288 JOSE HERNANDEZ,IPEM 288 JOSE HERNANDEZ,RIO TERCERO,TERCERO ARRIBA,CÓRDOBA,140329200,2 DE ABRIL S/N°  BELGRANO RIO TERCERO
2967,I.P.E.M. Nº 288 JOSE HERNANDEZ  ANEXO LOS POTREROS,IPEM 288 JOSE HERNANDEZ ANEXO LOS POTREROS,LOS POTREROS,TERCERO ARRIBA,CÓRDOBA,140329201,ZONA RURAL   LOS POTREROS
2968,I.P.E.M. Nº 289 DR. RAMON PICCO,IPEM 289 DOCTOR RAMON PICCO,OLIVA,TERCERO ARRIBA,CÓRDOBA,140362300,INTENDENTE CHIARINI S/N  CENTRO NORTE OLIVA
2969,I.P.E.M. Nº 29 FELIPE GALIZIA,IPEM 29 FELIPE GALIZIA,RIO CUARTO,RIO CUARTO,CÓRDOBA,140447700,CERVANTES S/N  LAS QUINTAS ACHIRAS
2970,I.P.E.M. Nº 29 FELIPE GALIZIA ANEXO CHUCUL,IPEM 29 FELIPE GALIZIA ANEXO CHUCUL,CHUCUL,RIO CUARTO,CÓRDOBA,140447701,SAN MARTIN   CHUCUL
2767,I.P.E.M. N° 290 GRAL. M. BELGRANO ANEXO LA HERRADURA,IPEM 290 GENERAL M BELGRANO ANEXO LA HERRADURA,LA HERRADURA,UNION,CÓRDOBA,140299301,CALLE PUBLICA S/N   LA HERRADURA P/BALLESTEROS SUD
2971,I.P.E.M. Nº 290 GRAL.MANUEL BELGRANO,IPEM 290 GENERALMANUEL BELGRANO,BELL VILLE,UNION,CÓRDOBA,140299300,HAITI S/N  ASCASUBI ESTE BELL VILLE
2972,I.P.E.M. Nº 290 GRAL.MANUEL BELGRANO ANEXO MONTE LEÑA,IPEM 290 GENERALMANUEL BELGRANO ANEXO MONTE LEÑA,MONTE LEÑA,UNION,CÓRDOBA,140299302,CARDO 146  MONTE LEÑA
2973,I.P.E.M. Nº 294 JESUS MARIA,IPEM 294 JESUS MARIA,JESUS MARIA,COLON,CÓRDOBA,140448400,TACUARI S/N°  17 DE OCTUBRE JESUS MARIA
2974,I.P.E.M. Nº 294 JESUS MARIA ANEXO SANTA CATALINA,IPEM 294 JESUS MARIA ANEXO SANTA CATALINA,SANTA CATALINA,TOTORAL,CÓRDOBA,140448403,CALLE PUBLICA   SANTA CATALINA
2975,I.P.E.M. Nº 295 AGUSTIN TOSCO,IPEM 295 AGUSTIN TOSCO,CORDOBA,CAPITAL,CÓRDOBA,140471800,RIO NEGRO 5800 VILLA EL LIBERTADOR B° VILLA EL LIBERTADOR
2976,I.P.E.M. Nº 296 AMANCIO WILLIAMS,IPEM 296 AMANCIO WILLIAMS,CORDOBA,CAPITAL,CÓRDOBA,140471700,ATILIO CATTANEO   VILLA UNION B° VILLA UNION (ESQ. YERBA BUENA)
2768,I.P.E.M. N° 298 MAESTRO RODOLFO V.BUTORI,IPEM 298 MAESTRO RODOLFO V BUTORI,ALTA GRACIA,SANTA MARIA,CÓRDOBA,140296500,RAFAEL LOZADA 53 CENTRO ALTA GRACIA
2977,I.P.E.M. Nº 299 DR. SPIRIDON ESTEFANO NAUMCHIK,IPEM 299 DOCTOR SPIRIDON ESTEFANO NAUMCHIK,ALMAFUERTE,TERCERO ARRIBA,CÓRDOBA,140306100,SANTIAGO DEL ESTERO  973 ARENALES ALMAFUERTE
2978,I.P.E.M. Nº 299 DR. SPIRIDON ESTEFANO NAUMCHIK ANEXO VILLA QUILLINZO,IPEM 299 DOCTOR SPIRIDON ESTEFANO NAUMCHIK ANEXO VILLA QUILLINZO,VILLA QUILLINZO,CALAMUCHITA,CÓRDOBA,140306102,LOS HORNEROS   VILLA QUILLINZO
2979,I.P.E.M. Nº 3 GRAL. JUAN BAUTISTA BUSTOS,IPEM 3 GENERAL JUAN BAUTISTA BUSTOS,CORDOBA,CAPITAL,CÓRDOBA,140451200,CELEDONIO FLORES 1426 PUEYRREDON
2736,I.P.E.M Nº 3 GRAL. JUAN BAUTISTA BUSTOS ANEXO B° ZEPA,IPEM 3 GENERAL JUAN BAUTISTA BUSTOS ANEXO B ZEPA,CORDOBA,CAPITAL,CÓRDOBA,140451201,PUBLICA  ZEPA BARRIO ZEPA
2980,I.P.E.M. Nº 301 MALVINA ROSA QUIROGA,IPEM 301 MALVINA ROSA QUIROGA,CORDOBA,CAPITAL,CÓRDOBA,140472300,JAMAICA 901 RESIDENCIAL AMERICA B° RESIDENCIAL AMERICA
3076,I.P.E.M. Nº302 ING. E. DUMESNIL,IPEM 302 INGENIERO E DUMESNIL,LA CALERA,COLON,CÓRDOBA,140472700,CHUBUT 750 DUMESNIL BARRIO DUMESNIL - LA CALERA
2981,I.P.E.M. Nº 303 LIBERTADOR GENERAL SAN MARTIN,IPEM 303 LIBERTADOR GENERAL SAN MARTIN,MATORRALES,RIO SEGUNDO,CÓRDOBA,140472200,CORRIENTES 138  MATORRALES
2982,I.P.E.M. Nº 303 LIBERTADOR GENERAL SAN MARTIN ANEXO COSTA ALEGRE,IPEM 303 LIBERTADOR GENERAL SAN MARTIN ANEXO COSTA ALEGRE,COSTA ALEGRE,RIO SEGUNDO,CÓRDOBA,140472201,CALLE PUBLICA S/N    COSTA ALEGRE
2983,I.P.E.M. Nº 304 JUAN CARLOS FERRERO,IPEM 304 JUAN CARLOS FERRERO,COLONIA ALMADA,TERCERO ARRIBA,CÓRDOBA,140472400,SANTA ROSA 171  COLONIA ALMADA
2769,I.P.E.M. N° 305 AGRONOMO JORGE BLACQUE BELAIR,IPEM 305 AGRONOMO JORGE BLACQUE BELAIR,COSTASACATE,RIO SEGUNDO,CÓRDOBA,140457400,25 DE MAYO S/N   COSTASACATE
2770,I.P.E.M. N° 305 AGRONOMO JORGE BLACQUE BELAIR ANEXO RINCON,IPEM 305 AGRONOMO JORGE BLACQUE BELAIR ANEXO RINCON,RINCON,RIO SEGUNDO,CÓRDOBA,140457402,9 DE JULIO S/N   RINCON
2984,I.P.E.M. Nº 305 ANEXO LAS HERAS,IPEM 305 ANEXO LAS HERAS,LAS HERAS,RIO PRIMERO,CÓRDOBA,140457401,CALLE PUBLICA S/N   LAS HERAS P/RIO PRIMERO
2985,I.P.E.M. Nº 309 PROFESOR CARLOS FUENTEALBA,IPEM 309 PROFESOR CARLOS FUENTEALBA,CORDOBA,CAPITAL,CÓRDOBA,140479000,MANZANA 40 - CALLE PUBLICA S/N°  V.I.P.R.O. B°V.I.P.R.O.
2986,I.P.E.M. Nº 31 PADRE BROCHERO,IPEM 31 PADRE BROCHERO,SAN JOSE,SAN JAVIER,CÓRDOBA,140150900,BELGRANO  CENTRO SAN JOSE
2771,I.P.E.M. N° 311 PABLO GAITAN,IPEM 311 PABLO GAITAN,CORDOBA,CAPITAL,CÓRDOBA,140478200,USUAHIA 2150 CABILDO B° CABILDO
2772,I.P.E.M. N° 311 PABLO GAITAN ANEXO POTRERO DEL ESTADO,IPEM 311 PABLO GAITAN ANEXO POTRERO DEL ESTADO,POTRERO DEL ESTADO,SANTA MARIA,CÓRDOBA,140478201,CALLE PUBLICA   CAMINO A DESPEÑADEROS KM 7 1/2
2987,I.P.E.M. Nº 315  JOSE HERNANDEZ,IPEM 315 JOSE HERNANDEZ,SAN FRANCISCO,SAN JUSTO,CÓRDOBA,140475300,JOSE HERNANDEZ 3088 COTTOLENGO SAN FRANCISCO
2773,I.P.E.M. N° 316 EVA DUARTE DE PERON,IPEM 316 EVA DUARTE DE PERON,VILLA CARLOS PAZ,PUNILLA,CÓRDOBA,140476000,ROMA  COLINAS VILLA CARLOS PAZ
2988,I.P.E.M. Nº 317 SAN JOSE DE CALASANZ,IPEM 317 SAN JOSE DE CALASANZ,MENDIOLAZA,COLON,CÓRDOBA,140507400,AV. MALVINAS ARGENTINAS 1104 CENTRO MENDIOLAZA
2989,I.P.E.M. Nº 32 ESTANCIA POTRERO DE GARAY,IPEM 32 ESTANCIA POTRERO DE GARAY,POTRERO DE GARAY,SANTA MARIA,CÓRDOBA,140447800,LAS MONJITAS   COMUNA DE POTRERO DE GARAY
2990,I.P.E.M. Nº 320 JORGE CAFRUNE,IPEM 320 JORGE CAFRUNE,CORDOBA,CAPITAL,CÓRDOBA,140478700,RUTA 9 (S)  PARQUE ITUZAINGO RUTA 9(SUR)KM.691 P/CAMINO A TOLEDO
2991,I.P.E.M. Nº 323 SAN ANTONIO,IPEM 323 SAN ANTONIO,CORDOBA,CAPITAL,CÓRDOBA,140475600,AVENIDA CIUDAD DE VALPARAISO 9500 VILLA RIVADAVIA B°VILLA RIVADAVIA (KM. 9 1/2)
2774,I.P.E.M. N° 324 JOSE MANUEL ESTRADA,IPEM 324 JOSE MANUEL ESTRADA,CINTRA,UNION,CÓRDOBA,140312800,BELGRANO 548 CENTRO CINTRA
2775,I.P.E.M. N° 324 JOSE MANUEL ESTRADA ANEXO CHILIBROSTE,IPEM 324 JOSE MANUEL ESTRADA ANEXO CHILIBROSTE,CHILIBROSTE,UNION,CÓRDOBA,140312801,BV. SAN MARTIN 372  CHILIBROSTE
2737,I.P.E.M Nº 325 MANUEL BELGRANO,IPEM 325 MANUEL BELGRANO,CORDOBA,CAPITAL,CÓRDOBA,140149200,VALERIO BETA 7300 ARGUELLO NORTE B° ARGUELLO NORTE (AV Donato Alvarez alt. 8400)
2992,I.P.E.M. Nº 326 MARIANO MORENO,IPEM 326 MARIANO MORENO,FREYRE,SAN JUSTO,CÓRDOBA,140249200,ALBERDI 283  FREYRE
2776,I.P.E.M. N° 326 MARIANO MORENO ANEXO COLONIA ITURRASPE,IPEM 326 MARIANO MORENO ANEXO COLONIA ITURRASPE,COLONIA ITURRASPE,SAN JUSTO,CÓRDOBA,140249202,PUBLICA   COLONIA ITURASPE
2993,I.P.E.M. Nº 326 MARIANO MORENO ANEXO COLONIA LAVARELLO,IPEM 326 MARIANO MORENO ANEXO COLONIA LAVARELLO,COLONIA LAVARELLO,SAN JUSTO,CÓRDOBA,140249201,CALLE PUBLICA S/N°   COLONIA LAVARELLO P/PORTEÑA
2777,I.P.E.M. N° 326 MARIANO MORENO ANEXO COLONIA VALTELINA,IPEM 326 MARIANO MORENO ANEXO COLONIA VALTELINA,COLONIA VALTERIANA,SAN JUSTO,CÓRDOBA,140249203,SARMIENTO   COLONIA VALTELINA
2994,I.P.E.M. Nº 327 MARIA SECUNDINA LOPEZ,IPEM 327 MARIA SECUNDINA LOPEZ,SANTA ROSA DE RIO PRIMERO,RIO PRIMERO,CÓRDOBA,140492000,MOISES QUINTEROS ESQ.DEAN FUNES   SANTA ROSA DE RIO PRIMERO
2995,I.P.E.M. Nº 327 MARIA SECUNDINA LOPEZ ANEXO DIEGO DE ROJAS,IPEM 327 MARIA SECUNDINA LOPEZ ANEXO DIEGO DE ROJAS,DIEGO DE ROJAS,RIO PRIMERO,CÓRDOBA,140492003,FIGUEROA ALCORTA S/N°   DIEGO DE ROJAS - RIO PRIMERO
2778,I.P.E.M. N° 327 MARIA SECUNDINA LOPEZ ANEXO LA QUINTA,IPEM 327 MARIA SECUNDINA LOPEZ ANEXO LA QUINTA,LA QUINTA,RIO PRIMERO,CÓRDOBA,140492002,JAVIER CORDOBA S/N   LA QUINTA
2996,I.P.E.M. Nº 327 MARIA SECUNDINA LOPEZ ANEXO MONTE DEL ROSARIO,IPEM 327 MARIA SECUNDINA LOPEZ ANEXO MONTE DEL ROSARIO,MONTE DEL ROSARIO,RIO PRIMERO,CÓRDOBA,140492001,CALLE PUBLICA S/N    MONTE DEL ROSARIO
2997,I.P.E.M. Nº 327 MARIA SECUNDINA LOPEZ ANEXO OBISPO TREJO,IPEM 327 MARIA SECUNDINA LOPEZ ANEXO OBISPO TREJO,OBISPO TREJO,RIO PRIMERO,CÓRDOBA,140492004,BELGRANO 751 CENTRO OBISPO TREJO
2998,I.P.E.M. No 328 NUESTRA SEÑORA DE LOS REMEDIOS,IPEM 328 NUESTRA SEÑORA DE LOS REMEDIOS,CAPILLA DE LOS REMEDIOS,RIO PRIMERO,CÓRDOBA,140508700,GUEMES ESQ.RIVADAVIA  CENTRO CAPILLA DE LOS REMEDIOS
2999,I.P.E.M. No 328 NUESTRA SEÑORA DE LOS REMEDIOS ANEXO CHACRAS NORTE,IPEM 328 NUESTRA SEÑORA DE LOS REMEDIOS ANEXO CHACRAS NORTE,CHACRAS NORTE,RIO PRIMERO,CÓRDOBA,140508702,CALLE PUBLICA S/N    CHACRAS NORTE
3000,I.P.E.M. Nº 329,IPEM 329,ARROYITO,SAN JUSTO,CÓRDOBA,140504600,ALFONSINA STORNI 1650 SANTA TERESITA ARROYITO
2779,I.P.E.M. N° 329 ANEXO COLONIA ARROYO DE LOS LEONES,IPEM 329 ANEXO COLONIA ARROYO DE LOS LEONES,ARROYO DE LOS LEONES,SAN JUSTO,CÓRDOBA,140504603,CALLE PUBLICA   COLONIA ARROYO DE LOS LEONES
2780,I.P.E.M. N° 329 ANEXO COLONIA NUEVA FRANCIA,IPEM 329 ANEXO COLONIA NUEVA FRANCIA,COLONIA NUEVA FRANCIA,SAN JUSTO,CÓRDOBA,140504605,CALLE PUBLICA   COLONIA NUEVA FRANCIA
2735,I.P.E.M N° 329 ANEXO EL DESCANSO,IPEM 329 ANEXO EL DESCANSO,EL DESCANSO(POR ARROYITO),SAN JUSTO,CÓRDOBA,140504601,PUBLICA   ZONA RURAL
2781,I.P.E.M. N° 329 ANEXO EL FUERTECITO,IPEM 329 ANEXO EL FUERTECITO,EL FUERTECITO,SAN JUSTO,CÓRDOBA,140504604,ALICIA ROSSI DE COMBA 441  EL FUERTECITO
2782,I.P.E.M. N° 329 ANEXO LA CURVA,IPEM 329 ANEXO LA CURVA,LA CURVA,SAN JUSTO,CÓRDOBA,140504602,JOSE PASSAMONTE 544  PARAJE LA CURVA - RUTA 19 KM.618
3001,I.P.E.M. Nº 330 EDGARDO ROBERTO PRAMPARO,IPEM 330 EDGARDO ROBERTO PRAMPARO,RIO CUARTO,RIO CUARTO,CÓRDOBA,140504700,AVENIDA SABATTINI 3800 LAS FERIAS RIO CUARTO
3002,I.P.E.M. Nº 332 DR. RICARDO LUTI,IPEM 332 DOCTOR RICARDO LUTI,VILLA SANTA CRUZ DEL LAGO,PUNILLA,CÓRDOBA,140508200,LAS ROSAS S/N  CENTRO VILLA SANTA CRUZ DEL LAGO
3003,I.P.E.M. Nº 335 LUIS ALBERTO SPINETTA,IPEM 335 LUIS ALBERTO SPINETTA,VALLE HERMOSO,PUNILLA,CÓRDOBA,140507000,GOBERNADOR NUÑEZ 73 CENTRO VALLE HERMOSO- AL LADO DEL POLIDEPORTIVO MUNICIPAL
3004,I.P.E.M. Nº 336 ADOLFO CASTELO,IPEM 336 ADOLFO CASTELO,CORDOBA,CAPITAL,CÓRDOBA,140503300,MARIANO FRAGUEIRO 4915 JUAN B. JUSTO B°JUAN B.JUSTO(FRAGUEIRO AL 4900 A 200M. CIRCUNVALACION)
3005,I.P.E.M. Nº 338 DR. SALVADOR MAZZA,IPEM 338 DOCTOR SALVADOR MAZZA,CORDOBA,CAPITAL,CÓRDOBA,140505000,FRANCISCO SUAREZ 3760 MARQUES DE SOBREMONTE-ANEXO B° MARQUES DE SOBREMONTE-ANEXO
3006,I.P.E.M. Nº 340 HORACIO GOÑI FIERRO,IPEM 340 HORACIO GOÑI FIERRO,SARMIENTO,TOTORAL,CÓRDOBA,140506500,ESPAÑA   SARMIENTO
3007,I.P.E.M. Nº 340 HORACIO GOÑI FIERRO ANEXO VILLA GUTIERREZ,IPEM 340 HORACIO GOÑI FIERRO ANEXO VILLA GUTIERREZ,VILLA GUTIERREZ,ISCHILIN,CÓRDOBA,140506501,CALLE PUBLICA S/N°   VILLA GUTIERREZ
2739,I.P.E.M. 341 GOBERNADOR JOSE MANUEL DE LA SOTA,IPEM 341 GOBERNADOR JOSE MANUEL DE LA SOTA,MANFREDI,RIO SEGUNDO,CÓRDOBA,140504800,VIRGINIA YANIZ 751  MANFREDI
2741,I.P.E.M. 341 GOBERNADOR JOSE MANUEL DE LA SOTA ANEXO IMPIRA,IPEM 341 GOBERNADOR JOSE MANUEL DE LA SOTA ANEXO IMPIRA,IMPIRA,RIO SEGUNDO,CÓRDOBA,140504801,CALLE PUBLICA S/N°   IMPIRA
2740,I.P.E.M. 341 GOBERNADOR JOSE MANUEL DE LA SOTA  ANEXO LA LAGUNILLA,IPEM 341 GOBERNADOR JOSE MANUEL DE LA SOTA ANEXO LA LAGUNILLA,LA LAGUNILLA,RIO SEGUNDO,CÓRDOBA,140504802,CALLE PUBLICA S/N°   LA LAGUNILLA
3008,I.P.E.M. Nº 342 DR. RENE FAVALORO,IPEM 342 DOCTOR RENE FAVALORO,LAGUNA LARGA,RIO SEGUNDO,CÓRDOBA,140507900,JUAN DOMINGO PERON  340 ARTURO ILLIA LAGUNA LARGA
2783,I.P.E.M. N° 342 DR. RENE FAVALORO ANEXO CAMPO LOS TRES ARBOLES,IPEM 342 DOCTOR RENE FAVALORO ANEXO CAMPO LOS TRES ARBOLES,CAMPO LOS TRES ARBOLES,RIO SEGUNDO,CÓRDOBA,140507902,CALLE PUBLICA S/N°   CAMPO LOS TRES ARBOLES x LAGUNA LARGA
3009,I.P.E.M. Nº 345 MAESTRO HUGO BARRERA,IPEM 345 MAESTRO HUGO BARRERA,ALTA GRACIA,SANTA MARIA,CÓRDOBA,140503400,PEDRO BUTORI 356 EL CAÑITO ALTA GRACIA (CAMINO A LA GRUTA)
2784,I.P.E.M. N° 345 MAESTRO HUGO BARRERA ANEXO PUNTA DE AGUA,IPEM 345 MAESTRO HUGO BARRERA ANEXO PUNTA DE AGUA,PUNTA DE AGUA,SANTA MARIA,CÓRDOBA,140503401,CALLE PUBLICA   PUNTA DE AGUA
3010,I.P.E.M. Nº 345 MAESTRO HUGO BARRERA ANEXO RAFAEL GARCIA,IPEM 345 MAESTRO HUGO BARRERA ANEXO RAFAEL GARCIA,RAFAEL GARCIA,SANTA MARIA,CÓRDOBA,140503402,BERUTTI   RAFAEL GARCIA
3011,I.P.E.M. Nº 346 REPUBLICA ARGENTINA,IPEM 346 REPUBLICA ARGENTINA,ALTA GRACIA,SANTA MARIA,CÓRDOBA,140508800,BOLIVIA  1525 PARQUE CASINO ALTA GRACIA
2785,I.P.E.M. N° 348 GABRIEL GARCIA MARQUEZ,IPEM 348 GABRIEL GARCIA MARQUEZ,SAN ANTONIO DE ARREDONDO,PUNILLA,CÓRDOBA,140536300,CALLE PUBLICA   SAN ANTONIO DE ARREDONDO - RUTA 14
3012,I.P.E.M. Nº 349 GIOVANNI BOSCO,IPEM 349 GIOVANNI BOSCO,COLONIA CAROYA,COLON,CÓRDOBA,140513900,GORIZIA SUR (CALLE 13) 198  COLONIA CAROYA
3013,I.P.E.M. Nº 35 RICARDO ROJAS,IPEM 35 RICARDO ROJAS,CORDOBA,CAPITAL,CÓRDOBA,140411200,JAVIER LOPEZ 2050 ALTOS DE VILLA CABRERA B° ALTOS DE VILLA CABRERA
2738,I.P.E.M Nº 350 ERNESTO SABATO,IPEM 350 ERNESTO SABATO,VILLA ALLENDE,COLON,CÓRDOBA,140509300,AVENIDA DEL NIAGARA 436 Villa Allende Lomas Sur La Calera
2786,I.P.E.M. N° 352 ALFREDO CAVALOTTI,IPEM 352 ALFREDO CAVALOTTI,RIO CEBALLOS,COLON,CÓRDOBA,140529600,NICANOR CEBALLOS S/N°  SAN ISIDRO RIO CEBALLOS
2787,I.P.E.M. N° 353 EFRAIN URBANO BISCHOFF,IPEM 353 EFRAIN URBANO BISCHOFF,CORDOBA,CAPITAL,CÓRDOBA,140530000,CALLE PUBLICA S/N°  COOPERATIVA 2 DE MAYO B° COOPERATIVA 2 DE MAYO( ENTRE YABEN Y MARIMON)
2788,I.P.E.M. N° 356,IPEM 356,MEDIA NARANJA,CRUZ DEL EJE,CÓRDOBA,140533900,CALLE PUBLICA   MEDIA NARANJA POR RUTA A 175
3014,I.P.E.M. Nº 358 ALEJANDRO PAPALINI,IPEM 358 ALEJANDRO PAPALINI,CORDOBA,CAPITAL,CÓRDOBA,140535800,DE LOS RODEOS S/N°  EL GATEADO B° EL GATEADO
3015,I.P.E.M. Nº 359 DR. ARTURO HUMBERTO ILLIA,IPEM 359 DOCTOR ARTURO HUMBERTO ILLIA,VILLA CARLOS PAZ,PUNILLA,CÓRDOBA,140535700,AZOPARDO  SOL Y LAGO VILLA DOMINGUEZ - VILLA CARLOS PAZ
3016,I.P.E.M. Nº 360 PROFESOR EDGAR TOLEDO,IPEM 360 PROFESOR EDGAR TOLEDO,CORDOBA,CAPITAL,CÓRDOBA,140538200,DEFENSA ESQ. CACHEUTA  VILLA EL LIBERTADOR B° VILLA EL LIBERTADOR(HOSPITAL PRÍNCIPE DE ASTURIAS)
3017,I.P.E.M. Nº 364 MALVINAS ARGENTINAS,IPEM 364 MALVINAS ARGENTINAS,SAN JAVIER (YACANTO),SAN JAVIER,CÓRDOBA,140542500,LUIS TESSADORI   RUTA PROVINCIAL Nº 14 SAN JAVIER
3018,I.P.E.M. Nº 365 DR RENE GERONIMO FAVALORO,IPEM 365 DR RENE GERONIMO FAVALORO,VILLA CARLOS PAZ,PUNILLA,CÓRDOBA,140539100,GOBERNADOR ALVAREZ 131 SANTA RITA DEL LAGO BARRIO SANTA RITA DEL LAGO - VILLA CARLOS PAZ
2789,I.P.E.M. N° 366,IPEM 366,GUTEMBERG,RIO SECO,CÓRDOBA,140540000,DOMINGO FAUSTINO SARMIENTO    GUTEMBERG
2790,I.P.E.M. N° 366 ANEXO VILLA CANDELARIA,IPEM 366 ANEXO VILLA CANDELARIA,VILLA CANDELARIA,RIO SECO,CÓRDOBA,140540001,CALLE PUBLICA S/N°   VILLA CANDELARIA
3019,I.P.E.M. Nº 367,IPEM 367,ASCOCHINGA,COLON,CÓRDOBA,140540900,RUTA E 66   ASCOCHINGA
3020,I.P.E.M. Nº 367 ANEXO BARRIO EL ALGODONAL,IPEM 367 ANEXO BARRIO EL ALGODONAL,AGUA DE ORO,COLON,CÓRDOBA,140540901,CALLE PUBLICA S/N  EL ALGODONAL AGUA DE ORO
3021,I.P.E.M. Nº 367 ANEXO CANTERAS EL SAUCE,IPEM 367 ANEXO CANTERAS EL SAUCE,EL MANZANO,COLON,CÓRDOBA,140540902,CALLE PUBLICA   CANTERAS EL SAUCE
3022,I.P.E.M. Nº 368 GIUSEPPE PASCHETTA,IPEM 368 GIUSEPPE PASCHETTA,LAS TAPIAS,SAN JAVIER,CÓRDOBA,140541000,GIUSEPPE PASCHETTA 100 18 VIVIENDAS RUTA PROVINCIAL Nº 14 LAS TAPIAS
3023,I.P.E.M. Nº 368 GIUSEPPE PASCHETTA ANEXO CONLARA,IPEM 368 GIUSEPPE PASCHETTA ANEXO CONLARA,CONLARA,SAN JAVIER,CÓRDOBA,140541002,PUBLICA   CONLARA
3024,I.P.E.M. Nº 368 GIUSEPPE PASCHETTA ANEXO SAUCE ARRIBA,IPEM 368 GIUSEPPE PASCHETTA ANEXO SAUCE ARRIBA,SAUCE ARRIBA,SAN ALBERTO,CÓRDOBA,140541001,PUBLICA   SAUCE ARRIBA (en PARAJE PIEDRA PINTADA)
3025,I.P.E.M. Nº 369 DR. RENE FAVALORO,IPEM 369 DOCTOR RENE FAVALORO,SAN JOSE DE LAS SALINAS,TULUMBA,CÓRDOBA,140541100,ONCATIVO    SAN JOSE DE LAS SALINAS
3026,I.P.E.M. Nº 369 DR. RENE FAVALORO ANEXO SAN PEDRO NORTE,IPEM 369 DOCTOR RENE FAVALORO ANEXO SAN PEDRO NORTE,SAN PEDRO NORTE,TULUMBA,CÓRDOBA,140541101,9 DE JULIO   SAN PEDRO NORTE
3027,I.P.E.M. Nº 37 CORONEL HILARIO ASCASUBI,IPEM 37 CORONEL HILARIO ASCASUBI,VILLA ASCASUBI,TERCERO ARRIBA,CÓRDOBA,140351100,SAN MARTIN Y GENERAL PAZ   VILLA ASCASUBI
3028,I.P.E.M. Nº 37 CORONEL HILARIO ASCASUBI ANEXO FOTHERINGHAM,IPEM 37 CORONEL HILARIO ASCASUBI ANEXO FOTHERINGHAM,GENERAL FOTHERINGHAM,TERCERO ARRIBA,CÓRDOBA,140351101,BELGRANO 217  GENERAL FOTHERINGHAM-VILLA ASCASUBI
2791,I.P.E.M. N° 370,IPEM 370,LOS CHAÑARITOS N° 1,CRUZ DEL EJE,CÓRDOBA,140540400,RUTA A 183   LOS CHAÑARITOS N° 1
2792,I.P.E.M. N° 370 ING.BENJAMIN AMADO REOLIN ANEXO OLIVARES DE SAN NICOLAS,IPEM 370 INGENIERO BENJAMIN AMADO REOLIN ANEXO OLIVARES DE SAN NICOLAS,OLIVARES DE SAN NICOLAS,ISCHILIN,CÓRDOBA,140540401,CALLE PUBLICA S/N°   OLIVARES DE SAN NICOLAS
3029,I.P.E.M. Nº 371,IPEM 371,RAYO CORTADO,RIO SECO,CÓRDOBA,140542000,CALLE PUBLICA S/N    RAYO CORTADO (FRENTE A PLAZA CENTRAL)
3030,I.P.E.M. Nº 371 ANEXO CAMINIAGA,IPEM 371 ANEXO CAMINIAGA,CAMINIAGA,SOBREMONTE,CÓRDOBA,140542002,INDEPENDENCIA S/N   CAMINIAGA
3031,I.P.E.M. Nº 371 ANEXO SANTA ELENA,IPEM 371 ANEXO SANTA ELENA,SANTA ELENA,RIO SECO,CÓRDOBA,140542001,PUBLICA   SANTA ELENA POR RUTA PROVINCIAL
3032,I.P.E.M. Nº 373 MARIA ELENA WALSH,IPEM 373 MARIA ELENA WALSH,CORDOBA,CAPITAL,CÓRDOBA,140542300,MANZANA 9 S/N  CIUDAD DE VILLA RETIRO BARRIO CIUDAD DE VILLA RETIRO
3033,I.P.E.M. Nº 374,IPEM 374,MALAGUEÑO,SANTA MARIA,CÓRDOBA,140543000,CRUCERO GENERAL BELGRANO  PRIMERO DE MAYO BARRIO PRIMERO DE MAYO
3034,I.P.E.M. Nº 375 LEONOR MARZANO,IPEM 375 LEONOR MARZANO,CORDOBA,CAPITAL,CÓRDOBA,140543400,CALLE PUBLICA S/N°  29 DE MAYO B° 29 DE MAYO (CIUDAD DE LOS CUARTETOS)
3035,I.P.E.M. Nº 376 NELSON MANDELA,IPEM 376 NELSON MANDELA,CORDOBA,CAPITAL,CÓRDOBA,140543500,CALLE PUBLICA S/N°  VICOR B° VICOR
3036,I.P.E.M. Nº 377 JUSTO IRAZABAL CURA VASCO,IPEM 377 JUSTO IRAZABAL CURA VASCO,CORDOBA,CAPITAL,CÓRDOBA,140545500,AV. VALPARAISO 7500 CIUDAD OBISPO ANGELELLI B° CIUDAD OBISPO ANGELELLI
3037,I.P.E.M. Nº 38 FRANCISCO PABLO DE MAURO,IPEM 38 FRANCISCO PABLO DE MAURO,CORDOBA,CAPITAL,CÓRDOBA,140155400,PAUNERO 699 ROGELIO MARTINEZ B° ROGELIO MARTINEZ
2793,I.P.E.M. N° 380,IPEM 380,BOUWER,SANTA MARIA,CÓRDOBA,140549700,AVENIDA LIBERTADOR SAN MARTIN S/N°   BOWER
2794,I.P.E.M. N° 381,IPEM 381,BAÑADO DE SOTO,CRUZ DEL EJE,CÓRDOBA,140548700,PUBLICA   BAÑADO DE SOTO
2795,I.P.E.M. N° 381 ANEXO EL CHACHO,IPEM 381 ANEXO EL CHACHO,EL CHACHO,MINAS,CÓRDOBA,140548701,PUBLICA
2796,I.P.E.M. N° 384,IPEM 384,EL MIRADOR,SAN ALBERTO,CÓRDOBA,140551800,RUTA 15   EL MIRADOR
2797,I.P.E.M. N° 384 ANEXO LAS PALMAS,IPEM 384 ANEXO LAS PALMAS,LAS PALMAS,POCHO,CÓRDOBA,140551801,PUBLICA   LAS PALMAS - POCHO
2798,I.P.E.M. N° 384 ANEXO TALA CAÑADA,IPEM 384 ANEXO TALA CAÑADA,TALA CAÑADA,POCHO,CÓRDOBA,140551802,RUTA PROVINCIAL N°28   TALA CAÑADA - POCHO
2799,I.P.E.M. N° 384 ANEXO VILLA DE POCHO,IPEM 384 ANEXO VILLA DE POCHO,VILLA DE POCHO,POCHO,CÓRDOBA,140551803,CALLE PUBLICA   VILLA DE POCHO - POCHO
2837,I.P.E.M. N°385 VALLE DE LOS REARTES,IPEM 385 VALLE DE LOS REARTES,LOS REARTES,CALAMUCHITA,CÓRDOBA,140554600,BELGRANO  CENTRO LOS REARTES
2838,I.P.E.M. N°385 VALLE DE LOS REARTES ANEXO VILLA CIUDAD PARQUE,IPEM 385 VALLE DE LOS REARTES ANEXO VILLA CIUDAD PARQUE,VILLA CIUDAD PARQUE DE LOS REARTES(3° SECCION),CALAMUCHITA,CÓRDOBA,140554601,AV LOS REARTES 371 CENTRO VILLA CIUDAD PARQUE
2800,I.P.E.M. N° 387 SOTERO EUGENIO BARTOLOME,IPEM 387 SOTERO EUGENIO BARTOLOME,AGUA DE ORO,COLON,CÓRDOBA,140322900,AV. BELGRANO 809 CENTRO AGUA DE ORO
2801,I.P.E.M. N° 388,IPEM 388,SAN ROQUE,PUNILLA,CÓRDOBA,140554500,CEFERINO NAMUNCURA  CENTRO SAN ROQUE
3038,I.P.E.M. Nº 39 DON BOSCO,IPEM 39 DON BOSCO,CORDOBA,CAPITAL,CÓRDOBA,140408500,JOSE VESPIGNANI 251 DON BOSCO B°DON BOSCO
2802,I.P.E.M. N° 390 CERRO CHAMPAQUI,IPEM 390 CERRO CHAMPAQUI,VILLA YACANTO,CALAMUCHITA,CÓRDOBA,140555800,TUCUMAN S/N  LA HUERTILLA VILLA YACANTO
2803,I.P.E.M. N° 391,IPEM 391,LOS CHAÑARITOS,RIO SEGUNDO,CÓRDOBA,140555900,CARLOS PLAZENZOTTI S/N   LOS CHAÑARITOS
2804,I.P.E.M. N° 393,IPEM 393,SANTA MARIA DE PUNILLA (ESTACION SANTA MARIA),PUNILLA,CÓRDOBA,140555700,SANTA ANA  SANTA ANA SANTA MARIA DE PUNILLA
2805,I.P.E.M. N° 394 JUANA MANSO,IPEM 394 JUANA MANSO,RIO TERCERO,TERCERO ARRIBA,CÓRDOBA,140556000,DIEGO DE ROJAS 761 LAS VIOLETAS RIO TERCERO
2806,I.P.E.M. N° 395,IPEM 395,CORDOBA,CAPITAL,CÓRDOBA,140556100,MIGUEL RODRIGUEZ DE LA TORRE 1383 SUAREZ B° SUAREZ
2807,I.P.E.M. N° 396,IPEM 396,MI GRANJA,COLON,CÓRDOBA,140558800,JESUS IGLESIAS S/N   MI GRANJA
2839,I.P.E.M. N°399,IPEM 399,POZO DEL MOLLE,RIO SEGUNDO,CÓRDOBA,140558900,AVELLANEDA 10
3039,I.P.E.M. Nº 40 DEODORO ROCA,IPEM 40 DEODORO ROCA,CORDOBA,CAPITAL,CÓRDOBA,140046800,PEDRO LUIS DE CABRERA 3070 JARDIN B°JARDIN
2808,I.P.E.M. N° 400,IPEM 400,CORDOBA,CAPITAL,CÓRDOBA,140559000,CORRIENTES  5583 1º DE MAYO B° 1º DE MAYO
2809,I.P.E.M. N° 401,IPEM 401,LA PALESTINA,GENERAL SAN MARTIN,CÓRDOBA,140559100,BOULEVAR FELIPE LORENZATTI 715  LA PALESTINA
2810,I.P.E.M. N° 405 MERCEDES SOSA,IPEM 405 MERCEDES SOSA,VILLA DEL PRADO,SANTA MARIA,CÓRDOBA,140561300,JOSE GASTON   VILLA DEL PRADO
2811,I.P.E.M. N° 406,IPEM 406,VILLA PARQUE SIQUIMAN,PUNILLA,CÓRDOBA,140564200,AVENIDA SAN MARTIN   VILLA PARQUE SIQUIMAN
2812,I.P.E.M. N° 407,IPEM 407,SAN LORENZO,SAN ALBERTO,CÓRDOBA,140564300,AV. CURA BROCHERO S/N°   SAN LORENZO (UBICADA ENTRE LA COMUNA Y EL DISPENSARIO)
2813,I.P.E.M. N° 407 ANEXO CIENAGA DE ALLENDE,IPEM 407 ANEXO CIENAGA DE ALLENDE,CIENAGA DE ALLENDE,SAN ALBERTO,CÓRDOBA,140564301,CALLE PUBLICA S/N°   CIENAGA DE ALLENDE
3040,I.P.E.M. Nº 408,IPEM 408,MALAGUEÑO,SANTA MARIA,CÓRDOBA,140564400,JOAQUIN CASTELLANO  VILLA SAN NICOLÁS MALAGUEÑO
3041,I.P.E.M. Nº 41 JORGE LUIS BORGES,IPEM 41 JORGE LUIS BORGES,CORDOBA,CAPITAL,CÓRDOBA,140345500,ALTO ALEGRE 1071 PARQUE REPUBLICA B°PARQUE REPUBLICA
2814,I.P.E.M. N° 410,IPEM 410,VILLA ALLENDE,COLON,CÓRDOBA,140565000,NUEVA ZELANDA 999 LAS POLINESIAS B° LAS POLINESIAS - VILLA ALLENDE
3042,I.P.E.M. Nº 414 GOBERNADOR JOSE MANUEL DE LA SOTA,IPEM 414 GOBERNADOR JOSE MANUEL DE LA SOTA,ARROYO ALGODON,GENERAL SAN MARTIN,CÓRDOBA,140565600,BOMBERO INOCENCIO GARCIA 125  ARROYO ALGODON
2815,I.P.E.M. N° 417,IPEM 417,CHAJAN,RIO CUARTO,CÓRDOBA,140572000,BOULEVAR CORDOBA  326  CHAJAN
2816,I.P.E.M. N° 419,IPEM 419,VILLA LOS AROMOS,SANTA MARIA,CÓRDOBA,140573000,LOS CRESPONES 308  VILLA LOS AROMOS
3043,I.P.E.M. Nº 42 PROF. MARCELA BEATRIZ MOYANO COUDERT,IPEM 42 PROFESORA MARCELA BEATRIZ MOYANO COUDERT,CORDOBA,CAPITAL,CÓRDOBA,140344500,AV. DUARTE QUIROS 3947 LAS PALMAS B° LAS PALMAS
2817,I.P.E.M. N° 421,IPEM 421,TOSQUITAS,RIO CUARTO,CÓRDOBA,140572800,AVELLANEDA 181  TOSQUITA
2818,I.P.E.M. N° 421 ANEXO COLONIA LA ARGENTINA,IPEM 421 ANEXO COLONIA LA ARGENTINA,COLONIA LA ARGENTINA,RIO CUARTO,CÓRDOBA,140572801,CALLE PUBLICA S/N°   COLONIA LA ARGENTINA P/RIO IV°(cruce de las Rutas 7 y 35)
2819,I.P.E.M. N° 421 ANEXO LA CAUTIVA,IPEM 421 ANEXO LA CAUTIVA,LA CAUTIVA,RIO CUARTO,CÓRDOBA,140572803,SAN MARTIN S/N   LA CAUTIVA
2820,I.P.E.M. N° 421 ANEXO WASHINGTON,IPEM 421 ANEXO WASHINGTON,WASHINGTON,RIO CUARTO,CÓRDOBA,140572802,CALLE PUBLICA 3  WASHINGTON
2821,I.P.E.M. N° 423,IPEM 423,QUEBRACHO HERRADO,SAN JUSTO,CÓRDOBA,140572900,SARMIENTO 157  QUEBRACHO HERRADO
2822,I.P.E.M. N° 425,IPEM 425,COLONIA SAN PEDRO,SAN JUSTO,CÓRDOBA,140573600,9 DE JULIO S/N°   COLONIA SAN PEDRO
2823,I.P.E.M. N° 425 ANEXO COLONIA 10 DE JULIO,IPEM 425 ANEXO COLONIA 10 DE JULIO,COLONIA 10 DE JULIO,SAN JUSTO,CÓRDOBA,140573601,CALLE PUBLICA S/N   COLONIA 10 DE JULIO P/MORTEROS
2824,I.P.E.M. N° 425 ANEXO COLONIA BEIRO ESTE,IPEM 425 ANEXO COLONIA BEIRO ESTE,COLONIA BEIRO ESTE,SAN JUSTO,CÓRDOBA,140573602,CALLE PUBLICA S/N   COLONIA BEIRO ESTE
2825,I.P.E.M. N° 425 ANEXO COLONIA MAUNIER CENTRO,IPEM 425 ANEXO COLONIA MAUNIER CENTRO,COLONIA MAUNIER CENTRO,SAN JUSTO,CÓRDOBA,140573603,CALLE PUBLICA S/N°   COLONIA MAUNIER
2826,I.P.E.M. N° 425 ANEXO COLONIA MILESSI,IPEM 425 ANEXO COLONIA MILESSI,COLONIA MILESSI,SAN JUSTO,CÓRDOBA,140573604,CALLE PUBLICA S/N°   COLONIA MILESSI
2827,I.P.E.M. N° 427,IPEM 427,SAN VICENTE,SAN ALBERTO,CÓRDOBA,140573700,MONSEÑOR FARINA S/N°  CENTRO SAN VICENTE
2828,I.P.E.M. N° 427 ANEXO LA CORTADERA,IPEM 427 ANEXO LA CORTADERA,LA CORTADERA,SAN ALBERTO,CÓRDOBA,140573701,CALLE PUBLICA S/N   LA CORTADERA (AL LADO DEL DISPENSARIO MUNICIPAL)
3044,I.P.E.M. Nº 43 PTE. HIPOLITO YRIGOYEN,IPEM 43 PRESIDENTE HIPOLITO YRIGOYEN,CORDOBA,CAPITAL,CÓRDOBA,140411100,BRANDSEN 47 SAN MARTIN B° SAN MARTIN(ENTRE M.GARCIA Y C.BARROS)
2829,I.P.E.M. N° 431,IPEM 431,UNQUILLO,COLON,CÓRDOBA,140574200,EL CAÑADON S/N°  VILLA CABANA UNQUILLO
3045,I.P.E.M. Nº 432,IPEM 432,CAPILLA DE SITON,TOTORAL,CÓRDOBA,140575700,8 DE DICIEMBRE S/N°   CAPILLA DE SITON
3046,I.P.E.M. Nº 432 ANEXO CHALACEA,IPEM 432 ANEXO CHALACEA,CHALACEA,RIO PRIMERO,CÓRDOBA,140575701,PRESIDENTE PERON S/N°   CHALACEA
3047,I.P.E.M. Nº 432 ANEXO LA POSTA,IPEM 432 ANEXO LA POSTA,LA POSTA,RIO PRIMERO,CÓRDOBA,140575703,JUAQUIN VICTOR GONZALEZ S/N°   LA POSTA 
3048,I.P.E.M. Nº 432 ANEXO LOS MISTOLES,IPEM 432 ANEXO LOS MISTOLES,LOS MISTOLES,TOTORAL,CÓRDOBA,140575702,CALLE PUBLICA S/N    LOS MISTOLES
3049,I.P.E.M. Nº 433,IPEM 433,MALAGUEÑO,SANTA MARIA,CÓRDOBA,140576000,M. N. DE FERREYRA S/N°  CENTRO MALAGUEÑO (FRENTE A BANCOR)
3050,I.P.E.M. Nº 434,IPEM 434,CHUÑA,ISCHILIN,CÓRDOBA,140581000,CALLE PUBLICA S/N°   CHUÑA
3051,I.P.E.M. Nº 434 ANEXO COPACABANA,IPEM 434 ANEXO COPACABANA,COPACABANA,ISCHILIN,CÓRDOBA,140581001,CALLE PUBLICA S/N°   COPACABANA
3052,I.P.E.M. Nº 434 ANEXO ISCHILIN VIEJO,IPEM 434 ANEXO ISCHILIN VIEJO,ISCHILIN VIEJO,ISCHILIN,CÓRDOBA,140581002,CALLE PUBLICA S/N   ISCHILIN VIEJO
2830,I.P.E.M. N° 435,IPEM 435,LA CAROLINA,RIO CUARTO,CÓRDOBA,140581100,CONSTITUCION S/N°   LA  CAROLINA
3053,I.P.E.M. Nº 436,IPEM 436,PILAR,RIO SEGUNDO,CÓRDOBA,140581700,9 DE JULIO  1344  PILAR
3054,I.P.E.M. Nº 437,IPEM 437,LUYABA,SAN JAVIER,CÓRDOBA,140582700,CALLE PUBLICA S/N   LUYABA P/RUTA PROV. Nº14
2831,I.P.E.M. N° 438,IPEM 438,VILLA CIUDAD PARQUE DE LOS REARTES(3° SECCION),CALAMUCHITA,CÓRDOBA,140582800,AV. LOS REARTES 371 CENTRO VILLA CIUDAD PARQUE
3055,I.P.E.M. Nº 439,IPEM 439,AMBOY,CALAMUCHITA,CÓRDOBA,140582900,CALLE PUBLICA S/N   AMBOY
3056,I.P.E.M. Nº 45 DR. ERNESTO MOLINARI ROMERO,IPEM 45 DOCTOR ERNESTO MOLINARI ROMERO,SAN MARCOS SIERRA,CRUZ DEL EJE,CÓRDOBA,140255700,REINA MORA    ENTRE LOS ALGARROBOS Y LOS CHAÑARES
2832,I.P.E.M. N° 45 DR. ERNESTO MOLINARI ROMERO ANEXO CRUZ DE CAÑA,IPEM 45 DOCTOR ERNESTO MOLINARI ROMERO ANEXO CRUZ DE CAÑA,CRUZ DE CAÑA,CRUZ DEL EJE,CÓRDOBA,140255703,CALLE PUBLICA   CRUZ DE CAÑA
2833,I.P.E.M. N° 45 DR. ERNESTO MOLINARI ROMERO ANEXO PIEDRITA BLANCA,IPEM 45 DOCTOR ERNESTO MOLINARI ROMERO ANEXO PIEDRITA BLANCA,PIEDRITA BLANCA,MINAS,CÓRDOBA,140255701,CALLE PUBLICA   PIEDRITA BLANCA
3057,I.P.E.M. Nº 5 EVA PERON,IPEM 5 EVA PERON,CORDOBA,CAPITAL,CÓRDOBA,140455200,GERMANIA 2665 YAPEYU
3058,I.P.E.M. Nº 6 JUAN FILLOY,IPEM 6 JUAN FILLOY,CORDOBA,CAPITAL,CÓRDOBA,140289800,GRAL.JUAN JOSE VIAMONTE 1005 GENERAL PAZ B° GENERAL PAZ (HOSP.TRANSITO CACERES DE ALLENDE)
3059,I.P.E.M. Nº 7 PROF.CARLOS SEGRETI,IPEM 7 PROFESOR CARLOS SEGRETI,CORDOBA,CAPITAL,CÓRDOBA,140448100,JULIAN PAZ  1851 VILLA CABRERA B° VILLA CABRERA
3060,I.P.E.M. Nº 72 JUVENTUD UNIDA,IPEM 72 JUVENTUD UNIDA,OLIVA,TERCERO ARRIBA,CÓRDOBA,140366200,BELGRANO Y PUEYRREDON S/N°  CENTRO OLIVA
3061,I.P.E.M. Nº 8 MANUEL REYES REYNA,IPEM 8 MANUEL REYES REYNA,CORDOBA,CAPITAL,CÓRDOBA,140446600,MANUEL CARDEÑOSA 2915 LA FRANCE
2834,I.P.E.M. N° 82 ANEXO DE MONTE RALO,IPEM 82 ANEXO DE MONTE RALO,MONTE RALO,SANTA MARIA,CÓRDOBA,140244201,ITALIA S/N°   MONTE RALO
3062,I.P.E.M. Nº 82 SANTIAGO PENNA,IPEM 82 SANTIAGO PENNA,DESPEÑADEROS,SANTA MARIA,CÓRDOBA,140244200,TUCUMAN 37 SANTA ANA DESPEÑADEROS
2835,I.P.E.M. N° 82 SANTIAGO PENNA ANEXO DE TRES POZOS SUD,IPEM 82 SANTIAGO PENNA ANEXO DE TRES POZOS SUD,TRES POZOS SUD,SANTA MARIA,CÓRDOBA,140244203,CALLE PUBLICA S/N°   TRES POZOS SUD POR PILAR AL SUR DE TRES POZOS NORTE
3063,I.P.E.M. Nº 86 GABRIELA MISTRAL,IPEM 86 GABRIELA MISTRAL,CORDOBA,CAPITAL,CÓRDOBA,140242800,AV. HUMBERTO PRIMO 145 CENTRO B° CENTRO
3064,I.P.E.M. Nº 88 MERCEDES SAN MARTIN DE BALCARCE,IPEM 88 MERCEDES SAN MARTIN DE BALCARCE,CAPILLA DEL MONTE,PUNILLA,CÓRDOBA,140263500,FERNANDO FADER S/N  LA ATALAYA CAPILLA DEL MONTE
3065,I.P.E.M. Nº 9 DR. ERNESTO CHE GUEVARA,IPEM 9 DOCTOR ERNESTO CHE GUEVARA,CORDOBA,CAPITAL,CÓRDOBA,140451100,ALTO DE TALA  5721 SANTA ISABEL 2DA. SECCION B° SANTA ISABEL 2DA. SECCION
3066,I.P.E.M. No 90 JUANA MANUELA GORRITI,IPEM 90 JUANA MANUELA GORRITI,LABOULAYE,PRESIDENTE ROQUE SAENZ PEÑA,CÓRDOBA,140426500,VIEYTES 52 BELGRANO LABOULAYE
3067,I.P.E.M. No 90 JUANA MANUELA GORRITI ANEXO RIO BAMBA,IPEM 90 JUANA MANUELA GORRITI ANEXO RIO BAMBA,RIO BAMBA,PRESIDENTE ROQUE SAENZ PEÑA,CÓRDOBA,140426502,JOSEFA GORLERO   RIO BAMBA
3068,I.P.E.M. Nº 91 RITA ARGUELLO,IPEM 91 RITA ARGUELLO,CORONEL BAIGORRIA,RIO CUARTO,CÓRDOBA,140387200,BARTOLOME MITRE 418  CORONEL BAIGORRIA
3069,I.P.E.M. Nº 91 RITA ARGUELLO ANEXO LAS PEÑAS,IPEM 91 RITA ARGUELLO ANEXO LAS PEÑAS,LAS PEÑAS,RIO CUARTO,CÓRDOBA,140387201,AVENIDA 22 DE OCTUBRE   LAS PEÑAS
3070,I.P.E.M. Nº 92 ANTONIO BERNI,IPEM 92 ANTONIO BERNI,CORDOBA,CAPITAL,CÓRDOBA,140504500,AV. RICARDO ROJAS 8176 QUISQIZACATE B°QUISQIZACATE
3071,I.P.E.M. Nº 93 REPUBLICA DEL PERU,IPEM 93 REPUBLICA DEL PERU,MARCOS JUAREZ,MARCOS JUAREZ,CÓRDOBA,140269800,VELEZ SARSFIELD 1330  MARCOS JUAREZ
3072,I.P.E.M. Nº 94 DOLORES LAVALLE DE LAVALLE,IPEM 94 DOLORES LAVALLE DE LAVALLE,CORONEL MOLDES,RIO CUARTO,CÓRDOBA,140187600,25 DE MAYO 111 ALBERDI CORONEL MOLDES
3073,I.P.E.M. Nº 95 MARIQUITA SANCHEZ DE THOMPSON,IPEM 95 MARIQUITA SANCHEZ DE THOMPSON,RIO CUARTO,RIO CUARTO,CÓRDOBA,140299700,MANCO CAPAC 50 BANDA NORTE RIO CUARTO
2836,I.P.E.M. N° 96 PROF. P. BAILON SOSA  ANEXO PLAZA LUXARDO,IPEM 96 PROFESOR P BAILON SOSA ANEXO PLAZA LUXARDO,PLAZA LUXARDO,SAN JUSTO,CÓRDOBA,140303701,GABRIEL LUXARDO   PLAZA LUXARDO SAN JUSTO
3074,I.P.E.M. Nº 96 PROF. PASCUAL BAILON SOSA,IPEM 96 PROFESOR PASCUAL BAILON SOSA,SAN FRANCISCO,SAN JUSTO,CÓRDOBA,140303700,AV. TRIGUEROS 151 INDEPENDENCIA SAN FRANCISCO
3075,I.P.E.M. Nº 97 INDEPENDENCIA,IPEM 97 INDEPENDENCIA,ALTA GRACIA,SANTA MARIA,CÓRDOBA,140245200,3 DE FEBRERO  SUR ALTA GRACIA
3080,I.P.E.M.N° 192 DR. J. R. IBAÑEZ ANEXO DEL EL QUEBRACHAL,IPEMN 192 DOCTOR J R IBAÑEZ ANEXO DEL EL QUEBRACHAL,EL QUEBRACHAL,COLON,CÓRDOBA,140306901,AVENIDA ARTURO CAPDEVILA KM 16  EL QUEBRACHAL KM 16 P/VILLA ESQUIU
3077,I.P.E.M. y A. Nº 151.JOSE IGNACIO URBIZU,IPEMyA 151 JOSE IGNACIO URBIZU,CAMILO ALDAO,MARCOS JUAREZ,CÓRDOBA,140365500,BOULEVAR JOSE MARIA ALDAO 1160 CENTRO CAMILO ALDAO
3094,I.P.E.M.y.A. Nº 188 DR. ANTONIO PEREZ,IPEMyA 188 DOCTOR ANTONIO PEREZ,VILLA HUIDOBRO,GENERAL ROCA,CÓRDOBA,140157500,PAMPA  OESTE VILLA HUIDOBRO
3083,I.P.E.M.y T. Nº 149 ALEJANDRO CARBO,IPEMyT 149 ALEJANDRO CARBO,CORDOBA,CAPITAL,CÓRDOBA,140326800,RIO GRANDE 500 RESIDENCIAL SANTA ROSA B° RESIDENCIAL SANTA ROSA
3084,I.P.E.M.y T. Nº 173 GDOR. JUAN B. BUSTOS,IPEMyT 173 GOBERNADOR JUAN B BUSTOS,MORRISON,UNION,CÓRDOBA,140050100,MENDOZA 206 NORTE MORRISON
3085,I.P.E.M.y T. Nº 2 REPUBLICA ORIENTAL DEL URUGUAY,IPEMyT 2 REPUBLICA ORIENTAL DEL URUGUAY,CORDOBA,CAPITAL,CÓRDOBA,140446500,AGUSTIN ROQUE ARIAS  3400 AMPLIACION MATIENZO B° AMPLIACION MATIENZO (CIUDAD PARQUE LAS ROSAS)
3086,I.P.E.M.y T. Nº 203 DR. JUAN BAUTISTA DICHIARA,IPEMyT 203 DOCTOR JUAN BAUTISTA DICHIARA,RIO CUARTO,RIO CUARTO,CÓRDOBA,140299900,BOLIVAR 335 CENTRO RIO CUARTO
3087,I.P.E.M.y T. Nº 204 ING. ALBERTO EMILIO LUCCHINI,IPEMyT 204 INGENIERO ALBERTO EMILIO LUCCHINI,CORDOBA,CAPITAL,CÓRDOBA,140426400,FERDINAND DE LESSEPS 90 CENTRO AMERICA B° CENTRO AMERICA (DETRAS DEL CPC)
3088,I.P.E.M.y T. Nº 23 LINO ENEA SPILIMBERGO,IPEMyT 23 LINO ENEA SPILIMBERGO,UNQUILLO,COLON,CÓRDOBA,140455100,SPILIMBERGO 869 CENTRO UNQUILLO
3089,I.P.E.M.y T. Nº 24,IPEMyT 24,MALVINAS ARGENTINAS,COLON,CÓRDOBA,140451300,JUJUY  MALVINAS ARGENTINAS II°SECCION BARRIO MALVINAS ARGENTINAS II°SECCION
3090,I.P.E.M.y T. Nº 262 DR. BELISARIO ROLDAN,IPEMyT 262 DOCTOR BELISARIO ROLDAN,BRINCKMANN,SAN JUSTO,CÓRDOBA,140340200,DR.PITT FUNES 547 BERTOSSI BRINKMANN
3078,I.P.E.M. y T. Nº 280. AGUSTIN TOSCO,IPEMyT 280 AGUSTIN TOSCO,CORONEL MOLDES,RIO CUARTO,CÓRDOBA,140187700,GENERAL PAZ 550 JARDIN CORONEL MOLDES
3091,I.P.E.M.y T. Nº 286 DOMINGO FAUSTINO SARMIENTO,IPEMyT 286 DOMINGO FAUSTINO SARMIENTO,MORTEROS,SAN JUSTO,CÓRDOBA,140110600,DORREGO 859 URQUIZA MORTEROS
3092,I.P.E.M.y T. Nº 297 DR. RENE FAVALORO,IPEMyT 297 DOCTOR RENE FAVALORO,CORDOBA,CAPITAL,CÓRDOBA,140472600,3 DE JUNIO 2343 PATRICIOS B° PATRICIOS (entre C.VIDAL e I.VEDIA)
3093,I.P.E.M.y T. Nº 30 EDUARDO SIMON NEMIROVSKY,IPEMyT 30 EDUARDO SIMON NEMIROVSKY,MONTECRISTO,RIO PRIMERO,CÓRDOBA,140456600,AVDA. 4 DE FEBRERO 625 VILLA INES MONTE CRISTO
3081,I.P.E.M.y T. N° 310 PUERTO ARGENTINO,IPEMyT 310 PUERTO ARGENTINO,CORDOBA,CAPITAL,CÓRDOBA,140475900,SARGENTO RIOS  INAUDI
3079,I.P.E.M. y T. Nº 319 ROBERTO FONTANARROSA,IPEMyT 319 ROBERTO FONTANARROSA,CORDOBA,CAPITAL,CÓRDOBA,140476200,RAMON VILLAFAÑE 2900 CERVECEROS B° CERVECEROS (AL LADO DE CENTRO VECINAL)
3082,I.P.E.M.y T. N° 357 JOSE CAMPELLONE,IPEMyT 357 JOSE CAMPELLONE,CORDOBA,CAPITAL,CÓRDOBA,140535600,"HUGO JUAREZ 1800 SMATA MANZANA T, LOTE 17"
3124,I.P.E.T. Nº 100 MARIA BENITA ARIAS,IPET 100 MARIA BENITA ARIAS,LA CARLOTA,JUAREZ CELMAN,CÓRDOBA,140331400,GENERAL PAZ 320 CENTRO LA CARLOTA
3125,I.P.E.T. Nº 104 ARTURO CAPDEVILA,IPET 104 ARTURO CAPDEVILA,CRUZ DEL EJE,CRUZ DEL EJE,CÓRDOBA,140252000,GUSTAVO LUNA ASIS  FATIMA CRUZ DEL EJE
3126,I.P.E.T. Nº 106 REMEDIOS ESCALADA DE SAN MARTIN,IPET 106 REMEDIOS ESCALADA DE SAN MARTIN,SERREZUELA,CRUZ DEL EJE,CÓRDOBA,140106800,MALVINAS ARGENTINAS  MARIA AUXILIADORA SERREZUELA
3127,I.P.E.T. Nº 110 MANUEL HIDALGO,IPET 110 MANUEL HIDALGO,CANTERAS QUILPO,CRUZ DEL EJE,CÓRDOBA,140255800,CALLE PUBLICA   CANTERAS QUILPO
3128,I.P.E.T. Nº 111 RAMIRO SUAREZ,IPET 111 RAMIRO SUAREZ,LA PLAYOSA,GENERAL SAN MARTIN,CÓRDOBA,140299100,DR ALBERTO BARBERIS 165  LA PLAYOSA
3129,I.P.E.T. Nº 118 JUANA AZURDUY,IPET 118 JUANA AZURDUY,ANIZACATE,SANTA MARIA,CÓRDOBA,140323600,SALOMON PALACIOS S/N   ANISACATE
3130,I.P.E.T. Nº 125 LIDIA PURA BENITEZ,IPET 125 LIDIA PURA BENITEZ,VILLA TULUMBA,TULUMBA,CÓRDOBA,140403900,9 de Julio   Ruta Provincial 16
3131,I.P.E.T. Nº 129 HEROES DE MALVINAS,IPET 129 HEROES DE MALVINAS,CORDOBA,CAPITAL,CÓRDOBA,140136900,SILVIO PETTIROSSI  1050 VILLA MARTINEZ B° VILLA MARTINEZ (edificio escolar dentro del predio de Aguas Cordobesas)
3132,I.P.E.T. Nº 132 PARAVACHASCA,IPET 132 PARAVACHASCA,ALTA GRACIA,SANTA MARIA,CÓRDOBA,140230500,GOBERNADOR ARTURO ZANICHELLI 335 AMADEO SABATTINI ALTA GRACIA
3133,I.P.E.T. Nº 139 GRAL. MANUEL BELGRANO,IPET 139 GENERAL MANUEL BELGRANO,BALLESTEROS,UNION,CÓRDOBA,140354000,ANSELMO G. VAZQUEZ 522 CENTRO BALLESTEROS
3134,I.P.E.T. Nº 143 GRAL. JOSE MARIA PAZ,IPET 143 GENERAL JOSE MARIA PAZ,OLIVA,TERCERO ARRIBA,CÓRDOBA,140366800,ALMIRANTE BROWN  MEDALLA MILAGROSA OLIVA
3135,I.P.E.T. Nº 17 PAULO FREIRE,IPET 17 PAULO FREIRE,CORDOBA,CAPITAL,CÓRDOBA,140250500,RINCON DE LUNA 8900 VILLA RIVERA INDARTE B° VILLA RIVERA INDARTE
3136,I.P.E.T. Nº 170 PADRE JOSE G. BROCHERO,IPET 170 PADRE JOSE G BROCHERO,SALSACATE,POCHO,CÓRDOBA,140033600,AV. CURA BROCHERO 1138 RESIDENCIAL SUR RUTA PROVINCIAL 15 KM 62
3137,I.P.E.T. Nº 200 ING. JOSE PALACIOS,IPET 200 INGENIERO JOSE PALACIOS,HUERTA GRANDE,PUNILLA,CÓRDOBA,140284800,ARRABARRENA ESQ. PROV. UNIDAS  CENTRO HUERTA GRANDE
3138,I.P.E.T. Nº 22 JUAN FILLOY,IPET 22 JUAN FILLOY,CORDOBA,CAPITAL,CÓRDOBA,140455400,DE LA CUECA  GUIÑAZU
3139,I.P.E.T. Nº 232 PROF. ENRIQUE ALBERTO FLORES,IPET 232 PROFESOR ENRIQUE ALBERTO FLORES,CIENAGA DEL CORO,MINAS,CÓRDOBA,140346300,CAP. JUAN BAZAN DE PEDRAZA   CIENAGA DEL CORO
3096,I.P.E.T. N° 232 PROF. ENRIQUE ALBERTO FLORES ANEXO GUASAPAMPA,IPET 232 PROFESOR ENRIQUE ALBERTO FLORES ANEXO GUASAPAMPA,GUASAPAMPA,MINAS,CÓRDOBA,140346301,CALLE PUBLICA   GUASAPAMPA
3097,I.P.E.T. N° 232 PROF. ENRIQUE ALBERTO FLORES ANEXO LA PLAYA,IPET 232 PROFESOR ENRIQUE ALBERTO FLORES ANEXO LA PLAYA,LA PLAYA,MINAS,CÓRDOBA,140346302,CALLE PUBLICA   LA PLAYA
3095,I.P.E.T. N° 232 PROF. ENRIQUE ALBERTO FLORES  ANEXO TOSNO,IPET 232 PROFESOR ENRIQUE ALBERTO FLORES ANEXO TOSNO,TOSNO,MINAS,CÓRDOBA,140346303,CALLE PUBLICA   TOSNO
3140,I.P.E.T. Nº 247 ING. CARLOS CASSAFFOUSTH,IPET 247 INGENIERO CARLOS CASSAFFOUSTH,CORDOBA,CAPITAL,CÓRDOBA,140280300,DEAN FUNES 1511 ALBERDI B° ALBERDI
3141,I.P.E.T. Nº 248 LEOPOLDO LUGONES,IPET 248 LEOPOLDO LUGONES,CORDOBA,CAPITAL,CÓRDOBA,140312200,ITUZAINGO 483 NUEVA CORDOBA B° NUEVA CORDOBA - FRENTE A LA UNIVERSIDAD SIGLO XXI
3142,I.P.E.T. Nº 249 NICOLAS COPERNICO,IPET 249 NICOLAS COPERNICO,CORDOBA,CAPITAL,CÓRDOBA,140331700,MARIANO MORENO 551 OBSERVATORIO OBSERVATORIO ASTRONOMICO CORDOBA
3143,I.P.E.T. Nº 250 DR. JUAN BIALET MASSE,IPET 250 DOCTOR JUAN BIALET MASSE,CORDOBA,CAPITAL,CÓRDOBA,140402000,AV. ARMADA ARGENTINA 287 LAS FLORES B° LAS FLORES
3144,I.P.E.T. Nº 251 GUARNICION AEREA CORDOBA,IPET 251 GUARNICION AEREA CORDOBA,CORDOBA,CAPITAL,CÓRDOBA,140401900,AV. FUERZA AEREA KM 6 1/2  AERONAUTICO B° AERONAUTICO
3145,I.P.E.T. Nº 253 PTE. JUAN DOMINGO PERON,IPET 253 PRESIDENTE JUAN DOMINGO PERON,CRUZ DEL EJE,CRUZ DEL EJE,CÓRDOBA,140319800,LEANDRO N. ALEM S/N°  ESCUELA NORMAL CRUZ DEL EJE
3146,I.P.E.T. Nº 254 TRISTAN DE TEJEDA,IPET 254 TRISTAN DE TEJEDA,VILLA DE SOTO,CRUZ DEL EJE,CÓRDOBA,140250600,JUAN BAUTISTA ALBERDI 2200 ALVEAR VILLA DE SOTO
3147,I.P.E.T. Nº 255,IPET 255,LA CARLOTA,JUAREZ CELMAN,CÓRDOBA,140126200,MARIA ACOSTA 751 CENTRO LA CARLOTA
3098,I.P.E.T. N° 255 ANEXO DE BENJAMIN GOULD,IPET 255 ANEXO DE BENJAMIN GOULD,BENJAMIN GOULD,UNION,CÓRDOBA,140126201,AV. SAN MARTIN 431 CENTRO BENJAMIN GOULD
3099,I.P.E.T. N° 258 MAYOR ING. FRANCISCO DE ARTEAGA,IPET 258 MAYOR INGENIERO FRANCISCO DE ARTEAGA,LAS HIGUERAS,RIO CUARTO,CÓRDOBA,140154300,RUTA 158 KM 280   AREA MATERIAL RIO IV DE LAS HIGUERAS
3148,I.P.E.T. Nº 259 AMBROSIO OLMOS,IPET 259 AMBROSIO OLMOS,RIO CUARTO,RIO CUARTO,CÓRDOBA,140400300,BAIGORRIA 527 SANTA ROSA RIO CUARTO
3149,I.P.E.T. Nº 26 JUAN FILLOY,IPET 26 JUAN FILLOY,RIO CUARTO,RIO CUARTO,CÓRDOBA,140447400,BELISARIO ROLDAN 535 ALBERDI RIO CUARTO
3150,I.P.E.T. Nº 260 INDUSTRIAL ERNESTO ARNALDO MARTINEZ,IPET 260 INDUSTRIAL ERNESTO ARNALDO MARTINEZ,VILLA DOLORES,SAN JAVIER,CÓRDOBA,140302400,JOSE MARIA PAZ 851 FATIMA VILLA DOLORES
3151,I.P.E.T. Nº 263. DR. BERNARDO HOUSSAY,IPET 263 DOCTOR BERNARDO HOUSSAY,LAS VARILLAS,SAN JUSTO,CÓRDOBA,140066800,JUAN BAUTISTA ALBERDI 466  LAS VARILLAS
3152,I.P.E.T. Nº 264 TEODORO ASTEGGIANO,IPET 264 TEODORO ASTEGGIANO,SAN FRANCISCO,SAN JUSTO,CÓRDOBA,140382900,RESISTENCIA 1080 PARQUE SAN FRANCISCO
3153,I.P.E.T. Nº 265 ESCUELA DE MINERIA DE JOSE DE LA QUINTANA SENADOR LUIS CARNEVALE,IPET 265 ESCUELA DE MINERIA DE JOSE DE LA QUINTANA SENADOR LUIS CARNEVALE,JOSE DE LA QUINTANA,SANTA MARIA,CÓRDOBA,140323700,R. J. CARCANO   JOSE DE LA QUINTANA
3154,I.P.E.T. Nº 266 GRAL. SAVIO,IPET 266 GENERAL SAVIO,RIO TERCERO,TERCERO ARRIBA,CÓRDOBA,140329800,TUCUMAN S/N°  EL LIBERTADOR RIO TERCERO
3155,I.P.E.T. Nº 267 ANTONIO GRAZIANO,IPET 267 ANTONIO GRAZIANO,BELL VILLE,UNION,CÓRDOBA,140302600,ORTIZ HERRERA 255 ESTACION BELL VILLE
3156,I.P.E.T. Nº 300 PLAZA MINETTI,IPET 300 PLAZA MINETTI,LUQUE,RIO SEGUNDO,CÓRDOBA,140470100,SAN JUAN 778  LUQUE
3157,I.P.E.T. Nº 308,IPET 308,LUCIO V. MANSILLA,TULUMBA,CÓRDOBA,140468200,Pbro.Paulino D.de Jesus Vaca Vallejo 78  LUCIO V.MANSILLA
3158,I.P.E.T. Nº 312 DALMACIO VELEZ SARSFIELD,IPET 312 DALMACIO VELEZ SARSFIELD,CORDOBA,CAPITAL,CÓRDOBA,140540800,CIPRIANO PERELLO  4747 FERREYRA BARRIO FERREYRA
3159,I.P.E.T. Nº 313 Dr. PABLO MIRIZZI,IPET 313 DOCTOR PABLO MIRIZZI,CORDOBA,CAPITAL,CÓRDOBA,140478800,AV.VIÑA DEL MAR 4910 MIRIZZI entre Defensa y C.Ibarra
3100,I.P.E.T. N° 314. LIBERTADOR GENERAL DON JOSE DE SAN MARTIN,IPET 314 LIBERTADOR GENERAL DON JOSE DE SAN MARTIN,RIO CUARTO,RIO CUARTO,CÓRDOBA,140475700,GUEMES 1600 ALBERDI RIO CUARTO
3101,I.P.E.T. N° 318 COMBATE DE LA TABLADA,IPET 318 COMBATE DE LA TABLADA,CORDOBA,CAPITAL,CÓRDOBA,140476100,LA TABLADA 4861 VILLA URQUIZA entre IROS y MARICONDE
3102,I.P.E.T. N° 321. BRIGADIER JUAN MANUEL DE ROSAS,IPET 321 BRIGADIER JUAN MANUEL DE ROSAS,CORDOBA,CAPITAL,CÓRDOBA,140478300,SANTIBAÑEZ  SAN ROQUE BARRIO SAN ROQUE
3103,I.P.E.T. N° 322 MANUEL BELGRANO,IPET 322 MANUEL BELGRANO,VILLA NUEVA,GENERAL SAN MARTIN,CÓRDOBA,140476300,RIVADAVIA ESQ. LIMA  VILLA DEL PARQUE VILLA NUEVA
3160,I.P.E.T. Nº 331,IPET 331,SAN AGUSTIN,CALAMUCHITA,CÓRDOBA,140504000,URQUIZA   SAN AGUSTIN (Ex Ruta Nac 36)
3161,I.P.E.T. Nº 333 JULIO SALUSSO,IPET 333 JULIO SALUSSO,JUAREZ CELMAN,COLON,CÓRDOBA,140509000,LOS CLAVELES 196 VILLA LOS LLANOS JUAREZ CELMAN
3162,I.P.E.T. Nº 334,IPET 334,VILLA PARQUE SANTA ANA,SANTA MARIA,CÓRDOBA,140507600,AV. JOSE GABRIEL BROCHERO 781  VILLA PARQUE SANTA ANA
3163,I.P.E.T. Nº 337 JORGE ALBERTO SABATO,IPET 337 JORGE ALBERTO SABATO,CORDOBA,CAPITAL,CÓRDOBA,140508100,AV. DE LOS LOMBARDOS  BOULEVARES ANEXO INGRESAR BOULEVAR DE LOS ALEMANES ALTURA 3600 (CALLE DE LOS LOMBARDOS
3164,I.P.E.T. Nº 339,IPET 339,VILLA GIARDINO,PUNILLA,CÓRDOBA,140508300,LOS COCOS 314 CENTRO VILLA GIARDINO
3165,I.P.E.T. Nº 34 PEDRO CATTANEO,IPET 34 PEDRO CATTANEO,LAS ARRIAS,TULUMBA,CÓRDOBA,140448000,CRUZ del EJE 481
3104,I.P.E.T. N° 34 PEDRO CATTANEO  ANEXO ROSARIO DEL SALADILLO,IPET 34 PEDRO CATTANEO ANEXO ROSARIO DEL SALADILLO,VILLA ROSARIO DEL SALADILLO,TULUMBA,CÓRDOBA,140448001,JAVIER GARCIA   VILLA ROSARIO DEL SALADILLO
3166,I.P.E.T. Nº 344 PROFESOR VICTOR DOMINGUEZ,IPET 344 PROFESOR VICTOR DOMINGUEZ,VILLA CURA BROCHERO,SAN ALBERTO,CÓRDOBA,140503500,RUTA PROVINCIAL N° 15  TANQUE VILLA CURA BROCHERO P/ RUTA 15
3105,I.P.E.T. N° 351,IPET 351,CORDOBA,CAPITAL,CÓRDOBA,140525800,PUBLICA  CHINGOLO II MANZANA 31.
3106,I.P.E.T. N° 355,IPET 355,CANALS,UNION,CÓRDOBA,140533800,GUEMES 389  CANALS
3167,I.P.E.T. Nº 361 JOSE GABRIEL BROCHERO,IPET 361 JOSE GABRIEL BROCHERO,JESUS MARIA,COLON,CÓRDOBA,140537900,SIERRA DE POCHO 254 SIERRAS Y PARQUES JESUS MARIA
3168,I.P.E.T. Nº 362 JUAN ANDRES POLITANO,IPET 362 JUAN ANDRES POLITANO,RIO CUARTO,RIO CUARTO,CÓRDOBA,140538000,PROVINCIA DE LA RIOJA 1620 PROGRESO B°PROGRESO - RIO CUARTO
3169,I.P.E.T. Nº 363,IPET 363,MONTECRISTO,RIO PRIMERO,CÓRDOBA,140538100,EMILIO CARAFFA 74 CENTRO ESTACION DE SERVICIOS
3170,I.P.E.T. Nº 372,IPET 372,ARIAS,MARCOS JUAREZ,CÓRDOBA,140546200,BUENOS AIRES 1355 MATADEROS ARIAS
3107,I.P.E.T. N° 378,IPET 378,MALVINAS ARGENTINAS,COLON,CÓRDOBA,140549800,AVENIDA GAUCHO RIVERO  2° SECCION MALVINAS ARGENINAS
3171,I.P.E.T. Nº 379 ALFREDO BENOIT MOLET,IPET 379 ALFREDO BENOIT MOLET,LA CALERA,COLON,CÓRDOBA,140546100,AVELLANEDA 685 CENTRO LA CALERA
3121,I.P.E.T. N°382 MANUEL ANTONIO DIAZ MARIÑO,IPET 382 MANUEL ANTONIO DIAZ MARIÑO,VILLA CARLOS PAZ,PUNILLA,CÓRDOBA,140550100,ROMA  COLINAS II VILLA CARLOS PAZ
3108,I.P.E.T. N° 383,IPET 383,CORDOBA,CAPITAL,CÓRDOBA,140549900,LOS NOGALES 3710 MATIENZO B° MATIENZO
3109,I.P.E.T. N° 386,IPET 386,JUAREZ CELMAN,COLON,CÓRDOBA,140551600,MANZANA 42 LOTE N° 5  CIUDAD DE LOS NIÑOS ESTACION JUAREZ CELMAN
3110,I.P.E.T. N° 389,IPET 389,SAMPACHO,RIO CUARTO,CÓRDOBA,140555500,INTENDENTE D'ANDREA 86  SAMAPACHO - RIO CUARTO
3111,I.P.E.T. N° 392 OTTO KRAUSE,IPET 392 OTTO KRAUSE,SILVIO PELLICO,GENERAL SAN MARTIN,CÓRDOBA,140558400,PRESBISTERO ANTONIO CONRERO 24  SILVIO PELLICO - GENERAL SAN MARTIN
3112,I.P.E.T. N° 397,IPET 397,LAGUNA LARGA,RIO SEGUNDO,CÓRDOBA,140557100,JUAN DOMINGO PERON  ARTURO HUMBERTO ILLIA LAGUNA LARGA - RIO SEGUNDO
3122,I.P.E.T. N°398,IPET 398,RIO PRIMERO,RIO PRIMERO,CÓRDOBA,140556200,12 DE OCTUBRE 115 CENTRO
3172,I.P.E.T. Nº 402 DE LOS CEDROS,IPET 402 DE LOS CEDROS,LOS CEDROS,SANTA MARIA,CÓRDOBA,140560200,ANICETO GRANADO
3113,I.P.E.T. N° 404,IPET 404,CORDOBA,CAPITAL,CÓRDOBA,140560500,DAVID CETRA 7600 ARGUELLO LOURDES B° ARGUELLO LOURDES
3173,I.P.E.T. Nº 409,IPET 409,UCACHA,JUAREZ CELMAN,CÓRDOBA,140565300,MARIANO MORENO 375 HOSPITAL UCACHA
3174,I.P.E.T. Nº 411,IPET 411,NOETINGER,UNION,CÓRDOBA,140565500,ANDRES COSTA 650  NOETINGER
3175,I.P.E.T. Nº 412 NICOLAS AVELLANEDA,IPET 412 NICOLAS AVELLANEDA,COLONIA CAROYA,COLON,CÓRDOBA,140566000,Fortunato Rizzi 2225 REPUBLICA DE ITALIA COLONIA CAROYA
3176,I.P.E.T. Nº 413,IPET 413,SINSACATE,TOTORAL,CÓRDOBA,140565800,CAMINO A BELEN    SINSACATE
3177,I.P.E.T. Nº 415,IPET 415,JUSTINIANO POSSE,UNION,CÓRDOBA,140567400,9 DE JULIO 979 CENTRO JUSTINIANO POSSE - MANZANA HISTORICA
3178,I.P.E.T. Nº 416,IPET 416,CORDOBA,CAPITAL,CÓRDOBA,140567500,CALLE PUBLICA S/N°  CIUDAD DE MIS SUEÑOS RUTA 9 KM 690
3179,I.P.E.T. Nº 418,IPET 418,MINA CLAVERO,SAN ALBERTO,CÓRDOBA,140571600,HERNAN CORTES 1060 SAN MARCOS MINA CLAVERO
3114,I.P.E.T. N° 420,IPET 420,ISLA VERDE,MARCOS JUAREZ,CÓRDOBA,140572500,SARMIENTO 600 CENTRO ISLA VERDE
3115,I.P.E.T. N° 422,IPET 422,SANTA ROSA DE CALAMUCHITA,CALAMUCHITA,CÓRDOBA,140573300,JAIME DAVALOS  LAS FLORES SANTA ROSA DE CALAMUCHITA
3116,I.P.E.T. N° 424,IPET 424,VILLA DOLORES,SAN JAVIER,CÓRDOBA,140573400,20 DE JUNIO 201 PORVENIR VILLA DOLORES
3117,I.P.E.T. N° 426,IPET 426,LA CUMBRE,PUNILLA,CÓRDOBA,140573800,RIO NEGRO  ARGENTINO LA CUMBRE
3118,I.P.E.T. N° 428 EGIDIO FERRERO,IPET 428 EGIDIO FERRERO,SEEBER,SAN JUSTO,CÓRDOBA,140573500,9 DE JULIO 230  SEEBER
3119,I.P.E.T. N° 430 INSTITUTO TECNICO INDUSTRIAL ZONA NORTE,IPET 430 INSTITUTO TECNICO INDUSTRIAL ZONA NORTE,CORDOBA,CAPITAL,CÓRDOBA,140514100,BV. DE LOS ITALIANOS 6150 LOS BOULEVARES B°LOS BOULEVARES
3180,I.P.E.T. Nº 44 MINISTRO MACARIO CARRIZO,IPET 44 MINISTRO MACARIO CARRIZO,MIRAMAR,SAN JUSTO,CÓRDOBA,140206500,PATRICIAS ARGENTINAS 158  MIRAMAR
3120,I.P.E.T. N° 47 NORBERTO JOSE QUADRI,IPET 47 NORBERTO JOSE QUADRI,CORRAL DE BUSTOS,MARCOS JUAREZ,CÓRDOBA,140462600,CORDOBA 1450  CORRAL DE BUSTOS
3123,I.P.E.T. N°48 PRESIDENTE ROCA,IPET 48 PRESIDENTE ROCA,CORDOBA,CAPITAL,CÓRDOBA,140334800,AVENIDA GOBERNADOR ROCA   PARQUE SARMIENTO PARQUE SARMIENTO
3181,I.P.E.T. Nº 49 DOMINGO FAUSTINO SARMIENTO,IPET 49 DOMINGO FAUSTINO SARMIENTO,VILLA MARIA,GENERAL SAN MARTIN,CÓRDOBA,140246300,JUAN MULLER 651 GENERAL GUEMES VILLA MARIA
3182,I.P.E.T. Nº 50 ING. EMILIO F. OLMOS,IPET 50 INGENIERO EMILIO F OLMOS,SAN FRANCISCO,SAN JUSTO,CÓRDOBA,140319000,RIVADAVIA 679 CATEDRAL SAN FRANCISCO
3183,I.P.E.T. Nº 51 NICOLAS AVELLANEDA,IPET 51 NICOLAS AVELLANEDA,MARCOS JUAREZ,MARCOS JUAREZ,CÓRDOBA,140272400,INTENDENTE JORGE LOINAS 996  MARCOS JUAREZ
3184,I.P.E.T. Nº 52 CARLOS PELLEGRINI,IPET 52 CARLOS PELLEGRINI,HUINCA RENANCO,GENERAL ROCA,CÓRDOBA,140364300,NEUQUEN  VILLA CRESPO HUINCA RENANCO
3185,I.P.E.T. Nº 54 JUAN ENRIQUE MULLER,IPET 54 JUAN ENRIQUE MULLER,ONCATIVO,RIO SEGUNDO,CÓRDOBA,140122600,25 DE MAYO 1337 SAN LORENZO ONCATIVO
3186,I.P.E.T. Nº 55,IPET 55,VILLA DEL ROSARIO,RIO SEGUNDO,CÓRDOBA,140395900,COLON 150  VILLA DEL ROSARIO
3187,I.P.E.T. Nº 56 ABRAHAM JUAREZ,IPET 56 ABRAHAM JUAREZ,VILLA MARIA,GENERAL SAN MARTIN,CÓRDOBA,140152900,FORMOSA S/N  SAN MARTIN VILLA MARIA
3188,I.P.E.T. Nº 57 COMODORO MARTIN RIVADAVIA,IPET 57 COMODORO MARTIN RIVADAVIA,CORDOBA,CAPITAL,CÓRDOBA,140411800,25 DE MAYO 1500 GENERAL PAZ B° GENERAL PAZ
3189,I.P.E.T. Nº 58 GENERAL MOSCONI,IPET 58 GENERAL MOSCONI,LA PUERTA,RIO PRIMERO,CÓRDOBA,140378000,SAN MARTIN   LA PUERTA
3190,I.P.E.T. Nº 60 MARIANO MORENO,IPET 60 MARIANO MORENO,COSQUIN,PUNILLA,CÓRDOBA,140263000,PALEMON CARRANZA 1085 CENTRO COSQUIN
3191,I.P.E.T. Nº 62 ALVAREZ CONDARCO,IPET 62 ALVAREZ CONDARCO,RIO SEGUNDO,RIO SEGUNDO,CÓRDOBA,140241900,ING. ALVAREZ CONDARCO 940 FRANCISCO MARTINEZ RIO SEGUNDO
3192,I.P.E.T. Nº 64 MALVINAS ARGENTINAS,IPET 64 MALVINAS ARGENTINAS,CORDOBA,CAPITAL,CÓRDOBA,140072500,ENTRE RIOS 1547 SAN VICENTE B° SAN VICENTE
3193,I.P.E.T. Nº 66  DR.JOSE A.BALSEIRO,IPET 66 DOCTOR JOSE A BALSEIRO,CORDOBA,CAPITAL,CÓRDOBA,140094100,HIPOLITO IRIGOYEN 258 NUEVA CORDOBA B° NUEVA CORDOBA
3194,I.P.E.T. Nº 67 TTE. CNEL. LUIS PIEDRABUENA,IPET 67 TENIENTE CORONEL LUIS PIEDRABUENA,MALAGUEÑO,SANTA MARIA,CÓRDOBA,140231100,PADRE CARLOS MARELLA 904 17 DE OCTUBRE MALAGUEÑO
3195,I.P.E.T. Nº 70  PROF. DR. HUMBERTO DIONISI,IPET 70 PROFESOR DOCTOR HUMBERTO DIONISI,CORDOBA,CAPITAL,CÓRDOBA,140041700,AV. JUAN B. JUSTO 4350 VILLA AZALAIS OESTE B° VILLA AZALAIS OESTE(CPC CENTRO AMERICA)
3196,I.P.E.T. Nº 71 LUIS FEDERICO LELOIR,IPET 71 LUIS FEDERICO LELOIR,HERNANDO,TERCERO ARRIBA,CÓRDOBA,140040300,GUEMES 387 CANDELA HERNANDO
3197,I.P.E.T. Nº 76. GUSTAVO RIEMANN,IPET 76 GUSTAVO RIEMANN,VILLA RUMIPAL,CALAMUCHITA,CÓRDOBA,140005600,ARTURO ILLIA 524 CENTRO VILLA RUMIPAL
3198,I.P.E.T. Nº 77 GDOR.DR.S.DEL CASTILLO,IPET 77 GOBERNADOR DOCTOR S DEL CASTILLO,CORDOBA,CAPITAL,CÓRDOBA,140221900,DIEGO PACHECO 4830 SAN FELIPE B° SAN FELIPE - INTERFABRICA - ATRAS DEL CORRALON MUNICIPAL
3199,I.P.E.T. Nº 79 ING. RENATO DE MARCO,IPET 79 INGENIERO RENATO DE MARCO,RIO CUARTO,RIO CUARTO,CÓRDOBA,140301300,LEANDRO N. ALEM  1735 ALBERDI RIO CUARTO
3200,I.P.E.T. Nº 80 LUIS FEDERICO LELOIR,IPET 80 LUIS FEDERICO LELOIR,BERROTARAN,RIO CUARTO,CÓRDOBA,140309100,AV. ARGENTINA 194 TANQUE BERROTARAN
3201,I.P.E.T. Nº 85 REPUBLICA DE ITALIA,IPET 85 REPUBLICA DE ITALIA,GENERAL PAZ,COLON,CÓRDOBA,140082900,SANTA FE   ESTACION GENERAL PAZ
3202,I.P.E.T. Nº 87 ROBERTINA MOYANO DE SASTRE,IPET 87 ROBERTINA MOYANO DE SASTRE,BELL VILLE,UNION,CÓRDOBA,140253700,GERONIMO DEL BARCO 640 ESTACION BELL VILLE
3203,I.P.E.T. Nº 98 LUIS DE TEJEDA,IPET 98 LUIS DE TEJEDA,RIO TERCERO,TERCERO ARRIBA,CÓRDOBA,140161500,PANAMA S/N°  PARQUE SAN MIGUEL RIO TERCERO
3219,I.P.E.T.A.y.M. Nº 65 JUAN A. DE MENA,IPETAyM 65 JUAN A DE MENA,VICUÑA MACKENNA,RIO CUARTO,CÓRDOBA,140091900,ARTURO ILLIA 261 LOS SILOS VICUÑA MACKENNA
3218,I.P.E.T.A. y M. Nº 68 CNEL. DON LUIS ALVAREZ,IPETAyM 68 CORONEL DON LUIS ALVAREZ,ARROYITO,SAN JUSTO,CÓRDOBA,140374300,MARCELINO BERNARDI 351 BERNANRDI ARROYITO
3220,I.P.E.T.y A. Nº 53 FRAY LUIS BELTRAN,IPETyA 53 FRAY LUIS BELTRAN,DEAN FUNES,ISCHILIN,CÓRDOBA,140296300,AV.FRAY LUIS BELTRAN 300 LA CERAMICA DEAN FUNES
3204,I.P.E.T. y M. Nº 101 REPUBLICA ARGENTINA,IPETyM 101 REPUBLICA ARGENTINA,CORDOBA,CAPITAL,CÓRDOBA,140268800,DIAZ DE LA FUENTE 2040 AMEGHINO SUR B° AMEGHINO SUR
3228,I.P.E.T.Y.M. Nº 108 CLOTILDE GUILLEN DE REZZANO,IPETyM 108 CLOTILDE GUILLEN DE REZZANO,RIO SEGUNDO,RIO SEGUNDO,CÓRDOBA,140242400,LEANDRO N. ALEM ESQ. MISIONES   RIO SEGUNDO
3205,I.P.E.T. y M. Nº 133 DR. FLORENCIO ESCARDO,IPETyM 133 DOCTOR FLORENCIO ESCARDO,CORDOBA,CAPITAL,CÓRDOBA,140373900,MARTIN CARTECHINI S/N  CAMPO DE LA RIBERA B° CAMPO DE LA RIBERA -(A 3CUADRAS DEL CEMENTERIO SAN VICENTE)
3206,I.P.E.T. y M. Nº 246 DR. AMADEO SABATTINI,IPETyM 246 DOCTOR AMADEO SABATTINI,CORDOBA,CAPITAL,CÓRDOBA,140331900,AV. VELEZ SARSFIELD 1490 GUEMES B° GUEMES
3222,I.P.E.T.y M. Nº 256 LDOR. GRAL. DON JOSE DE SAN MARTIN,IPETyM 256 LIBERTADOR GENERAL DON JOSE DE SAN MARTIN,LEONES,MARCOS JUAREZ,CÓRDOBA,140351900,GRAL. ROCA 724 CENTRO LEONES
3229,I.P.E.T.y.M. Nº 257 DR. RENE FAVALORO,IPETyM 257 DOCTOR RENE FAVALORO,LABOULAYE,PRESIDENTE ROQUE SAENZ PEÑA,CÓRDOBA,140141700,AV. INDEPENDENCIA 512 CENTRO LABOULAYE
3207,I.P.E.T. y M. Nº 261 SAN JOSE,IPETyM 261 SAN JOSE,BALNEARIA,SAN JUSTO,CÓRDOBA,140191100,AV. VACA NARVAJA 572  BALNEARIA
3208,I.P.E.T. y M. Nº 261 SAN JOSE  ANEXO COLONIA MADRESELVA,IPETyM 261 SAN JOSE ANEXO COLONIA MADRESELVA,COLONIA MADRESELVA,SAN JUSTO,CÓRDOBA,140191101,CALLE PUBLICA S/N°   COLONIA MADRESELVA P/BALNEARIA
3209,I.P.E.T. y M. Nº 261 SAN JOSE  ANEXO COLONIA SEVERINA,IPETyM 261 SAN JOSE ANEXO COLONIA SEVERINA,COLONIA SEVERINA,SAN JUSTO,CÓRDOBA,140191102,CALLE PUBLICA   COLONIA SEVERINA
3210,I.P.E.T. y M. Nº 261 SAN JOSE  ANEXO FRONTERA NORTE,IPETyM 261 SAN JOSE ANEXO FRONTERA NORTE,COLONIA FRONTERA NORTE,SAN JUSTO,CÓRDOBA,140191103,CALLE PUBLICA   COLONIA FRONTERA NORTE
3223,I.P.E.T.y M. Nº 59. 25 DE MAYO,IPETyM 59 25 DE MAYO,CRUZ ALTA,MARCOS JUAREZ,CÓRDOBA,140415100,INTENDENTE M. MUÑOZ 117 LIBERTAD CRUZ ALTA
3224,I.P.E.T.y M. Nº 61 GRAL. MANUEL SAVIO,IPETyM 61 GENERAL MANUEL SAVIO,EL PUEBLITO,COLON,CÓRDOBA,140386400,URQUIZA  EL PUEBLITO SALSIPUEDES P/RUTA PROVINCIAL E 53
3211,I.P.E.T. y M. Nº 63 REPUBLICA DE ITALIA,IPETyM 63 REPUBLICA DE ITALIA,SAN FRANCISCO DEL CHAÑAR,SOBREMONTE,CÓRDOBA,140297700,SARMIENTO 84 CENTRO SAN FRANCISCO DEL CHAÑAR
3212,I.P.E.T. y M. Nº 63 REPUBLICA DE ITALIA ANEXO CACHI YACO,IPETyM 63 REPUBLICA DE ITALIA ANEXO CACHI YACO,CACHI YACO,SOBREMONTE,CÓRDOBA,140297704,CALLE PUBLICA   CACHI YACO
3213,I.P.E.T. y M. Nº 69 JUANA MANSO DE NORONHA,IPETyM 69 JUANA MANSO DE NORONHA,JESUS MARIA,COLON,CÓRDOBA,140328500,PERU 212  JESUS MARIA
3214,I.P.E.T. y M. Nº 73 MARGARITA WEILD DE PAZ,IPETyM 73 MARGARITA WEILD DE PAZ,LA CALERA,COLON,CÓRDOBA,140410300,REPUBLICA DE CHILE 796 MINETTI III° SECCION LA CALERA
3225,I.P.E.T.y M. Nº 74 FRAY MAMERTO ESQUIU,IPETyM 74 FRAY MAMERTO ESQUIU,VILLA DEL TOTORAL,TOTORAL,CÓRDOBA,140120000,BOULEVAR ALLENDE  LAS FLORES
3226,I.P.E.T.y M. Nº 75 DR. RENE FAVALORO,IPETyM 75 DOCTOR RENE FAVALORO,LOS CONDORES,CALAMUCHITA,CÓRDOBA,140073200,AV. CHACABUCO 243  LOS CONDORES
3215,I.P.E.T. y M. Nº 78 JUAN BAUTISTA AMBROSETTI,IPETyM 78 JUAN BAUTISTA AMBROSETTI,UNQUILLO,COLON,CÓRDOBA,140323200,COSTANERA 750 LOS CIGARRALES B UNQUILLO
3216,I.P.E.T. y M. Nº 83 DR. RENE FAVALORO,IPETyM 83 DOCTOR RENE FAVALORO,COLONIA TIROLESA,COLON,CÓRDOBA,140217300,CATALINA MEDEOT   COLONIA TIROLESA - RUTA PROV.A74 KM 26
3217,I.P.E.T. y M. Nº 84 JORGE VOCOS LESCANO,IPETyM 84 JORGE VOCOS LESCANO,TANTI,PUNILLA,CÓRDOBA,140162500,SAN FRANCISCO 33  TANTI
3227,I.P.E.T.y M. Nº 89 PAULA ALBARRACIN,IPETyM 89 PAULA ALBARRACIN,DEVOTO,SAN JUSTO,CÓRDOBA,140097600,GUEMES 423  DEVOTO
3221,I.P.E.T.y M. N° 99. ROSARIO VERA PEÑALOZA,IPETyM 99 ROSARIO VERA PEÑALOZA,VILLA MARIA,GENERAL SAN MARTIN,CÓRDOBA,140392600,URUGUAY 3290 LAS PLAYAS VILLA MARIA
3897,ISLAS MALVINAS,ISLAS MALVINAS,LAS MOJARRAS,GENERAL SAN MARTIN,CÓRDOBA,140181900,RUTA PROV. Nº 158   LAS MOJARRAS P/ VILLA MARIA
3924,J.DE INF. 12 DE OCTUBRE,JARDIN DE INFANTES 12 DE OCTUBRE,ETRURIA,GENERAL SAN MARTIN,CÓRDOBA,140290800,LUIS GIACAGLIA 311 CENTRO ETRURIA
3925,J.DE INF. 12 DE OCTUBRE ANEXO DE PASCO SUR,JARDIN DE INFANTES 12 DE OCTUBRE ANEXO DE PASCO SUR,PASCO,GENERAL SAN MARTIN,CÓRDOBA,140290801,CALLE PUBLICA S/N°   PASCO SUR
3926,J.DE INF. 17 DE AGOSTO,JARDIN DE INFANTES 17 DE AGOSTO,VILLA ALLENDE,COLON,CÓRDOBA,140457700,25 DE MAYO 350 CENTRO VILLA ALLENDE
3927,J.DE INF. 2 DE ABRIL,JARDIN DE INFANTES 2 DE ABRIL,SAN FRANCISCO,SAN JUSTO,CÓRDOBA,140322000,LARREA (N) 3018 ROQUE SAENZ PEÑA SAN FRANCISCO
3928,J.DE INF. 2 DE ABRIL (EX S/N DE Bº RESID. SAN JORGE ),JARDIN DE INFANTES 2 DE ABRIL (EX SIN NOMBRE DE B RESIDENCIAL SAN JORGE),CORDOBA,CAPITAL,CÓRDOBA,140480200,CHORROARIN 2830 RESIDENCIAL SAN JORGE B°RESIDENCIAL SAN JORGE
3929,J.DE INF. 20 DE JUNIO,JARDIN DE INFANTES 20 DE JUNIO,CORDOBA,CAPITAL,CÓRDOBA,140046700,BOULEVAR DEL COMERCIO 857 JARDIN B° JARDIN
3930,J.DE INF. 21 DE JULIO,JARDIN DE INFANTES 21 DE JULIO,RIO CUARTO,RIO CUARTO,CÓRDOBA,140177600,LAVALLE 510 SANTA ROSA RIO CUARTO
3931,J.DE INF. 24 DE SEPTIEMBRE,JARDIN DE INFANTES 24 DE SEPTIEMBRE,CAPILLA DE SITON,TOTORAL,CÓRDOBA,140492400,8 DE DICIEMBRE S/N   CAPILLA DE SITON
3932,J.DE INF. 25 DE MAYO,JARDIN DE INFANTES 25 DE MAYO,LA PLAYOSA,GENERAL SAN MARTIN,CÓRDOBA,140087400,BELGRANO   LA PLAYOSA
3933,J.DE INF. 25 DE MAYO,JARDIN DE INFANTES 25 DE MAYO,TRAVESIA,SAN JAVIER,CÓRDOBA,140112200,CALLE PUBLICA S/N°   TRAVESIA
3934,J.DE INF. 25 DE MAYO,JARDIN DE INFANTES 25 DE MAYO,LABOULAYE,PRESIDENTE ROQUE SAENZ PEÑA,CÓRDOBA,140141800,CRESPI 50 25 DE MAYO LABOULAYE
3935,J.DE INF. 25 DE MAYO,JARDIN DE INFANTES 25 DE MAYO,BRINCKMANN,SAN JUSTO,CÓRDOBA,140224200,RIVADAVIA  25 DE MAYO BRINKMANN
3936,J.DE INF. 25 DE MAYO,JARDIN DE INFANTES 25 DE MAYO,MONTECRISTO,RIO PRIMERO,CÓRDOBA,140275500,LUIS F. TAGLE 325 CENTRO MONTECRISTO
3937,J.DE INF. 25 DE MAYO,JARDIN DE INFANTES 25 DE MAYO,DESPEÑADEROS,SANTA MARIA,CÓRDOBA,140449400,SARMIENTO 224 CENTRO DESPEÑADEROS
3938,J.DE INF. 25 DE MAYO,JARDIN DE INFANTES 25 DE MAYO,CORDOBA,CAPITAL,CÓRDOBA,140555400,RIVERA INDARTE 345 CENTRO B° CENTRO
3939,J.DE INF. 9 DE JULIO,JARDIN DE INFANTES 9 DE JULIO,PORTEÑA,SAN JUSTO,CÓRDOBA,140025400,AVENIDA CORDOBA 187  PORTEÑA
3940,J.DE INF. 9 DE JULIO,JARDIN DE INFANTES 9 DE JULIO,CORDOBA,CAPITAL,CÓRDOBA,140417900,JOSE A. CABRERA 5015 DEAN FUNES
3941,J.DE INF. 9 DE JULIO,JARDIN DE INFANTES 9 DE JULIO,GENERAL ROCA,MARCOS JUAREZ,CÓRDOBA,140506100,BOULEVARD ALSINA 517 SUR GENERAL ROCA
3942,J.DE INF. 9 DE JULIO,JARDIN DE INFANTES 9 DE JULIO,MORTEROS,SAN JUSTO,CÓRDOBA,140540500,ESPAÑA 1505 JORGE NEWBERY MORTEROS
3943,J.DE INF. 9 DE JULIO ANEXO COLONIA ANITA,JARDIN DE INFANTES 9 DE JULIO ANEXO COLONIA ANITA,COLONIA ANITA,SAN JUSTO,CÓRDOBA,140025401,CALLE PUBLICA   COLONIA ANITA
3944,J.DE INF. ACADEMIA ARGÜELLO,JARDIN DE INFANTES ACADEMIA ARGÜELLO,CORDOBA,CAPITAL,CÓRDOBA,140459000,POZO DE LA LOMA S/N°  ARGUELLO B° ARGUELLO
3945,J.DE INF. ADELA ZAMUDIO (EX V.FORESTIERI),JARDIN DE INFANTES ADELA ZAMUDIO (EX V FORESTIERI),CORDOBA,CAPITAL,CÓRDOBA,140504200,RIO NEGRO 5800 VILLA EL LIBERTADOR B° VILLA EL LIBERTADOR
3946,J.DE INF. ADELIA MARIA DE OLMOS (EX S/N.DE BºC.RAZZETO),JARDIN DE INFANTES ADELIA MARIA DE OLMOS (EX SIN NOMBRE DE BC RAZZETO),ADELIA MARIA,RIO CUARTO,CÓRDOBA,140476900,MANSILLA  CENTRO ADELIA MARIA
3947,J.DE INF. ADOLFO KAPELUSZ,JARDIN DE INFANTES ADOLFO KAPELUSZ,LAS CHACRAS,SAN JAVIER,CÓRDOBA,140090000,CALLE PUBLICA   LAS CHACRAS SUR
3948,J.DE INF. AERONAUTICA ARGENTINA,JARDIN DE INFANTES AERONAUTICA ARGENTINA,CORDOBA,CAPITAL,CÓRDOBA,140155700,DIAZ DE LA FUENTE 2620 MATIENZO B° MATIENZO
3949,J.DE INF. AERONAUTICA ARGENTINA,JARDIN DE INFANTES AERONAUTICA ARGENTINA,LA FALDA,PUNILLA,CÓRDOBA,140418600,OCAMPO Y ROMAN DEHEZA  LA LOMITA LA FALDA
3950,J.DE INF. AGUSTIN ALVAREZ,JARDIN DE INFANTES AGUSTIN ALVAREZ,VILLA MARIA,GENERAL SAN MARTIN,CÓRDOBA,140205400,AGUSTIN ALVAREZ  PARQUE NORTE VILLA MARIA
3898,J. DE INF. ALAN TURING,JARDIN DE INFANTES ALAN TURING,CORDOBA,CAPITAL,CÓRDOBA,140567100,AV. RECTA MARTINOLI 8711 ARGUELLO Bº ARGUELLO
3951,J.DE INF. ALBERT BRUCE SABIN,JARDIN DE INFANTES ALBERT BRUCE SABIN,CORDOBA,CAPITAL,CÓRDOBA,140454400,CALLE PUBLICA  POSTA DE VARGAS ZONA DE LOS CORTADEROS
3952,J.DE INF. ALEJANDRO CARBO,JARDIN DE INFANTES ALEJANDRO CARBO,CORDOBA,CAPITAL,CÓRDOBA,140326600,VAQUERIAS 105 ALEJANDRO CARBO B° ALEJANDRO CARBO (AV. VELEZ SARSFIELD AL 5500)
3953,J.DE INF. ALEJO CARMEN GUZMAN,JARDIN DE INFANTES ALEJO CARMEN GUZMAN,CORDOBA,CAPITAL,CÓRDOBA,140012200,AUGUSTO LOPEZ 643 GENERAL BUSTOS B° GENERAL BUSTOS
3954,J.DE INF. ALEMAN,JARDIN DE INFANTES ALEMAN,CORDOBA,CAPITAL,CÓRDOBA,140450900,AV RECTA MARTINOLI 6230 ARGUELLO B° ARGUELLO
3955,J.DE INF. ALFREDO J.CERSOSIMO ANEXO COLONIA TORO PUJIO,JARDIN DE INFANTES ALFREDO J CERSOSIMO ANEXO COLONIA TORO PUJIO,TORO PUJIO,SAN JUSTO,CÓRDOBA,140324601,CALLE PUBLICA S/N   COLONIA TORO PUJIO P/MARULL
3956,J.DE INF. ALFREDO JORGE CERSOSIMO,JARDIN DE INFANTES ALFREDO JORGE CERSOSIMO,LA TORDILLA O COLONIA LA TORDILLA,SAN JUSTO,CÓRDOBA,140324600,RIVADAVIA 341 SAN MARTIN LA TORDILLA
3957,J.DE INF. ALFREDO MIGUEL CHOPITEA,JARDIN DE INFANTES ALFREDO MIGUEL CHOPITEA,LA CESIRA,PRESIDENTE ROQUE SAENZ PEÑA,CÓRDOBA,140142500,ALVEAR 250 CENTRO LA CESIRA
3958,J.DE INF. ALICIA ROSSI,JARDIN DE INFANTES ALICIA ROSSI,EL FUERTECITO,SAN JUSTO,CÓRDOBA,140532400,RAMONA PALACIOS 176  EL FUERTECITO
3959,J.DE INF. ALMAFUERTE,JARDIN DE INFANTES ALMAFUERTE,CORDOBA,CAPITAL,CÓRDOBA,140068600,ABEL CHANETON 380 SAN FERNANDO B° SAN FERNANDO
3960,J.DE INF. ALMIRANTE BROWN,JARDIN DE INFANTES ALMIRANTE BROWN,RIO CUARTO,RIO CUARTO,CÓRDOBA,140154000,RIO JURAMENTO 641 SAN JOSE DE CALAZANZ RIO CUARTO
3961,J.DE INF. ALMIRANTE G. BROWN,JARDIN DE INFANTES ALMIRANTE G BROWN,CORDOBA,CAPITAL,CÓRDOBA,140230100,EDUARDO SAN MARTIN 1441 YOFRE SUD B° YOFRE SUD
3962,J.DE INF. ALMIRANTE GUILLERMO BROWN,JARDIN DE INFANTES ALMIRANTE GUILLERMO BROWN,VILLA DEL DIQUE,CALAMUCHITA,CÓRDOBA,140021600,SARMIENTO 335 CENTRO VILLA DEL DIQUE
3963,J.DE INF. AMADEO SABATTINI,JARDIN DE INFANTES AMADEO SABATTINI,AUSONIA,GENERAL SAN MARTIN,CÓRDOBA,140018400,RIVADAVIA   AUSONIA
3964,J.DE INF. AMANDA SUAREZ CORDOBA,JARDIN DE INFANTES AMANDA SUAREZ CORDOBA,DEAN FUNES,ISCHILIN,CÓRDOBA,140458800,SANTA ROSA ESQ.AMADEO SABATTINI  MOREYRA ROSS DEAN FUNES
3965,J.DE INF. AMPARO DE MARIA,JARDIN DE INFANTES AMPARO DE MARIA,CORDOBA,CAPITAL,CÓRDOBA,140422900,CASEROS 730 ALBERDI B° ALBERDI
3966,J.DE INF. ANGEL ALFREDO VERONESE,JARDIN DE INFANTES ANGEL ALFREDO VERONESE,NO FIGURA EN TABLA,GENERAL SAN MARTIN,CÓRDOBA,140562000,CALLE PUBLICA S/N   MONTE DE LOS LAZOS  P/VILLA MARIA
3967,J.DE INF. ANGEL ESTRADA,JARDIN DE INFANTES ANGEL ESTRADA,SERREZUELA,CRUZ DEL EJE,CÓRDOBA,140106900,ARTURO CAPDEVILA  VIRGEN DEL ROSARIO SERREZUELA
3968,J.DE INF. ANGELICA PRADO,JARDIN DE INFANTES ANGELICA PRADO,RIO TERCERO,TERCERO ARRIBA,CÓRDOBA,140162300,RIO AMAZONAS 450 PANAMERICANO RIO TERCERO
3969,J.DE INF. ANGLO AMERICANO DE ALTA GRACIA,JARDIN DE INFANTES ANGLO AMERICANO DE ALTA GRACIA,ALTA GRACIA,SANTA MARIA,CÓRDOBA,140003100,ACHAVAL RODRIGUEZ 155 CARLOS PELLEGRINI ALTA GRACIA
3970,J.DE INF. ANTARTIDA ARGENTINA,JARDIN DE INFANTES ANTARTIDA ARGENTINA,KILOMETRO 691,RIO PRIMERO,CÓRDOBA,140054400,ruta nacional 19   KM 691 RUTA 19 P/RIO PRIMERO
3971,J.DE INF. ANTARTIDA ARGENTINA,JARDIN DE INFANTES ANTARTIDA ARGENTINA,CORDOBA,CAPITAL,CÓRDOBA,140135600,BELGRANO  MILITAR GENERAL DEHEZA CAMINO A LA CALERA KM 6 1/2
3972,J.DE INF. ANTARTIDA ARGENTINA,JARDIN DE INFANTES ANTARTIDA ARGENTINA,EL MANZANO,COLON,CÓRDOBA,140166100,CALLE PUBLICA   RUTA PROVINCIAL E 53
3973,J.DE INF. ANTARTIDA ARGENTINA,JARDIN DE INFANTES ANTARTIDA ARGENTINA,PASO VIEJO,CRUZ DEL EJE,CÓRDOBA,140166900,CALLE PUBLICA S/N°   PASO VIEJO
3974,J.DE INF. ANTARTIDA ARGENTINA,JARDIN DE INFANTES ANTARTIDA ARGENTINA,ARROYO ALGODON,GENERAL SAN MARTIN,CÓRDOBA,140181700,CORDOBA 343  ARROYO ALGODON
3975,J.DE INF. ANTARTIDA ARGENTINA ANEXO SANTA ANA,JARDIN DE INFANTES ANTARTIDA ARGENTINA ANEXO SANTA ANA,SANTA ANA,CRUZ DEL EJE,CÓRDOBA,140166901,SANTA ANA
3976,J.DE INF. ANTONIO MANUEL SOBRAL,JARDIN DE INFANTES ANTONIO MANUEL SOBRAL,DEAN FUNES,ISCHILIN,CÓRDOBA,140296200,SGO.DEL ESTERO ESQ.LAS HERAS  PAZ DEAN FUNES
3977,J.DE INF. ANTONIO SOBRAL,JARDIN DE INFANTES ANTONIO SOBRAL,COLONIA MILESSI,SAN JUSTO,CÓRDOBA,140132200,CALLE PUBLICA S/N°   COLONIA MILESSI(N) P/MORTEROS
3978,J.DE INF. ANTONIO SOBRAL,JARDIN DE INFANTES ANTONIO SOBRAL,VILLA SAN ESTEBAN,SAN JUSTO,CÓRDOBA,140152100,CALLE PUBLICA S/N    VILLA SAN ESTEBAN P/EL ARAÑADO
3979,J.DE INF. ARISTOBULO DEL VALLE,JARDIN DE INFANTES ARISTOBULO DEL VALLE,CORDOBA,CAPITAL,CÓRDOBA,140407900,ROBERTO LEVILLIER 1648 TALLERES ESTE
3980,J.DE INF. ARMANDO ROTULO,JARDIN DE INFANTES ARMANDO ROTULO,RIO TERCERO,TERCERO ARRIBA,CÓRDOBA,140416900,BLAS PARERA S/N°  CERINO RIO TERCERO
3981,J.DE INF. ARTURO A MATTERSON,JARDIN DE INFANTES ARTURO A MATTERSON,BELL VILLE,UNION,CÓRDOBA,140253600,ECHEVERRIA 270 SAN VICENTE BELL VILLE
3899,J. DE INF. ARTURO CAPDEVILA,JARDIN DE INFANTES ARTURO CAPDEVILA,ALMAFUERTE,TERCERO ARRIBA,CÓRDOBA,140547100,ROSARIO VERA PEÑALOZA 10 VILLA EL SALTO ALMAFUERTE
3982,J.DE INF. ARTURO CAPDEVILA,JARDIN DE INFANTES ARTURO CAPDEVILA,CORDOBA,CAPITAL,CÓRDOBA,140004800,AVELLANEDA 4150 MARIANO FRAGUEIRO B° MARIANO FRAGUEIRO
3983,J.DE INF. ARTURO CAPDEVILA,JARDIN DE INFANTES ARTURO CAPDEVILA,CORDOBA,CAPITAL,CÓRDOBA,140136400,AVIADOR ZANNI 3346 AMEGHINO NORTE B° AMEGHINO NORTE
3985,J.DE INF. ARTURO CAPDEVILA,JARDIN DE INFANTES ARTURO CAPDEVILA,TICINO,GENERAL SAN MARTIN,CÓRDOBA,140023800,MENDOZA 391  TICINO
3988,J.DE INF. ARTURO CAPDEVILA,JARDIN DE INFANTES ARTURO CAPDEVILA,CORDOBA,CAPITAL,CÓRDOBA,140424500,AV. ARTURO CAPDEVILA 709 AMPLIACION RESIDENCIAL AMERICA B° AMPLIACION RESIDENCIAL AMERICA
3989,J.DE INF. ARTURO HUMBERTO ILLIA,JARDIN DE INFANTES ARTURO HUMBERTO ILLIA,CHAZON,GENERAL SAN MARTIN,CÓRDOBA,140072300,CALLE 15 346  CHAZON
3990,J.DE INF. ARTURO HUMBERTO ILLIA,JARDIN DE INFANTES ARTURO HUMBERTO ILLIA,NICOLAS BRUZONE,GENERAL ROCA,CÓRDOBA,140214700,MARIANO MORENO 175  NICOLAS BRUZONE
3991,J.DE INF. ARZOBISPO CASTELLANO,JARDIN DE INFANTES ARZOBISPO CASTELLANO,CORDOBA,CAPITAL,CÓRDOBA,140154900,MIGUEL RODRIGUEZ DE LA TORRE 1311 SUAREZ B° SUAREZ
3992,J.DE INF. ARZOBISPO MARIANO ANTONIO ESPINOSA,JARDIN DE INFANTES ARZOBISPO MARIANO ANTONIO ESPINOSA,RIO CUARTO,RIO CUARTO,CÓRDOBA,140091400,OLEGARIO ANDRADE 1070 ALBERDI RIO CUARTO
3993,J.DE INF. ATAHUALPA YUPANQUI,JARDIN DE INFANTES ATAHUALPA YUPANQUI,JUAREZ CELMAN,COLON,CÓRDOBA,140356100,ATAHUALPA YUPANQUI ESQ.10 DE JUNIO  PARQUE NORTE JUAREZ CELMAN
3994,J.DE INF. ATAHUALPA YUPANQUI,JARDIN DE INFANTES ATAHUALPA YUPANQUI,CORDOBA,CAPITAL,CÓRDOBA,140481200,CALLE PUBLICA S/N°  PARQUE ITUZAINGO RUTA 9-CAMINO A TOLEDO
3995,J.DE INF. ATILIO ARGUELLO,JARDIN DE INFANTES ATILIO ARGUELLO,CORDOBA,CAPITAL,CÓRDOBA,140096000,LLANQUELEN 5151 PARQUE REPUBLICA B° PARQUE REPUBLICA
3996,J.DE INF. AYACUCHO,JARDIN DE INFANTES AYACUCHO,QUEBRACHO HERRADO,SAN JUSTO,CÓRDOBA,140100500,SARMIENTO 105  QUEBRACHO HERRADO
3997,J.DE INF. BANDERA ARGENTINA,JARDIN DE INFANTES BANDERA ARGENTINA,CORDOBA,CAPITAL,CÓRDOBA,140226300,AV. FERNANDO CASADO 2112 SANTA ISABEL 1RA. SECCION B° SANTA ISABEL 1RA. SECCION
3998,J.DE INF. BARTOLOME HIDALGO,JARDIN DE INFANTES BARTOLOME HIDALGO,CORDOBA,CAPITAL,CÓRDOBA,140398200,GUIDO SPANO 2286 SARMIENTO B° SARMIENTO
3999,J.DE INF. BARTOLOME MITRE,JARDIN DE INFANTES BARTOLOME MITRE,LAS VARILLAS,SAN JUSTO,CÓRDOBA,140043100,TUCUMAN 560 BARTOLOME MITRE LAS VARILLAS
4000,J.DE INF. BARTOLOME MITRE,JARDIN DE INFANTES BARTOLOME MITRE,RIO CEBALLOS,COLON,CÓRDOBA,140044200,MALVINAS ARGENTINAS 85 ÑU PORA RIO CEBALLOS
4001,J.DE INF. BARTOLOME MITRE,JARDIN DE INFANTES BARTOLOME MITRE,MARCOS JUAREZ,MARCOS JUAREZ,CÓRDOBA,140071000,HIPOLITO YRIGOYEN 1780 NOROESTE MARCOS JUAREZ
4002,J.DE INF. BARTOLOME MITRE,JARDIN DE INFANTES BARTOLOME MITRE,CORDOBA,CAPITAL,CÓRDOBA,140155500,ACROPOLIS 1974 RESIDENCIAL OLIVOS
4003,J.DE INF. BARTOLOME MITRE,JARDIN DE INFANTES BARTOLOME MITRE,VILLA DEL TOTORAL,TOTORAL,CÓRDOBA,140189900,DIOGENES MOYANO  Y PROGRESO  FATIMA VILLA DEL TOTORAL
4004,J.DE INF. BARTOLOME MITRE,JARDIN DE INFANTES BARTOLOME MITRE,LA CUMBRECITA,CALAMUCHITA,CÓRDOBA,140318500,CALLE PUBLICA S/N°   LA CUMBRECITA
4005,J.DE INF. BARTOLOME MITRE,JARDIN DE INFANTES BARTOLOME MITRE,VILLA NUEVA,GENERAL SAN MARTIN,CÓRDOBA,140338600,SAN MARTIN 355 CENTRO VILLA NUEVA
4006,J.DE INF. BARTOLOME MITRE ANEXO BARRIO LOZA,JARDIN DE INFANTES BARTOLOME MITRE ANEXO BARRIO LOZA,RIO CEBALLOS,COLON,CÓRDOBA,140044201,PUBLICA S/N  LOZA RIO CEBALLOS
4007,J.DE INF. BARTOLOME MITRE ANEXO DE SANABRIA,JARDIN DE INFANTES BARTOLOME MITRE ANEXO DE SANABRIA,SANABRIA,GENERAL SAN MARTIN,CÓRDOBA,140338601,SANABRIA
4008,J.DE INF. BATERIA LIBERTAD,JARDIN DE INFANTES BATERIA LIBERTAD,CORDOBA,CAPITAL,CÓRDOBA,140341900,AVENIDA DON BOSCO 5537 VILLA MAFEKIN
4009,J.DE INF. BELEN (C.ED. NTRA.SRA.DEL TRABAJO),JARDIN DE INFANTES BELEN (CENTRO EDUCATIVO NUESTRA SEÑORA DEL TRABAJO),CORDOBA,CAPITAL,CÓRDOBA,140482700,CARMELO IBARRA  895 VILLA EL LIBERTADOR B° VILLA EL LIBERTADOR
4010,J.DE INF. BELISARIO ROLDAN,JARDIN DE INFANTES BELISARIO ROLDAN,EMBALSE,CALAMUCHITA,CÓRDOBA,140248000,JOSE MANUEL ESTRADA 549 ESCUELA EMBALSE
4011,J.DE INF. BENITO QUINQUELA MARTIN,JARDIN DE INFANTES BENITO QUINQUELA MARTIN,CHILIBROSTE,UNION,CÓRDOBA,140174000,BV. SAN MARTIN 268  CHILIBROSTE
4012,J.DE INF. BERNARDINO RIVADAVIA,JARDIN DE INFANTES BERNARDINO RIVADAVIA,CORDOBA,CAPITAL,CÓRDOBA,140005000,NUFLO DE AGUILAR 541 MARQUES DE SOBREMONTE-ANEXO B° MARQUES DE SOBREMONTE-ANEXO
4013,J.DE INF. BERNARDINO RIVADAVIA,JARDIN DE INFANTES BERNARDINO RIVADAVIA,CORDOBA,CAPITAL,CÓRDOBA,140260200,JOAQUIN MONTAÑA 1350 VILLA AZALAIS B° VILLA AZALAIS
4014,J.DE INF. BERNARDINO RIVADAVIA,JARDIN DE INFANTES BERNARDINO RIVADAVIA,LAGUNA LARGA,RIO SEGUNDO,CÓRDOBA,140027000,BENARDINO RIVADAVIA 28 MALVINAS ARGENTINA LAGUNA LARGA
4015,J.DE INF. BERNARDINO RIVADAVIA,JARDIN DE INFANTES BERNARDINO RIVADAVIA,HERNANDO,TERCERO ARRIBA,CÓRDOBA,140040600,MATHEU 270 LAS FLORES HERNANDO
4016,J.DE INF. BERNARDINO RIVADAVIA,JARDIN DE INFANTES BERNARDINO RIVADAVIA,LA PAMPA,TOTORAL,CÓRDOBA,140066100,CALLE PUBLICA S/N°   LA PAMPA
4017,J.DE INF. BERNARDINO RIVADAVIA,JARDIN DE INFANTES BERNARDINO RIVADAVIA,SERREZUELA,CRUZ DEL EJE,CÓRDOBA,140106700,MALVINAS ARGENTINAS  NIÑO DOCTOR SERREZUELA
4018,J.DE INF. BERNARDINO RIVADAVIA,JARDIN DE INFANTES BERNARDINO RIVADAVIA,MORTEROS,SAN JUSTO,CÓRDOBA,140110900,GRAL.PAZ S/N  URQUIZA MORTEROS
4019,J.DE INF. BERNARDINO RIVADAVIA,JARDIN DE INFANTES BERNARDINO RIVADAVIA,SANTA EUFEMIA,JUAREZ CELMAN,CÓRDOBA,140125600,EDELWEIS PAZ 546  SANTA EUFEMIA
4020,J.DE INF. BERNARDINO RIVADAVIA,JARDIN DE INFANTES BERNARDINO RIVADAVIA,RIO CUARTO,RIO CUARTO,CÓRDOBA,140140300,W. TEJERINA Y RUTA A 005  LAS QUINTAS OESTE RIO CUARTO
4021,J.DE INF. BERNARDINO RIVADAVIA,JARDIN DE INFANTES BERNARDINO RIVADAVIA,ADELIA MARIA,RIO CUARTO,CÓRDOBA,140188500,JOSE HERNANDEZ 121 NORTE ADELIA MARIA
4022,J.DE INF. BERNARDINO RIVADAVIA,JARDIN DE INFANTES BERNARDINO RIVADAVIA,CORONEL BAIGORRIA,RIO CUARTO,CÓRDOBA,140199400,VELEZ SARSFIELD 160  CORNEL BAIGORRIA
4023,J.DE INF. BERNARDINO RIVADAVIA,JARDIN DE INFANTES BERNARDINO RIVADAVIA,LOZADA,SANTA MARIA,CÓRDOBA,140231200,SARMIENTO 441  LOZADA
4026,J.DE INF. BERNARDINO RIVADAVIA,JARDIN DE INFANTES BERNARDINO RIVADAVIA,HUERTA GRANDE,PUNILLA,CÓRDOBA,140285500,ALMIRANTE BROWN  CENTRO HUERTA GRANDE
4027,J.DE INF. BERNARDINO RIVADAVIA,JARDIN DE INFANTES BERNARDINO RIVADAVIA,MARCOS JUAREZ,MARCOS JUAREZ,CÓRDOBA,140285800,URQUIZA 230 CENTRO MARCOS JUAREZ
4028,J.DE INF. BERNARDINO RIVADAVIA,JARDIN DE INFANTES BERNARDINO RIVADAVIA,DEAN FUNES,ISCHILIN,CÓRDOBA,140296100,FADER OESTE S/N°  LA PILETA DEAN FUNES
4029,J.DE INF. BERNARDINO RIVADAVIA,JARDIN DE INFANTES BERNARDINO RIVADAVIA,VILLA MARIA,GENERAL SAN MARTIN,CÓRDOBA,140406200,RAMOS MEJIA 1976 SAN JUSTO VILLA MARIA
4030,J.DE INF. BERNARDINO RIVADAVIA,JARDIN DE INFANTES BERNARDINO RIVADAVIA,VILLA HUIDOBRO,GENERAL ROCA,CÓRDOBA,140451500,JACINTA CUELLO S/N  CAÑADA CHICA VILLA HUIDOBRO
4031,J.DE INF. BERNARDINO RIVADAVIA ANEXO COLONIA 10 DE JULIO,JARDIN DE INFANTES BERNARDINO RIVADAVIA ANEXO COLONIA 10 DE JULIO,COLONIA 10 DE JULIO,SAN JUSTO,CÓRDOBA,140110902,CALLE PUBLICA S/N   COLONIA 10 DE JULIO P/MORTEROS
4032,J.DE INF. BERNARDINO RIVADAVIA ANEXO DE CNIA.DOS HERMANOS,JARDIN DE INFANTES BERNARDINO RIVADAVIA ANEXO DE CNIA DOS HERMANOS,COLONIA DOS HERMANOS,SAN JUSTO,CÓRDOBA,140110901,CALLE PUBLICA S/N   COLONIA DOS HERMANOS
4033,J.DE INF. BERNARDINO RIVADAVIA ANEXO EL CHACHO,JARDIN DE INFANTES BERNARDINO RIVADAVIA ANEXO EL CHACHO,EL CHACHO,MINAS,CÓRDOBA,140106701,CALLE PUBLICA
4034,J.DE INF. BERNARDO DE MONTEAGUDO,JARDIN DE INFANTES BERNARDO DE MONTEAGUDO,CORDOBA,CAPITAL,CÓRDOBA,140000900,JUAN GAONA 637 LOS PLATANOS B° LOS PLATANOS
4036,J.DE INF. BILINGUE BICULTURAL DANTE ALIGHIERI,JARDIN DE INFANTES BILINGUE BICULTURAL DANTE ALIGHIERI,VILLA MARIA,GENERAL SAN MARTIN,CÓRDOBA,140579300,SABATTINI 124 CENTRO VILLA MARIA
4035,J.DE INF. BILINGÜE  EL MANANTIAL,JARDIN DE INFANTES BILINGÜE EL MANANTIAL,VILLA DOLORES,SAN JAVIER,CÓRDOBA,140468500,ROMAN BASAIL 48 CENTRO VILLA DOLORES
4037,J.DE INF. BLAS PARERA,JARDIN DE INFANTES BLAS PARERA,CORDOBA,CAPITAL,CÓRDOBA,140342600,DR. PEDRO ARATA 2690 MARECHAL
4038,J.DE INF. BRIG. MAYOR JUAN I. SAN MARTIN,JARDIN DE INFANTES BRIG MAYOR JUAN I SAN MARTIN,CORDOBA,CAPITAL,CÓRDOBA,140424900,ORSTEIN 8948 MERCANTIL B° MERCANTIL
4039,J.DE INF. BRIGADIER GRAL. JUAN BAUTISTA BUSTOS,JARDIN DE INFANTES BRIGADIER GENERAL JUAN BAUTISTA BUSTOS,COSQUIN,PUNILLA,CÓRDOBA,140043400,SARMIENTO 930 A.A.T.R.A. COSQUIN
4040,J.DE INF. BRIGADIER GRAL. JUAN BAUTISTA BUSTOS ANEXO SAN JOSE OBRERO,JARDIN DE INFANTES BRIGADIER GENERAL JUAN BAUTISTA BUSTOS ANEXO SAN JOSE OBRERO,COSQUIN,PUNILLA,CÓRDOBA,140043401,MARIA ELENA 957 SAN JOSE OBRERO COSQUIN
4042,J.DE INF. CABILDANTES DE LA CARLOTA,JARDIN DE INFANTES CABILDANTES DE LA CARLOTA,LA CARLOTA,JUAREZ CELMAN,CÓRDOBA,140126100,SARMIENTO 1635 PUNTA DEL SAUCE LA CARLOTA
4043,J.DE INF. CADETES DE LA FUERZA AEREA ARGENTINA,JARDIN DE INFANTES CADETES DE LA FUERZA AEREA ARGENTINA,CORDOBA,CAPITAL,CÓRDOBA,140049000,LEOPOLDO CASAVEGA 2320 VILLA ADELA B° VILLA ADELA
4044,J.DE INF. CANONIGO PIÑERO,JARDIN DE INFANTES CANONIGO PIÑERO,CORDOBA,CAPITAL,CÓRDOBA,140075900,MARTIN CARTECHINI S/N  CAMPO DE LA RIBERA B° CAMPO DE LA RIBERA -(A 3CUADRAS DEL CEMENTERIO SAN VICENTE)
4047,J.DE INF. CAPITAL FEDERAL,JARDIN DE INFANTES CAPITAL FEDERAL,CORDOBA,CAPITAL,CÓRDOBA,140008100,GINO GALEOTTI 1250 GENERAL BUSTOS B° GENERAL BUSTOS
4048,J.DE INF. CAPITAN DE FRAGATA CARLOS MARIA MOYANO,JARDIN DE INFANTES CAPITAN DE FRAGATA CARLOS MARIA MOYANO,LAS VERTIENTES,RIO CUARTO,CÓRDOBA,140057000,MAURO HERLITZKA 549 CENTRO LAS VERTIENTES
4046,J.DE INF. CAP.DE FRAG.PEDRO E. GIACHINO,JARDIN DE INFANTES CAPITAN DE FRAGATA PEDRO E GIACHINO,JESUS MARIA,COLON,CÓRDOBA,140344300,LA PAMAPA ESQ. FORMOSA  LA FLORIDA JESUS MARIA
4045,J.DE INF. CAP. DE NAVIO SANTIAGO ALBARRACIN,JARDIN DE INFANTES CAPITAN DE NAVIO SANTIAGO ALBARRACIN,COLONIA PUEYRREDON,RIO CUARTO,CÓRDOBA,140179900,CALLE PUBLICA   COLONIA PUEYRREDON P/RUTA Nº 7
4049,J.DE INF. CAPITAN FRANCISCO DOMINGO ZARCO,JARDIN DE INFANTES CAPITAN FRANCISCO DOMINGO ZARCO,VILLA REDUCCION,JUAREZ CELMAN,CÓRDOBA,140102100,ELIAS MOYANO 632 CENTRO REDUCCION
4050,J.DE INF. CAPITAN JUAN DE ZEVALLOS,JARDIN DE INFANTES CAPITAN JUAN DE ZEVALLOS,VALLE HERMOSO,PUNILLA,CÓRDOBA,140174800,INTENDENTE PANERO Y GOBERNADOR NUÑEZ  SAN MARTIN VALLE HERMOSO
4051,J.DE INF. CAPITAN LUIS C. CANDELARIA,JARDIN DE INFANTES CAPITAN LUIS C CANDELARIA,MALVINAS ARGENTINAS,COLON,CÓRDOBA,140235500,ALCIRA ARIAS S/N°  PRIMERA SECCION MALVINAS ARGENTINAS
4052,J.DE INF. CARLOS ALBERTO LEGUIZAMON,JARDIN DE INFANTES CARLOS ALBERTO LEGUIZAMON,ARROYITO,SAN JUSTO,CÓRDOBA,140206100,FALUCHO 1162 SUR ARROYITO
4053,J.DE INF. CARLOS GUIDO SPANO,JARDIN DE INFANTES CARLOS GUIDO SPANO,VICUÑA MACKENNA,RIO CUARTO,CÓRDOBA,140119500,LIBERTADOR GRAL. SAN MARTIN 687 CENTRO VICU?  MACKENNA
4054,J.DE INF. CARLOS GUIDO SPANO,JARDIN DE INFANTES CARLOS GUIDO SPANO,OLIVARES DE SAN NICOLAS,ISCHILIN,CÓRDOBA,140281500,CALLE PUBLICA   OLIVARES DE SAN NICOLAS
4055,J.DE INF. CARLOS JUSTO FLORIT,JARDIN DE INFANTES CARLOS JUSTO FLORIT,DEVOTO,SAN JUSTO,CÓRDOBA,140097900,ITALIA 1160  DEVOTO
4056,J.DE INF. CARLOS LEGUIZAMON ANEXO EL DESCANSO,JARDIN DE INFANTES CARLOS LEGUIZAMON ANEXO EL DESCANSO,EL DESCANSO(POR ARROYITO),SAN JUSTO,CÓRDOBA,140206101,CAMINO A SACANTA   EL DESCANSO P/ARROYITO
4057,J.DE INF. CARLOS MARIA DE ALVEAR,JARDIN DE INFANTES CARLOS MARIA DE ALVEAR,CORDOBA,CAPITAL,CÓRDOBA,140239200,GALVANI ESQ. FULTON  ITUZAINGO B° ITUZAINGO
3900,J. DE INF. CARLOS SAAVEDRA LAMAS,JARDIN DE INFANTES CARLOS SAAVEDRA LAMAS,RIO TERCERO,TERCERO ARRIBA,CÓRDOBA,140537800,HILARIO CUADROS  CABERO RIO TERCERO
4058,J.DE INF. CASTELFRANCO,JARDIN DE INFANTES CASTELFRANCO,CORDOBA,CAPITAL,CÓRDOBA,140425000,BLAS PASCAL 6499 VILLA BELGRANO B° VILLA BELGRANO
4059,J.DE INF. CATALINA B. DE BARON,JARDIN DE INFANTES CATALINA B DE BARON,LOS CEDROS,SANTA MARIA,CÓRDOBA,140014300,HECTOR LLORENS  LOS CEDROS LOS CEDROS
4060,J.DE INF. CATALINA RODRIGUEZ,JARDIN DE INFANTES CATALINA RODRIGUEZ,LAGUNA LARGA,RIO SEGUNDO,CÓRDOBA,140561800,JUAN DOMINGO PERON S/N  ILLIA LAGUNA LARGA
4065,J.DE INF. CEFERINO NAMUNCURA,JARDIN DE INFANTES CEFERINO NAMUNCURA,CORDOBA,CAPITAL,CÓRDOBA,140533000,MARTINICA 2080 SANTA ISABEL 3RA. SECCION B° SANTA ISABEL 3RA. SECCION
4066,J.DE INF. CENTRO EDUCACIONAL SAN JORGE,JARDIN DE INFANTES CENTRO EDUCACIONAL SAN JORGE,CORDOBA,CAPITAL,CÓRDOBA,140580400,AV MAIPU 66 CENTRO B° CENTRO
4067,J.DE INF. CENTRO EDUCATIVO MAIMONIDES,JARDIN DE INFANTES CENTRO EDUCATIVO MAIMONIDES,CORDOBA,CAPITAL,CÓRDOBA,140553900,ISLAS DEL ATLANTICO SUR 4338 PADRE CLARET B°PADRE CLARET(A UNA CUADRA DE LA MUJER URBANA)
4068,J.DE INF. CHACABUCO,JARDIN DE INFANTES CHACABUCO,EL ARAÑADO,SAN JUSTO,CÓRDOBA,140150000,25 DE MAYO 381 EL ARAÑADO EL ARA?DO
4069,J.DE INF. CIUDAD DE MALVINAS ARGENTINAS,JARDIN DE INFANTES CIUDAD DE MALVINAS ARGENTINAS,MALVINAS ARGENTINAS,COLON,CÓRDOBA,140515200,TUCUMÁN 0  MALVINAS ARGENTINAS
4070,J.DE INF. CIUDAD DE MALVINAS ARGENTINAS ANEXO EST.TEJEDA,JARDIN DE INFANTES CIUDAD DE MALVINAS ARGENTINAS ANEXO EST TEJEDA,EST. TEJEDA,COLON,CÓRDOBA,140515201,CALLE PUBLICA S/N    ESTACION TEJEDA P/MALVINAS ARGENTINAS
4071,J.DE INF. CLODOMIRA VERA,JARDIN DE INFANTES CLODOMIRA VERA,RIO CUARTO,RIO CUARTO,CÓRDOBA,140180200,AV. PRESIDENTE PERON 167 GENERAL PAZ RIO CUARTO
4077,J.DE INF. COLEGIO DEL ESPIRITU SANTO,JARDIN DE INFANTES COLEGIO DEL ESPIRITU SANTO,RIO CEBALLOS,COLON,CÓRDOBA,140464100,AVENIDA SAN MARTIN 5109 CENTRO RIO CEBALLOS
4078,J.DE INF. COLEGIO PARROQUIAL EL SALVADOR,JARDIN DE INFANTES COLEGIO PARROQUIAL EL SALVADOR,SANTA ROSA DE RIO PRIMERO,RIO PRIMERO,CÓRDOBA,140234200,BELGRANO 301  SANTA ROSA DE RIO PRIMERO
4079,J.DE INF. COLLEGIUM,JARDIN DE INFANTES COLLEGIUM,CORDOBA,CAPITAL,CÓRDOBA,140477100,CASEROS 963 ALBERDI B° ALBERDI
4073,J.DE INF. CMTE. DE MARINA GUERRICO,JARDIN DE INFANTES COMANDANTE DE MARINA GUERRICO,UCACHA,JUAREZ CELMAN,CÓRDOBA,140170500,LA RIOJA 114  UCACHA
4074,J.DE INF. CMTE. DE MARINA GUERRICO ANEXO CPO ANCHORENA,JARDIN DE INFANTES COMANDANTE DE MARINA GUERRICO ANEXO CPO ANCHORENA,CAMPO ANCHORENA,JUAREZ CELMAN,CÓRDOBA,140170501,CALLE PUBLICA S/N    CAMPO ANCHORENA
4080,J.DE INF. COMANDANTE ESPORA,JARDIN DE INFANTES COMANDANTE ESPORA,ALTA GRACIA,SANTA MARIA,CÓRDOBA,140023000,LINIERS S/Nº  SUR ALTA GRACIA
4081,J.DE INF. COMANDANTE LUIS PIEDRABUENA,JARDIN DE INFANTES COMANDANTE LUIS PIEDRABUENA,LA PALESTINA,GENERAL SAN MARTIN,CÓRDOBA,140023900,FELIPE LORENZATTI 777  LA PALESTINA
4062,J.DE INF. CDTE. ROSENDO LEAL,JARDIN DE INFANTES COMANDANTE ROSENDO LEAL,CIENAGA DEL CORO,MINAS,CÓRDOBA,140420000,CESAR MANUEL VERA   CIENAGA DEL CORO
4063,J.DE INF. CDTE. ROSENDO LEAL ANEXO ALTO SIERRA,JARDIN DE INFANTES COMANDANTE ROSENDO LEAL ANEXO ALTO SIERRA,ALTO SIERRA,MINAS,CÓRDOBA,140420004,CALLE PUBLICA   ALTO SIERRA - A 40 KM DE SAN CARLOS MINAS POR RUTA 15
4064,J.DE INF. CDTE.ROSENDO LEAL ANEXO ESTANCIA DE GUADALUPE,JARDIN DE INFANTES COMANDANTE ROSENDO LEAL ANEXO ESTANCIA DE GUADALUPE,ESTANCIA DE GUADALUPE,MINAS,CÓRDOBA,140420002,CALLE PUBLICA   ESTANCIA DE GUADALUPE
4107,J.DE INF. CTE. ROSENDO LEAL ANEXO LA PLAYA,JARDIN DE INFANTES COMANDANTE ROSENDO LEAL ANEXO LA PLAYA,LA PLAYA,MINAS,CÓRDOBA,140420001,CALLE PUBLICA   LA PLAYA P/GUASAPAMPA
4108,J.DE INF. CTE. ROSENDO LEAL ANEXO TOSNO,JARDIN DE INFANTES COMANDANTE ROSENDO LEAL ANEXO TOSNO,TOSNO,MINAS,CÓRDOBA,140420003,CALLE PUBLICA   TOSNO P/CIENAGA DEL CORO
4072,J.DE INF. CMDRO.(R) ROLANDO S. SILIONI,JARDIN DE INFANTES COMODORO (R) ROLANDO S SILIONI,JUAREZ CELMAN,COLON,CÓRDOBA,140356400,AVENIDA ACONCAGUA   RUTA 9 NORTE- ESTACION JUAREZ CELMAN
4061,J.DE INF. CDRO. R. MOISES ECHEGOYEN,JARDIN DE INFANTES COMODORO R MOISES ECHEGOYEN,CORDOBA,CAPITAL,CÓRDOBA,140079100,GASTON TOBAL Y BECCAR VARELA  EJERCITO ARGENTINO
4041,J.DE INF. C/ORIENT.MUSICAL ARTE NUEVO,JARDIN DE INFANTES CON ORIENTACION MUSICAL ARTE NUEVO,RIO TERCERO,TERCERO ARRIBA,CÓRDOBA,140456500,CID CAMPEADOR 480 MEDIA LUNA RIO TERCERO
4082,J.DE INF. CONGRESO DE TUCUMAN,JARDIN DE INFANTES CONGRESO DE TUCUMAN,RIO SEGUNDO,RIO SEGUNDO,CÓRDOBA,140216800,HIPOLITO IRIGOYEN 1250  RIO SEGUNDO
4083,J.DE INF. CONSTANCIO C. VIGIL,JARDIN DE INFANTES CONSTANCIO C VIGIL,CORDOBA,CAPITAL,CÓRDOBA,140222000,JUAN LLERENA 5561 SAN LORENZO SUD B° SAN LORENZO SUD-RUTA 9 SUD (PASANDO FIAT-1°BARRIO MANO IZQUIERDA)
4084,J.DE INF. CONSTANCIO CECILIO VIGIL,JARDIN DE INFANTES CONSTANCIO CECILIO VIGIL,RIO CEBALLOS,COLON,CÓRDOBA,140264900,1 de mayo 132 Moreyra RIO CEBALLOS
4085,J.DE INF. CONSTANCIO CECILIO VIGIL,JARDIN DE INFANTES CONSTANCIO CECILIO VIGIL,NOETINGER,UNION,CÓRDOBA,140352600,ANDRES COSTA 486  NOETINGER
4086,J.DE INF. CONSTANCIO LUXARDO,JARDIN DE INFANTES CONSTANCIO LUXARDO,ESTACION LUXARDO,SAN JUSTO,CÓRDOBA,140251000,CALLE PUBLICA S/N    ESTACION LUXARDO
4087,J.DE INF. CONTRALMIRANTE VALENTIN FEILBERG,JARDIN DE INFANTES CONTRALMIRANTE VALENTIN FEILBERG,WASHINGTON,RIO CUARTO,CÓRDOBA,140179000,CALLE Nº 1   WASHINGTON
4088,J.DE INF. CORAZON DE MARIA,JARDIN DE INFANTES CORAZON DE MARIA,CORDOBA,CAPITAL,CÓRDOBA,140422400,ANTONIO DEL VISO 445 ALTA CORDOBA B° ALTA CORDOBA
4089,J.DE INF. CORNELIO SAAVEDRA,JARDIN DE INFANTES CORNELIO SAAVEDRA,CORDOBA,CAPITAL,CÓRDOBA,140021800,CNO.A VILLA POSSE KM 5 1/2  VILLA POSSE
4090,J.DE INF. CORNELIO SAAVEDRA,JARDIN DE INFANTES CORNELIO SAAVEDRA,SANTA CATALINA,RIO CUARTO,CÓRDOBA,140168800,LA RIOJA Y AV. GRAL. PAZ  CENTRO STA. CATALINA (P/HOLMBERG)
4091,J.DE INF. CORNELIO SAAVEDRA,JARDIN DE INFANTES CORNELIO SAAVEDRA,VILLA CANDELARIA,RIO SECO,CÓRDOBA,140207500,CALLE PUBLICA S/N°   VILLA CANDELARIA
4092,J.DE INF. CORONEL AGUSTIN A.OLMEDO ANEXO EL BORDO,JARDIN DE INFANTES CORONEL AGUSTIN A OLMEDO ANEXO EL BORDO,EL BORDO,SAN ALBERTO,CÓRDOBA,140257601,EL BORDO
4093,J.DE INF. CORONEL AGUSTIN A.OLMEDO ANEXO SAUCE ARRIBA,JARDIN DE INFANTES CORONEL AGUSTIN A OLMEDO ANEXO SAUCE ARRIBA,SAUCE ARRIBA,SAN ALBERTO,CÓRDOBA,140257602,SAUCE ARRIBA
4094,J.DE INF. CORONEL AGUSTIN ANGEL OLMEDO,JARDIN DE INFANTES CORONEL AGUSTIN ANGEL OLMEDO,VILLA SARMIENTO,SAN ALBERTO,CÓRDOBA,140257600,AV.INTENDENTE JUAN C.LEYES   VILLA SARMIENTO
4095,J.DE INF. CORONEL AGUSTIN OLMEDO,JARDIN DE INFANTES CORONEL AGUSTIN OLMEDO,VILLA DOLORES,SAN JAVIER,CÓRDOBA,140089800,LUIS TESSANDORI  PIEDRA PINTADA VILLA DOLORES
4096,J.DE INF. CORONEL ARTURO HORACIO CARPANI COSTA,JARDIN DE INFANTES CORONEL ARTURO HORACIO CARPANI COSTA,SEBASTIAN ELCANO,RIO SECO,CÓRDOBA,140118700,AVELLANEDA 212  SEBASTIAN ELCANO
4097,J.DE INF. CORONEL ARTURO HORACIO CARPANI COSTA ANEXO DE LA RINCONADA(E),JARDIN DE INFANTES CORONEL ARTURO HORACIO CARPANI COSTA ANEXO DE LA RINCONADA (E),LA RINCONADA,RIO SECO,CÓRDOBA,140118704,CALLE PUBLICA S/N°   LA RINCONADA ESTE
4098,J.DE INF. CORONEL DOMINGO GAY,JARDIN DE INFANTES CORONEL DOMINGO GAY,LAS PERDICES,TERCERO ARRIBA,CÓRDOBA,140256900,SAN LUIS 743 ARGENTINO LAS PERDICES
4099,J.DE INF. CORONEL FRANCISCO DE BEDOYA,JARDIN DE INFANTES CORONEL FRANCISCO DE BEDOYA,RAYO CORTADO,RIO SECO,CÓRDOBA,140118900,CALLE PUBLICA S/N    RAYO CORTADO
4075,J.DE INF. CNEL. JUAN PASCUAL PRINGLES,JARDIN DE INFANTES CORONEL JUAN PASCUAL PRINGLES,SANTIAGO TEMPLE,RIO SEGUNDO,CÓRDOBA,140118100,MARIANO MORENO 1230  SANTIAGO TEMPLE
4100,J.DE INF. CORONEL OLMEDO,JARDIN DE INFANTES CORONEL OLMEDO,SAN PEDRO,SAN ALBERTO,CÓRDOBA,140146100,GENERAL PAZ 151 CENTRO SAN PEDRO
4101,J.DE INF. CORONEL OLMEDO,JARDIN DE INFANTES CORONEL OLMEDO,CORDOBA,CAPITAL,CÓRDOBA,140406800,PASCUAL RUIZ HUIDOBRO S/N°  CORONEL OLMEDO B° CORONEL OLMEDO
4102,J.DE INF. CORONEL OLMEDO ANEXO LAS TOSCAS,JARDIN DE INFANTES CORONEL OLMEDO ANEXO LAS TOSCAS,LAS TOSCAS,SAN ALBERTO,CÓRDOBA,140146102,CALLE PUBLICA   LAS TOSCAS - SAN ALBERTO
4103,J.DE INF. CORONEL OLMEDO ANEXO SANTA MARIA,JARDIN DE INFANTES CORONEL OLMEDO ANEXO SANTA MARIA,SANTA MARIA,SAN ALBERTO,CÓRDOBA,140146101,CALLE PUBLICA
4076,J.DE INF. CNEL. VICTORINO ORDOÑEZ,JARDIN DE INFANTES CORONEL VICTORINO ORDOÑEZ,LA CARLOTA,JUAREZ CELMAN,CÓRDOBA,140128000,OLMOS 1250 CENTRAL ARGENTINO LA CARLOTA
4104,J.DE INF. COSME ARGERICH,JARDIN DE INFANTES COSME ARGERICH,VILLA SANTA CRUZ DEL LAGO,PUNILLA,CÓRDOBA,140193400,LAS AZUCENAS S/N  CENTRO VILLA SANTA CRUZ DEL LAGO
5065,JARDIN DE INF. COSTA AZUL,JARDIN DE INFANTES COSTA AZUL,VILLA CARLOS PAZ,PUNILLA,CÓRDOBA,140239600,HUARPES 88  VILLA CARLOS PAZ
4105,J.DE INF. CRISTO REY,JARDIN DE INFANTES CRISTO REY,CORDOBA,CAPITAL,CÓRDOBA,140011300,CURA BROCHERO 753 GENERAL BUSTOS B° GENERAL BUSTOS
4106,J.DE INF. CRISTO REY,JARDIN DE INFANTES CRISTO REY,MORTEROS,SAN JUSTO,CÓRDOBA,140173900,25 DE MAYO  OESTE MORTEROS
4109,J.DE INF. CURA BROCHERO,JARDIN DE INFANTES CURA BROCHERO,CORDOBA,CAPITAL,CÓRDOBA,140307600,JAMAICA 967 RESIDENCIAL AMERICA B° RESIDENCIAL AMERICA
4110,J.DE INF. DALMACIO V. SARSFIELD,JARDIN DE INFANTES DALMACIO V SARSFIELD,VILLA QUILINO,ISCHILIN,CÓRDOBA,140063700,VELEZ SARSFIELD S/N°  CENTRO VILLA QUILINO
4111,J.DE INF. DALMACIO V. SARSFIELD,JARDIN DE INFANTES DALMACIO V SARSFIELD,CORDOBA,CAPITAL,CÓRDOBA,140342800,AV. HUMBERTO PRIMO 2285 ALBERDI B° ALBERDI
4112,J.DE INF. DALMACIO V.SARSFIELD ANEXO CNIA.BEIRO ESTE,JARDIN DE INFANTES DALMACIO V SARSFIELD ANEXO CNIA BEIRO ESTE,COLONIA BEIRO ESTE,SAN JUSTO,CÓRDOBA,140173501,COLONIA BEIRO ESTE
4113,J.DE INF. DALMACIO VELEZ SARSFIELD,JARDIN DE INFANTES DALMACIO VELEZ SARSFIELD,SATURNINO MARIA LASPIUR,SAN JUSTO,CÓRDOBA,140100000,SARMIENTO 48  SATURNINO MARIA LASPIUR
4114,J.DE INF. DALMACIO VELEZ SARSFIELD,JARDIN DE INFANTES DALMACIO VELEZ SARSFIELD,MORTEROS,SAN JUSTO,CÓRDOBA,140173500,EMILIO F. OLMOS 333 CENTRO MORTEROS
4115,J.DE INF. DAMAS MENDOCINAS,JARDIN DE INFANTES DAMAS MENDOCINAS,RIO CUARTO,RIO CUARTO,CÓRDOBA,140177900,SAINT REMY 564 PATRICIOS RIO CUARTO
4116,J.DE INF. DAMAS PATRICIAS,JARDIN DE INFANTES DAMAS PATRICIAS,LA FRANCIA,SAN JUSTO,CÓRDOBA,140359700,BV. CORDOBA 165  LA FRANCIA
4117,J.DE INF. DARDO ROCHA,JARDIN DE INFANTES DARDO ROCHA,LABORDE,UNION,CÓRDOBA,140203000,URQUIZA S/N  CENTRO LABORDE
4118,J.DE INF. DARDO ROCHA (ex CAMPO CENTRAL SAN ROQUE),JARDIN DE INFANTES DARDO ROCHA (ex CAMPO CENTRAL SAN ROQUE),EL DIQUECITO,COLON,CÓRDOBA,140556400,CALLE PUBLICA S/N°  EL DIQUECITO SANATORIO DIQUECITO RUTA PROV. E-55- CAMPAMENTO CENTRAL SAN ROQUE
3901,J. DE INF. DE B° SOL NACIENTE,JARDIN DE INFANTES DE B SOL NACIENTE,CORDOBA,CAPITAL,CÓRDOBA,140524900,CALLE 2  SOL NACIENTE BARRIO SOL NACIENTE
4119,J.DE INF. DE LA CRUZ ALTA,JARDIN DE INFANTES DE LA CRUZ ALTA,CRUZ ALTA,MARCOS JUAREZ,CÓRDOBA,140204300,CORDOBA 630 ARROYITO CRUZ ALTA
4120,J.DE INF. DE LA INMACULADA,JARDIN DE INFANTES DE LA INMACULADA,CORDOBA,CAPITAL,CÓRDOBA,140425300,ENTRE RIOS 142 CENTRO B°CENTRO
4121,J.DE INF. DE LAS AMERICAS,JARDIN DE INFANTES DE LAS AMERICAS,CORDOBA,CAPITAL,CÓRDOBA,140028100,RIMINI 675 KENNEDY
4122,J.DE INF. DEAN FUNES,JARDIN DE INFANTES DEAN FUNES,CORDOBA,CAPITAL,CÓRDOBA,140290200,ANA MARIA JANER 1551 PUEYRREDON
4123,J.DE INF. DEL CARMEN,JARDIN DE INFANTES DEL CARMEN,CORDOBA,CAPITAL,CÓRDOBA,140455700,AV. RECTA MARTINOLI  6460 ARGUELLO B° ARGUELLO
4124,J.DE INF. DEL INMACULADO CZÓN DE MARÍA ADORATRICES,JARDIN DE INFANTES DEL INMACULADO CZÓN DE MARÍA ADORATRICES,CORDOBA,CAPITAL,CÓRDOBA,140487100,ROSARIO DE SANTA FE 540 CENTRO B° CENTRO
4125,J.DE INF. DEL NIÑO JESUS,JARDIN DE INFANTES DEL NIÑO JESUS,BERROTARAN,RIO CUARTO,CÓRDOBA,140424700,VELEZ SARSFIELD 542 RADOSTA BERROTARAN
4126,J.DE INF. DEL ROSARIO,JARDIN DE INFANTES DEL ROSARIO,VILLA MARIA,GENERAL SAN MARTIN,CÓRDOBA,140498900,BOULEVARD ALVEAR 68 BARRIO CENTRO VILLA MARIA
4127,J.DE INF. DIRECTOR RAUL SOULE,JARDIN DE INFANTES DIRECTOR RAUL SOULE,RIO BAMBA,PRESIDENTE ROQUE SAENZ PEÑA,CÓRDOBA,140085500,JOSEFA GORLERO   RIO BAMBA
4128,J.DE INF. DIVINO NIÑO JESUS(EX LETTY STUCCHI BAUDON),JARDIN DE INFANTES DIVINO NIÑO JESUS (EX LETTY STUCCHI BAUDON),CORDOBA,CAPITAL,CÓRDOBA,140307500,PUERTO RICO 1050 RESIDENCIAL AMERICA B° RESIDENCIAL AMERICA
4171,J.DE INF. DR. ADOLFO ALSINA,JARDIN DE INFANTES DOCTOR ADOLFO ALSINA,RIO CUARTO,CÓRDOBA,,140153400,AV. GARIBALDI 796 BANDA NORTE RIO CUARTO
4172,J.DE INF. DR. ALEJANDRO GALLARDO,JARDIN DE INFANTES DOCTOR ALEJANDRO GALLARDO,CORDOBA,CÓRDOBA,,140077300,CALLE PUBLICA  GRANJA DE FUNES B° GRANJA DE FUNES - ALTURA BV. DE LOS ALEMANES AL 5900
4173,J.DE INF. DR. ALEXIS CARREL,JARDIN DE INFANTES DOCTOR ALEXIS CARREL,RIO TERCERO,CÓRDOBA,,140209800,ESPERANZA 2100 VILLA ZOILA RIO TERCERO
4129,J.DE INF. DOCTOR ANTONIO NORES,JARDIN DE INFANTES DOCTOR ANTONIO NORES,CORDOBA,CAPITAL,CÓRDOBA,140422300,JULIO DE VEDIA 2355 SANTA CLARA DE ASIS B° SANTA CLARA DE ASIS
4174,J.DE INF. DR. ANTONIO SOBRAL,JARDIN DE INFANTES DOCTOR ANTONIO SOBRAL,VILLA MARIA,CÓRDOBA,,140441300,ANTONIO SOBRAL 650 CENTRO VILLA MARIA
4130,J.DE INF. DOCTOR ARTURO M. BAS,JARDIN DE INFANTES DOCTOR ARTURO M BAS,VILLA MARIA,GENERAL SAN MARTIN,CÓRDOBA,140420100,FIGUEROA ALCORTA 155 LAS PLAYAS VILLA MARIA
4175,J.DE INF. DR. CARLOS N. VERGARA,JARDIN DE INFANTES DOCTOR CARLOS N VERGARA,CORONEL MOLDES,CÓRDOBA,,140375600,FRENCH 87 ALBERDI CORONEL MOLDES
4176,J.DE INF. DR. CARLOS VAZ FERREIRA,JARDIN DE INFANTES DOCTOR CARLOS VAZ FERREIRA,CORDOBA,CÓRDOBA,,140423700,FUENCARRAL  BELLA VISTA B° BELLA VISTA
4177,J.DE INF. DR. DALMACIO VELEZ SARSFIELD,JARDIN DE INFANTES DOCTOR DALMACIO VELEZ SARSFIELD,VILLA MARIA,CÓRDOBA,,140205100,ESTADOS UNIDOS 775 ROQUE SAENZ PEÑA VILLA MARIA
4178,J.DE INF. DR. DALMACIO VELEZ SARSFIELD,JARDIN DE INFANTES DOCTOR DALMACIO VELEZ SARSFIELD,GUATIMOZIN,CÓRDOBA,,140218000,AVENIDA CORDOBA 356 CENTRO GUATIMOZIN
4179,J.DE INF. DR. DALMACIO VELEZ SARSFIELD,JARDIN DE INFANTES DOCTOR DALMACIO VELEZ SARSFIELD,UNQUILLO,CÓRDOBA,,140416200,SARMIENTO 100 CENTRO UNQUILLO
4180,J.DE INF. DR. DALMACIO VELEZ SARSFIELD,JARDIN DE INFANTES DOCTOR DALMACIO VELEZ SARSFIELD,BELL VILLE,CÓRDOBA,,140417300,VELEZ SARSFIELD 469 SAN VICENTE BELL VILLE
4207,J.DE INF. DR.EMILIO ESTEBAN SANCHEZ,JARDIN DE INFANTES DOCTOR EMILIO ESTEBAN SANCHEZ,CORDOBA,CÓRDOBA,,140001900,RAFAEL FELICIANO ALCARAZ 5765 AMPLIACION PALMAR B° AMPLIACION PALMAR
4181,J.DE INF. DR. FELIX VINUESA,JARDIN DE INFANTES DOCTOR FELIX VINUESA,RIO TERCERO,CÓRDOBA,,140121500,RIO BERMEJO 1176 SARMIENTO RIO TERCERO
4131,J.DE INF. DOCTOR FLORENTINO FRANCISCO BUSTOS,JARDIN DE INFANTES DOCTOR FLORENTINO FRANCISCO BUSTOS,BOUWER,SANTA MARIA,CÓRDOBA,140106200,SAN CAYETANO ESQ. JUAN XXIII   BOUWER
4182,J.DE INF. DR. HENOCH D. AGUIAR,JARDIN DE INFANTES DOCTOR HENOCH D AGUIAR,CORDOBA,CÓRDOBA,,140228600,JOSE DE OLMEDO  600 LOS GIGANTES B° LOS GIGANTES
4183,J.DE INF. DR. HUGO LEONELLI,JARDIN DE INFANTES DOCTOR HUGO LEONELLI,LOS ZORROS,CÓRDOBA,,140144700,MAIPU 311  LOS ZORROS
4184,J.DE INF. DR. HUMBERTO ROQUE DAGUM,JARDIN DE INFANTES DOCTOR HUMBERTO ROQUE DAGUM,CORDOBA,CÓRDOBA,,140477600,VIAS DE FFCC GENERAL BELGRANO S/N°  REMEDIOS DE ESCALADA B° REMEDIOS DE ESCALADA (A 50 mts de Av. Japón)
4185,J.DE INF. DR. JERONIMO DEL BARCO,JARDIN DE INFANTES DOCTOR JERONIMO DEL BARCO,VILLA PARQUE SIQUIMAN,CÓRDOBA,,140193500,RUTA NAC. 38 KM.751  CENTRO VILLA PARQUE SIQUIMAN
4186,J.DE INF. DR. JOSE AGUIRRE CAMARA,JARDIN DE INFANTES DOCTOR JOSE AGUIRRE CAMARA,CORDOBA,CÓRDOBA,,140345700,AVENIDA SANTA ANA 5000 LOS FILTROS av santa ana esq. petirosi
4187,J.DE INF. DR. JOSE BIANCO,JARDIN DE INFANTES DOCTOR JOSE BIANCO,VILLA MARIA,CÓRDOBA,,140204900,MENDOZA 552 CENTRO VILLA MARIA
3903,J. DE INF. DR. JOSE FRANCISCO MIERES,JARDIN DE INFANTES DOCTOR JOSE FRANCISCO MIERES,COSQUIN,PUNILLA,CÓRDOBA,140043600,"MANUEL MIERES 895 ALTO MIERES COSQUIN -DESDE LA RUTA 38, A LA IZQUIERDA, 8 CUADRAS APROX."
4208,J.DE INF. DR.JOSE FRANCISCO MIERES ANEXO MOLINARI,JARDIN DE INFANTES DOCTOR JOSE FRANCISCO MIERES ANEXO MOLINARI,MOLINARI (COSQUIN),CÓRDOBA,,140043601,RUTA NACIONAL 38  EL CONDADO
4209,J.DE INF. DR.JOSE GARCIA GONZALEZ,JARDIN DE INFANTES DOCTOR JOSE GARCIA GONZALEZ,ALTO ALEGRE,CÓRDOBA,,140276600,BUENOS AIRES 249  ALTO ALEGRE
4188,J.DE INF. DR. JOSE MANUEL ESTRADA,JARDIN DE INFANTES DOCTOR JOSE MANUEL ESTRADA,JESUS MARIA,CÓRDOBA,,140344000,JOSE MANUEL ESTRADA 1190 PUEBLO NUEVO JESUS MARIA
4210,J.DE INF. DR.JUAN BIALET MASSE,JARDIN DE INFANTES DOCTOR JUAN BIALET MASSE,BIALET MASSE,CÓRDOBA,,140078500,ROQUE SAENZ PEÑA 93 CENTRO BIALET MASSE
4189,J.DE INF. DR. JUAN JOSE PASO,JARDIN DE INFANTES DOCTOR JUAN JOSE PASO,LA CALERA,CÓRDOBA,,140408200,SPANGEMBERG 808 25 DE MAYO LA CALERA
4190,J.DE INF. DR. JUAN MANUEL ALBARENQUE,JARDIN DE INFANTES DOCTOR JUAN MANUEL ALBARENQUE,LAS BAJADAS,CÓRDOBA,,140119600,CALLE PUBLICA   LAS BAJADAS -KM.730 P/RUTA NACIONAL Nº 36
4211,J.DE INF. DR.JUAN MANUEL PEREYRA,JARDIN DE INFANTES DOCTOR JUAN MANUEL PEREYRA,BENGOLEA,CÓRDOBA,,140102700,EVA FUENTES DE TONELLI   BENGOLEA
4191,J.DE INF. DR. JUSTO ABEL CARTAS,JARDIN DE INFANTES DOCTOR JUSTO ABEL CARTAS,ALMAFUERTE,CÓRDOBA,,140306500,CHILE 481 ARENALES ALMAFUERTE
3904,J. DE INF. DR. LAUREANO MARADONA,JARDIN DE INFANTES DOCTOR LAUREANO MARADONA,CORDOBA,CAPITAL,CÓRDOBA,140525100,CALLE PUBLICA S/N°  LA FLORESTA B° LA FLORESTA (RUTA NACIONAL N° 19 -CASI MALVINAS ARGENTINAS)
4192,J.DE INF. DR. LUIS AUGUSTO CAEIRO,JARDIN DE INFANTES DOCTOR LUIS AUGUSTO CAEIRO,CORDOBA,CÓRDOBA,,140398800,AVENIDA NATANIEL MORCILLO 1968 CRISOL NORTE
4193,J.DE INF. DR. LUIS LEZAMA,JARDIN DE INFANTES DOCTOR LUIS LEZAMA,CORDOBA,CÓRDOBA,,140064500,FERMIN MARTIN-MZANA 24-IPV-SECTOR 360  ARGUELLO NORTE B° ARGUELLO NORTE
4132,J.DE INF. DOCTOR NICOLAS AVELLANEDA,JARDIN DE INFANTES DOCTOR NICOLAS AVELLANEDA,CORDOBA,CAPITAL,CÓRDOBA,140423600,CALLE PUBLICA S/N°  VILLA SAN CARLOS CNO. A SAN CARLOS KM 4 B° VILLA SAN CARLOS
4194,J.DE INF. DR. NICOLAS AVELLANEDA,JARDIN DE INFANTES DOCTOR NICOLAS AVELLANEDA,PUNTA DE AGUA,CÓRDOBA,,140014700,CALLE PUBLICA   PUNTA DEL AGUA POR MALAGUEÑO
4195,J.DE INF. DR. NICOLAS AVELLANEDA,JARDIN DE INFANTES DOCTOR NICOLAS AVELLANEDA,VILLA MARIA,CÓRDOBA,,140159500,BUENOS AIRES 2362 GENERAL SAN MARTIN VILLA MARIA
4196,J.DE INF. DR. NICOLAS AVELLANEDA,JARDIN DE INFANTES DOCTOR NICOLAS AVELLANEDA,COLONIA VALTERIANA,CÓRDOBA,,140248800,SARMIENTO S/N   VILLA VALTELINA
4197,J.DE INF. DR. NICOLAS AVELLANEDA ANEXO COLONIA SANTA ROSA,JARDIN DE INFANTES DOCTOR NICOLAS AVELLANEDA ANEXO COLONIA SANTA ROSA,NO FIGURA EN TABLA,CÓRDOBA,,140159501,CALLE PUBLICA S/N°   PARAJE COLONIA SANTA ROSA P/ARROYO ALGODON
4198,J.DE INF. DR. PABLO JULIO RODRIGUEZ,JARDIN DE INFANTES DOCTOR PABLO JULIO RODRIGUEZ,BALNEARIA,CÓRDOBA,,140192200,LAVALLE 150  BALNEARIA
4199,J.DE INF. DR. PABLO JULIO RODRIGUEZ ANEXO COLONIA EL DESQUITE,JARDIN DE INFANTES DOCTOR PABLO JULIO RODRIGUEZ ANEXO COLONIA EL DESQUITE,EL DESQUITE,CÓRDOBA,,140192201,CALLE PUBLICA S/N°   COLONIA EL DESQUITE P/BANEARIA
4200,J.DE INF. DR. PABLO RUEDA,JARDIN DE INFANTES DOCTOR PABLO RUEDA,LA GRANJA,CÓRDOBA,,140416300,OMBU  VILLA ANI MI ESQUINA CHAÑAR
4201,J.DE INF. DR. PABLO RUEDA,JARDIN DE INFANTES DOCTOR PABLO RUEDA,COLONIA TIROLESA,CÓRDOBA,,140481500,AVENIDA ILLIA (NORTE) 575 CENTRO
4202,J.DE INF. DR. PABLO RUEDA ANEXO LOS MOLLES,JARDIN DE INFANTES DOCTOR PABLO RUEDA ANEXO LOS MOLLES,LOS MOLLES,CÓRDOBA,,140416301,CALLE PUBLICA   LOS MOLLES P/CNO.VIEJO A ESTACION CAROYA
4203,J.DE INF. DR. PEDRO C. MOLINA,JARDIN DE INFANTES DOCTOR PEDRO C MOLINA,ALMAFUERTE,CÓRDOBA,,140306000,AV. BUENOS AIRES 445 BELGRANO ALMAFUERTE
4133,J.DE INF. DOCTOR RAMON J. CARCANO,JARDIN DE INFANTES DOCTOR RAMON J CARCANO,CORDOBA,CAPITAL,CÓRDOBA,140221200,CATAMARCA 1459 GENERAL PAZ B° GENERAL PAZ
4204,J.DE INF. DR. RENE FAVALORO,JARDIN DE INFANTES DOCTOR RENE FAVALORO,GENERAL DEHEZA,CÓRDOBA,,140499200,CHACO Y BV. FRANCIA  POLIDEPORTIVO GENERAL DEHEZA
4205,J.DE INF. DR. RICARDO LEVENE,JARDIN DE INFANTES DOCTOR RICARDO LEVENE,SAUCE ARRIBA,CÓRDOBA,,140145900,CALLE PUBLICA   PARAJE PIEDRA PINTADA QUE PERTENECE A LA LOC. SAUCE ARRIBA
4212,J.DE INF. DR.SANTIAGO DERQUI,JARDIN DE INFANTES DOCTOR SANTIAGO DERQUI,COLONIA PROSPERIDAD,CÓRDOBA,,140310200,CORDOBA 333  COLONIA PROSPERIDAD
4213,J.DE INF. DR.SANTIAGO DERQUI ANEXO DE COLONIA SANTA MARIA,JARDIN DE INFANTES DOCTOR SANTIAGO DERQUI ANEXO DE COLONIA SANTA MARIA,COLONIA SANTA MARIA,CÓRDOBA,,140310201,CALLE PUBLICA   COLONIA SANTA MARIA
4206,J.DE INF. DR. SILVIO JUAN BERTEA LAMBERTO,JARDIN DE INFANTES DOCTOR SILVIO JUAN BERTEA LAMBERTO,MONTE RALO,CÓRDOBA,,140244300,PASAJE LUIS DAMIANO   MONTE RALO
4214,J.DE INF. DRA. ALICIA MOREAU DE JUSTO,JARDIN DE INFANTES DOCTORA ALICIA MOREAU DE JUSTO,GENERAL LEVALLE,CÓRDOBA,,140085700,CARLOS GARDEL 546 SUR GENERAL LEVALLE
4134,J.DE INF. DOCTORA CECILIA GRIERSON,JARDIN DE INFANTES DOCTORA CECILIA GRIERSON,LOS COCOS,PUNILLA,CÓRDOBA,140264400,INTENDENTE BAUTISTA MAFFASSANTI S/N  CENTRO LOS COCOS
4135,J.DE INF. DOLORES MOYANO DIAZ,JARDIN DE INFANTES DOLORES MOYANO DIAZ,LUQUE,RIO SEGUNDO,CÓRDOBA,140116400,25 DE MAYO 550 CENTRO LUQUE
4136,J.DE INF. DOMINGO F. SARMIENTO,JARDIN DE INFANTES DOMINGO F SARMIENTO,EL FORTIN,SAN JUSTO,CÓRDOBA,140099200,MATEO OLIVERO 528 CENTRO EL FORTIN
4137,J.DE INF. DOMINGO F. SARMIENTO,JARDIN DE INFANTES DOMINGO F SARMIENTO,HUANCHILLAS,JUAREZ CELMAN,CÓRDOBA,140109800,EMILIO R. LEMOS   HUANCHILLAS
4138,J.DE INF. DOMINGO F. SARMIENTO,JARDIN DE INFANTES DOMINGO F SARMIENTO,LA CAROLINA,RIO CUARTO,CÓRDOBA,140113100,DOMINGO F. SARMIENTO S/N°   LA CAROLINA-EL POTOSÍ-
4139,J.DE INF. DOMINGO F. SARMIENTO,JARDIN DE INFANTES DOMINGO F SARMIENTO,NONO,SAN ALBERTO,CÓRDOBA,140144300,DOMINGO F. SARMIENTO 329  NONO
4140,J.DE INF. DOMINGO F. SARMIENTO,JARDIN DE INFANTES DOMINGO F SARMIENTO,LA CRUZ,CALAMUCHITA,CÓRDOBA,140247000,SARMIENTO 472  LA CRUZ
4141,J.DE INF. DOMINGO F. SARMIENTO,JARDIN DE INFANTES DOMINGO F SARMIENTO,VILLA CARLOS PAZ,PUNILLA,CÓRDOBA,140287300,LAS MARGARITAS  VILLA INDEPENDENCIA VILLA CARLOS PAZ
4142,J.DE INF. DOMINGO F. SARMIENTO,JARDIN DE INFANTES DOMINGO F SARMIENTO,LOS CHAÑARES,COLON,CÓRDOBA,140347800,LOTE 6 D (LOS CHAÑARES)   LOS CHAÑARES P/COLONIA CAROYA
4143,J.DE INF. DOMINGO F. SARMIENTO,JARDIN DE INFANTES DOMINGO F SARMIENTO,SERRANO,PRESIDENTE ROQUE SAENZ PEÑA,CÓRDOBA,140349000,CORDOBA 612  SERRANO
4145,J.DE INF. DOMINGO F.SARMIENTO,JARDIN DE INFANTES DOMINGO F SARMIENTO,PLAZA VIDELA,RIO SEGUNDO,CÓRDOBA,140032300,JOAQUIN CURTO S/N   PLAZA VIDELA
4146,J.DE INF. DOMINGO F.SARMIENTO,JARDIN DE INFANTES DOMINGO F SARMIENTO,DEVOTO,SAN JUSTO,CÓRDOBA,140098000,BELGRANO 312 CENTRO DEVOTO
4144,J.DE INF. DOMINGO F. SARMIENTO ANEXO EL RASTREADOR,JARDIN DE INFANTES DOMINGO F SARMIENTO ANEXO EL RASTREADOR,EL RASTREADOR,JUAREZ CELMAN,CÓRDOBA,140109801,CALLE PUBLICA S/N   EL RASTREADOR
4147,J.DE INF. DOMINGO FAUSTINO SARMIENTO,JARDIN DE INFANTES DOMINGO FAUSTINO SARMIENTO,PASCO,GENERAL SAN MARTIN,CÓRDOBA,140018100,SARMIENTO 375  PASCO
4148,J.DE INF. DOMINGO FAUSTINO SARMIENTO,JARDIN DE INFANTES DOMINGO FAUSTINO SARMIENTO,LAS PERDICES,TERCERO ARRIBA,CÓRDOBA,140037700,SAN JERONIMO Y SAN MARTIN  CENTRO LAS PERDICES
4149,J.DE INF. DOMINGO FAUSTINO SARMIENTO,JARDIN DE INFANTES DOMINGO FAUSTINO SARMIENTO,VIAMONTE,UNION,CÓRDOBA,140052600,9 DE JULIO 245 CENTRO VIAMONTE
4150,J.DE INF. DOMINGO FAUSTINO SARMIENTO,JARDIN DE INFANTES DOMINGO FAUSTINO SARMIENTO,TANTI,PUNILLA,CÓRDOBA,140077800,MONSEÑOR DE ANDREA 115 CENTRO TANTI
4151,J.DE INF. DOMINGO FAUSTINO SARMIENTO,JARDIN DE INFANTES DOMINGO FAUSTINO SARMIENTO,RIO CUARTO,RIO CUARTO,CÓRDOBA,140088900,FRAY MAMERTO ESQUIU 1035 BIMACO RIO CUARTO
4152,J.DE INF. DOMINGO FAUSTINO SARMIENTO,JARDIN DE INFANTES DOMINGO FAUSTINO SARMIENTO,SAN FRANCISCO,SAN JUSTO,CÓRDOBA,140093000,ITURRASPE 2454 ROCA SAN FRANCISCO
4153,J.DE INF. DOMINGO FAUSTINO SARMIENTO,JARDIN DE INFANTES DOMINGO FAUSTINO SARMIENTO,MENDIOLAZA,COLON,CÓRDOBA,140098300,AVENIDA MALVINAS  CENTRO MENDIOLAZA
4154,J.DE INF. DOMINGO FAUSTINO SARMIENTO,JARDIN DE INFANTES DOMINGO FAUSTINO SARMIENTO,LA CARLOTA,JUAREZ CELMAN,CÓRDOBA,140125500,JORGE R. ROSS 183 CENTRO LA CARLOTA
4155,J.DE INF. DOMINGO FAUSTINO SARMIENTO,JARDIN DE INFANTES DOMINGO FAUSTINO SARMIENTO,LOS CISNES,JUAREZ CELMAN,CÓRDOBA,140128100,BUENOS AIRES 220  LOS CISNES
4156,J.DE INF. DOMINGO FAUSTINO SARMIENTO,JARDIN DE INFANTES DOMINGO FAUSTINO SARMIENTO,MATORRALES,RIO SEGUNDO,CÓRDOBA,140164600,SARMIENTO 248  MATORRALES
4157,J.DE INF. DOMINGO FAUSTINO SARMIENTO,JARDIN DE INFANTES DOMINGO FAUSTINO SARMIENTO,MONTE LEÑA,UNION,CÓRDOBA,140174100,INDEPENDENCIA 89  MONTE LEÑA
4158,J.DE INF. DOMINGO FAUSTINO SARMIENTO,JARDIN DE INFANTES DOMINGO FAUSTINO SARMIENTO,ACHIRAS,RIO CUARTO,CÓRDOBA,140180300,ALSINA 333  ACHIRAS
4159,J.DE INF. DOMINGO FAUSTINO SARMIENTO,JARDIN DE INFANTES DOMINGO FAUSTINO SARMIENTO,ALPA CORRAL,RIO CUARTO,CÓRDOBA,140180600,JULIO C.BORDA S/N  CENTRO ALPA CORRAL (AL LADO DEL CENTRO CULTURAL)
4160,J.DE INF. DOMINGO FAUSTINO SARMIENTO,JARDIN DE INFANTES DOMINGO FAUSTINO SARMIENTO,OLIVA,TERCERO ARRIBA,CÓRDOBA,140362200,JUAN MARENGO 44 MEDALLA MILAGROSA OLIVA
4161,J.DE INF. DOMINGO FAUSTINO SARMIENTO,JARDIN DE INFANTES DOMINGO FAUSTINO SARMIENTO,RIO DE LOS SAUCES,CALAMUCHITA,CÓRDOBA,140377000,CALLE PUBLICA S/N°   RIO DE LOS SAUCES
4162,J.DE INF. DOMINGO FAUSTINO SARMIENTO,JARDIN DE INFANTES DOMINGO FAUSTINO SARMIENTO,LOS CHAÑARITOS N° 1,CRUZ DEL EJE,CÓRDOBA,140386200,CALLE PUBLICA  LAPRIDA
4163,J.DE INF. DOMINGO FAUSTINO SARMIENTO,JARDIN DE INFANTES DOMINGO FAUSTINO SARMIENTO,RIO CEBALLOS,COLON,CÓRDOBA,140386900,DORREGO  LA QUEBRADA RIO CEBALLOS
4164,J.DE INF. DOMINGO FAUSTINO SARMIENTO,JARDIN DE INFANTES DOMINGO FAUSTINO SARMIENTO,LA CALERA,COLON,CÓRDOBA,140408100,BELGRANO 711 CENTRO LA CALERA
4165,J.DE INF. DOMINGO FAUSTINO SARMIENTO,JARDIN DE INFANTES DOMINGO FAUSTINO SARMIENTO,JOVITA,GENERAL ROCA,CÓRDOBA,140413900,ROQUE SAENZ PEÑA 244 CENTRO JOVITA
4166,J.DE INF. DOMINGO FAUSTINO SARMIENTO,JARDIN DE INFANTES DOMINGO FAUSTINO SARMIENTO,ALEJO LEDESMA,MARCOS JUAREZ,CÓRDOBA,140419900,JOSUE RODRIGUEZ 267 CENTRO OESTE ALEJO LEDESMA
4169,J.DE INF. DOMINGO FAUSTINO SARMIENTO ANEXO COLONIA AMALIA,JARDIN DE INFANTES DOMINGO FAUSTINO SARMIENTO ANEXO COLONIA AMALIA,COLONIA AMALIA,CÓRDOBA,,140098002,CALLE PUBLICA
4167,J.DE INF. DOMINGO FAUSTINO SARMIENTO  ANEXO DE LAS CHACRAS,JARDIN DE INFANTES DOMINGO FAUSTINO SARMIENTO ANEXO DE LAS CHACRAS,COLONIA TIROLESA,COLON,CÓRDOBA,140347801,COLONIA TIROLESA
4168,J.DE INF. DOMINGO FAUSTINO SARMIENTO  ANEXO VILLA GARCIA,JARDIN DE INFANTES DOMINGO FAUSTINO SARMIENTO ANEXO VILLA GARCIA,TANTI,PUNILLA,CÓRDOBA,140077801,TANTI
4170,J.DE INF. DON ORIONE,JARDIN DE INFANTES DON ORIONE,CORDOBA,CÓRDOBA,,140156300,JOSE BENITO COTTOLENGO 1955 SANTA ISABEL 1RA. SECCION B° SANTA ISABEL 1RA. SECCION-CNO.A ALTA GRACIA KM. 7
3902,J. DE INF. DORA REGIS DE HERRERO,JARDIN DE INFANTES DORA REGIS DE HERRERO,HERNANDO,TERCERO ARRIBA,CÓRDOBA,140040700,BELGRANO SUD  BELGRANO HERNANDO
4215,J.DE INF. EDITH VERA (Bº ZEPA),JARDIN DE INFANTES EDITH VERA (B ZEPA),CORDOBA,CÓRDOBA,,140502900,CALLE PUBLICA S/N  ZEPA A Y B AL NORTE DEL MERCADO DE ABASTO DE FRUTAS Y VERDURAS
3905,J. DE INF. EDITH VERA DE B° SAN MARTIN (400 VIVIENDAS),JARDIN DE INFANTES EDITH VERA DE B SAN MARTIN (400 VIVIENDAS),VILLA MARIA,GENERAL SAN MARTIN,CÓRDOBA,140524700,AV. JOSE PERAZZOLO Y SAN LUIS  SAN MARTIN (400 VIVIENDAS) BARRIO SAN MARTIN (400 VIVIENDAS)
4216,J.DE INF. EDUARDO WILDE,JARDIN DE INFANTES EDUARDO WILDE,EL QUEBRACHAL,CÓRDOBA,,140011100,AVENIDA ARTURO CAPDEVILA KM.16   EL QUEBRACHAL
4217,J.DE INF. EGIDIO CERRITO (EX S/N. DE Bº CHINGOLO I),JARDIN DE INFANTES EGIDIO CERRITO (EX SIN NOMBRE DE B CHINGOLO I),CORDOBA,CÓRDOBA,,140497400,CALLE PUBLICA S/N°  CHINGOLO I B°CHINGOLO I(A LA ALTURA DE AV. JUAN  B. JUSTO AL 7000)
4218,J.DE INF. EJERCITO ARGENTINO,JARDIN DE INFANTES EJERCITO ARGENTINO,CORDOBA,CÓRDOBA,,140002700,PASAJE WASHINGTON 3664 VILLA LOS PINOS B° VILLA LOS PINOS
4219,J.DE INF. EJERCITO ARGENTINO,JARDIN DE INFANTES EJERCITO ARGENTINO,CORDOBA,CÓRDOBA,,140021900,LUMIERE 5525 ITUZAINGO B° ITUZAINGO
4220,J.DE INF. EJERCITO ARGENTINO,JARDIN DE INFANTES EJERCITO ARGENTINO,CORDOBA,CÓRDOBA,,140125200,CHASCOMUS 3370 JARDIN DEL PILAR
4221,J.DE INF. EJERCITO ARGENTINO,JARDIN DE INFANTES EJERCITO ARGENTINO,CORDOBA,CÓRDOBA,,140343300,AV. HUMBERTO PRIMO 3455 VILLA SIBURU B° VILLA SIBURU
4222,J.DE INF. EJERCITO DE LOS ANDES,JARDIN DE INFANTES EJERCITO DE LOS ANDES,CORDOBA,CÓRDOBA,,140212200,GENERAL TOMAS GUIDO 114 SAN MARTIN B° SAN MARTIN
4223,J.DE INF. EL GRAN CAPITAN,JARDIN DE INFANTES EL GRAN CAPITAN,ALEJANDRO ROCA,CÓRDOBA,,140101000,CARLOS AVETTA 244 CENTRO ALEJANDRO ROCA
4224,J.DE INF. EL JILGUERITO,JARDIN DE INFANTES EL JILGUERITO,ARROYO CABRAL,CÓRDOBA,,140062000,RIVADAVIA 938  ARROYO CABRAL
4225,J.DE INF. EL MUNDO DE LOS CHICOS,JARDIN DE INFANTES EL MUNDO DE LOS CHICOS,SANTA ROSA DE CALAMUCHITA,CÓRDOBA,,140448600,MARIANO MORENO 49 CENTRO SANTA ROSA DE CALAMUCHITA
4226,J.DE INF. EL OBRAJE,JARDIN DE INFANTES EL OBRAJE,ALTA GRACIA,CÓRDOBA,,140534000,OBREGON CANO S/N°  RESERVA DE LOYOLA ALTA GRACIA
4227,J.DE INF. ELENA AMALIA LOPEZ LALLANA,JARDIN DE INFANTES ELENA AMALIA LOPEZ LALLANA,CORDOBA,CÓRDOBA,,140478500,BURELA S/N°  1º DE MAYO B° 1º DE MAYO (A LA ALTURA DE AGUSTIN GARZON 5600)
4228,J.DE INF. ELISA K. DE LITVACK,JARDIN DE INFANTES ELISA K DE LITVACK,CORDOBA,CÓRDOBA,,140057700,CURAQUEN 6700 LA SALLE B° LA SALLE
4229,J.DE INF. ELOY GOMEZ,JARDIN DE INFANTES ELOY GOMEZ,FALDA DE LOS REARTES,CÓRDOBA,,140006400,RUTA PROVINCIAL NUMERO 5 KM 74   RUTA PROVINCIAL NUMERO 5 KM 74
4230,J.DE INF. ELPIDIO TORRES,JARDIN DE INFANTES ELPIDIO TORRES,CORDOBA,CÓRDOBA,,140501100,CALLE PUBLICA  S.M.A.T.A. BARRIO S.M.A.T.A.
4231,J.DE INF. EMILIO ANDRES,JARDIN DE INFANTES EMILIO ANDRES,MARCOS JUAREZ,CÓRDOBA,,140281100,RUTA NAC N° 9 KM 44  VILLA EL PANAL MARCOS JUAREZ-RUTA NAC.9-KM 444
4232,J.DE INF. EMILIO F. OLMOS,JARDIN DE INFANTES EMILIO F OLMOS,ONCATIVO,CÓRDOBA,,140121700,LAS HERAS 325  ONCATIVO
4233,J.DE INF. EMILIO F. OLMOS,JARDIN DE INFANTES EMILIO F OLMOS,SAN JOSE,CÓRDOBA,,140151000,LAVALLE S/N  CENTRO SAN JOSE
4234,J.DE INF. EMILIO F. OLMOS,JARDIN DE INFANTES EMILIO F OLMOS,GENERAL CABRERA,CÓRDOBA,,140171000,12 DE OCTUBRE 565 CENTRO GENERAL CABRERA
4235,J.DE INF. EMILIO F.OLMOS ANEXO EL BARRIAL,JARDIN DE INFANTES EMILIO F OLMOS ANEXO EL BARRIAL,EL BARRIAL,SAN JAVIER,CÓRDOBA,140151001,EL BARRIAL
4236,J.DE INF. EMILIO FELIPE OLMOS,JARDIN DE INFANTES EMILIO FELIPE OLMOS,LUYABA,CÓRDOBA,,140219100,CALLE PUBLICA S/N   LUYABA P/RUTA PROV. Nº14
4237,J.DE INF. ENRIQUE LARRETA,JARDIN DE INFANTES ENRIQUE LARRETA,ALTA GRACIA,CÓRDOBA,,140004600,CONSEJAL RUSCONI 918 EL CAÑITO ALTA GRACIA
4238,J.DE INF. ERNESTO ARRIETA,JARDIN DE INFANTES ERNESTO ARRIETA,EL SIMBOLAR,CÓRDOBA,,140197700,CALLE PUBLICA   LAS PIEDRITAS
4239,J.DE INF. ERNESTO BANCALARI,JARDIN DE INFANTES ERNESTO BANCALARI,CORDOBA,CÓRDOBA,,140027800,FRAY BENTOS 4596 GENERAL ARTIGAS
4240,J.DE INF. ERNESTO BAVIO,JARDIN DE INFANTES ERNESTO BAVIO,CRUZ DEL EJE,CÓRDOBA,,140071200,AV. CARLOS PELLEGRINI 150 CENTRO CRUZ DEL EJE
4241,J.DE INF. ERNESTO JUSTO PERALTA,JARDIN DE INFANTES ERNESTO JUSTO PERALTA,COLONIA MIRAMAR,CÓRDOBA,,140133200,CALLE PUBLICA   COLONIA MIRAMAR
4243,J.DE INF. ESCUELA MATERNAL Nº 1,JARDIN DE INFANTES ESCUELA MATERNAL 1,CORDOBA,CÓRDOBA,,140362800,PAUNERO ESQ. JULIO A. ROCA  PARQUE SARMIENTO
4244,J.DE INF. ESCUELA MATERNAL Nº 2,JARDIN DE INFANTES ESCUELA MATERNAL 2,CORDOBA,CÓRDOBA,,140046400,MATEO LUQUE 1060 ROGELIO MARTINEZ B° ROGELIO MARTINEZ
4242,J.DE INF. ESC. PRIMARIA DE APLICACION IES,JARDIN DE INFANTES ESCUELA PRIMARIA DE APLICACION IES,VILLA CARLOS PAZ,CÓRDOBA,,140016200,SOLIS 283 VILLA DOMINGUEZ VILLA CARLOS PAZ
4245,J.DE INF. ESPAÑA,JARDIN DE INFANTES ESPAÑA,CORDOBA,CÓRDOBA,,140505200,MARIO BRAVO 1323 ACOSTA B° ACOSTA
4246,J.DE INF. ESPIRITU SANTO,JARDIN DE INFANTES ESPIRITU SANTO,CORDOBA,CÓRDOBA,,140228300,JORGE ISAACS 4847 PARQUE LICEO 1RA. SECCION B° PARQUE LICEO 1RA. SECCION
4247,J.DE INF. ESTACION COLONIA TIROLESA,JARDIN DE INFANTES ESTACION COLONIA TIROLESA,ESTACION COLONIA TIROLESA,CÓRDOBA,,140556500,JOSE ANTONINI S/N   ESTACION COLONIA TIROLESA
4248,J.DE INF. ESTADOS UNIDOS DE NORTEAMERICA,JARDIN DE INFANTES ESTADOS UNIDOS DE NORTEAMERICA,CORDOBA,CÓRDOBA,,140265900,SANTA CRUZ 455 PASO DE LOS ANDES B° PASO DE LOS ANDES
4249,J.DE INF. ESTANISLAO DEL CAMPO,JARDIN DE INFANTES ESTANISLAO DEL CAMPO,LOS CHAÑARITOS,CÓRDOBA,,140423500,RUTA NACIONAL N°19 - Av. Gral. José de San Martín   LOS CHAÑARITOS P/RUTA NACIONAL N°19
4250,J.DE INF. ESTANISLAO TRABALON,JARDIN DE INFANTES ESTANISLAO TRABALON,VILLA DOLORES,CÓRDOBA,,140475100,PEDRO C.MOLINA Y CANAL SECUNDARIO  TRADICION VILLA DOLORES
4251,J.DE INF. ESTANISLAO TRABALON ANEXO VILLA DOLORES,JARDIN DE INFANTES ESTANISLAO TRABALON ANEXO VILLA DOLORES,VILLA DOLORES,CÓRDOBA,,140475101,CALLE PUBLICA  COLON VILLA DOLORES
4252,J.DE INF. ESTEBAN ECHEVERRIA,JARDIN DE INFANTES ESTEBAN ECHEVERRIA,VILLA GIARDINO,CÓRDOBA,,140285600,CHILE S/N  INDEPENDENCIA VILLA GIARDINO
4253,J.DE INF. ESTEBAN ECHEVERRIA,JARDIN DE INFANTES ESTEBAN ECHEVERRIA,CORDOBA,CÓRDOBA,,140336400,LOPEZ Y PLANES 2378 SAN VICENTE B° SAN VICENTE
4254,J.DE INF. ESTEBAN ECHEVERRIA ANEXO LA PUNILLA,JARDIN DE INFANTES ESTEBAN ECHEVERRIA ANEXO LA PUNILLA,VILLA GIARDINO,CÓRDOBA,,140285601,CALLE PUBLICA S/N  LA PUNILLA CAMINO DE LOS ARTESANOS
4255,J.DE INF. ESTER OULTON DE PEARSON,JARDIN DE INFANTES ESTER OULTON DE PEARSON,CORDOBA,CÓRDOBA,,140480000,CACHEUTA Y RIO DEL CAJON  OLMOS SUD B° OLMOS SUD
4256,J.DE INF. ESTER SANDRONE DE PICCO,JARDIN DE INFANTES ESTER SANDRONE DE PICCO,LAS PEÑAS,CÓRDOBA,,140195900,AV.22 DE OCTUBRE   LAS PEÑAS SUD
4257,J.DE INF. ESTHER QUEVEDO,JARDIN DE INFANTES ESTHER QUEVEDO,LUCIO V. MANSILLA,CÓRDOBA,,140165400,CALLE PUBLICA   LUCIO V. MANSILLA
4258,J.DE INF. ESTHER SANCHEZ DE ROUVIERE,JARDIN DE INFANTES ESTHER SANCHEZ DE ROUVIERE,EMBALSE,CÓRDOBA,,140419800,INGENIERO CASSAFOUTH S/N°  VILLA IRUPE EMBALSE P/CAMINO A LA LOCALIDAD SEGUNDA USINA
4259,J.DE INF. EVA DUARTE,JARDIN DE INFANTES EVA DUARTE,CORDOBA,CÓRDOBA,,140480100,BARTOLOME HIDALGO  1050 PARQUE LICEO 2DA. SECCION B°PARQUE LICEO 2DA. SECCION
4260,J.DE INF. FACUNDO QUIROGA,JARDIN DE INFANTES FACUNDO QUIROGA,SAN JOSE DE LA DORMIDA,CÓRDOBA,,140568100,EVA PERON S/N   SAN JOSE DE LA DORMIDA
3906,J. DE INF. FASTA INMACULADA CONCEPCION,JARDIN DE INFANTES FASTA INMACULADA CONCEPCION,SAN FRANCISCO,SAN JUSTO,CÓRDOBA,140523900,SAENZ PEÑA 1151 CATEDRAL B°ALBERDI
4261,J.DE INF. FEDERICO FROEBEL,JARDIN DE INFANTES FEDERICO FROEBEL,VILLA NUEVA,CÓRDOBA,,140132000,DEAN FUNES 1250 CENTRO VILLA NUEVA
4262,J.DE INF. FEDERICO FROEBEL,JARDIN DE INFANTES FEDERICO FROEBEL,SAIRA,CÓRDOBA,,140147600,SAN MARTIN 514  SAIRA
4263,J.DE INF. FEDERICO FROEBEL,JARDIN DE INFANTES FEDERICO FROEBEL,LAS PEÑAS,CÓRDOBA,,140190700,JUAN CASIMIRO FLORES 311  LAS PE?S
4264,J.DE INF. FEDERICO FRÖEBEL,JARDIN DE INFANTES FEDERICO FRÖEBEL,CORDOBA,CÓRDOBA,,140126400,PAMPAYASTA  2176 OÑA B°OÑA
4265,J.DE INF. FEDERICO FROEBEL ANEXO 01,JARDIN DE INFANTES FEDERICO FROEBEL ANEXO 01,VILLA NUEVA,CÓRDOBA,,140132001,LOS ARRAYANES 152 CTALAMOCHITA VILLA NUEVA
4266,J.DE INF. FEDERICO FROEBEL ANEXO LOS MISTOLES,JARDIN DE INFANTES FEDERICO FROEBEL ANEXO LOS MISTOLES,LOS MISTOLES,TOTORAL,CÓRDOBA,140190701,LOS MISTOLES
4267,J.DE INF. FEDERICO NEHER (EX NAC N° 50),JARDIN DE INFANTES FEDERICO NEHER (EX NACIONAL 50),SANTA ELENA,CÓRDOBA,,140124600,CALLE PUBLICA S/N    RUTA PROVINCIAL N ?21
4268,J.DE INF. FENELON ZUVIRIA,JARDIN DE INFANTES FENELON ZUVIRIA,MORRISON,CÓRDOBA,,140269700,MARIANO MORENO 836 NORTE MORRISON
4269,J.DE INF. FERNANDO CHACARELLI,JARDIN DE INFANTES FERNANDO CHACARELLI,CORDOBA,CÓRDOBA,,140517300,PASCUAL RUIZ HUIDOBRO 5519 EL QUEBRACHO B° EL QUEBRACHO
5056,J.DE INF.FLORA IRENE POLICARDO,JARDIN DE INFANTES FLORA IRENE POLICARDO,VILLA CARLOS PAZ,PUNILLA,CÓRDOBA,140538500,SUCRE 124 CARLOS PAZ SIERRAS
4270,J.DE INF. FLORENTINO AMEGHINO,JARDIN DE INFANTES FLORENTINO AMEGHINO,FREYRE,CÓRDOBA,,140028200,SARMIENTO 516  FREYRE
4271,J.DE INF. FLORENTINO AMEGHINO,JARDIN DE INFANTES FLORENTINO AMEGHINO,UNQUILLO,CÓRDOBA,,140098200,GUAICURUES  GOBERNADOR PIZARRO UNQUILLO
4272,J.DE INF. FLORENTINO AMEGHINO,JARDIN DE INFANTES FLORENTINO AMEGHINO,SIMBOLAR,CÓRDOBA,,140190500,CALLE PUBLICA   SIMBOLAR
4273,J.DE INF. FLORENTINO AMEGHINO,JARDIN DE INFANTES FLORENTINO AMEGHINO,BELL VILLE,CÓRDOBA,,140269200,ENTRE RIOS 457 CENTRO BELL VILLE
4274,J.DE INF. FLORENTINO AMEGHINO,JARDIN DE INFANTES FLORENTINO AMEGHINO,VILLA MARIA,CÓRDOBA,,140337100,INTENDENTE PEÑA 450 FLORENTINO AMEGHINO VILLA MARIA
4275,J.DE INF. FLORENTINO AMEGHINO ANEXO CNIA ITURRASPE OESTE,JARDIN DE INFANTES FLORENTINO AMEGHINO ANEXO CNIA ITURRASPE OESTE,COLONIA ITURRASPE,CÓRDOBA,,140028203,CALLE PUBLICA   COLONIA ITURRASPE (O) P/FREYRE
4276,J.DE INF. FRANCISCA COLOMA LUCIA COLL,JARDIN DE INFANTES FRANCISCA COLOMA LUCIA COLL,COSQUIN,CÓRDOBA,,140552900,MOSCONI 641 LA HUELGA COSQUIN
4277,J.DE INF. FRANCISCA DALINDA LOPEZ,JARDIN DE INFANTES FRANCISCA DALINDA LOPEZ,AMBUL,CÓRDOBA,,140270100,DOMINGO FAUSTINO SARMIENTO S/N°   AMBUL
4280,J.DE INF. FRANCISCO BENCHETRIT(EX S/N DE V.MA.DE RIO SECO),JARDIN DE INFANTES FRANCISCO BENCHETRIT (EX SIN NOMBRE DE V MA DE RIO SECO),VILLA DE MARIA,CÓRDOBA,,140498300,RECONQUISTA ESQ.ING.LEOPOLDO CARO   VILLA DE MARIA DE RIO SECO
4278,J.DE INF. FRANCISCO BENCHETRIT ANEXO BAÑADO DEL FUERTE,JARDIN DE INFANTES FRANCISCO BENCHETRIT ANEXO BAÑADO DEL FUERTE,BAÑADO DEL FUERTE,CÓRDOBA,,140498301,CALLE PUBLICA   BAÑADO DEL FUERTE
4279,J.DE INF. FRANCISCO BENCHETRIT ANEXO CANDELARIA NORTE,JARDIN DE INFANTES FRANCISCO BENCHETRIT ANEXO CANDELARIA NORTE,CANDELARIA NORTE,CÓRDOBA,,140498302,CALLE PUBLICA S/N    CANDELARIA NORTE
4281,J.DE INF. FRANCISCO LUIS BERNARDEZ,JARDIN DE INFANTES FRANCISCO LUIS BERNARDEZ,CORDOBA,CÓRDOBA,,140524500,JOSE P. OTERO 1644 CERRO DE LAS ROSAS B° CERRO DE LAS ROSAS
4282,J.DE INF. FRANCISCO N. LAPRIDA ANEXO EL RODEO,JARDIN DE INFANTES FRANCISCO N LAPRIDA ANEXO EL RODEO,EL RODEO,TULUMBA,CÓRDOBA,140133802,EL RODEO
4283,J.DE INF. FRANCISCO NARCISO LAPRIDA,JARDIN DE INFANTES FRANCISCO NARCISO LAPRIDA,SAN JOSE DE LA DORMIDA,CÓRDOBA,,140133800,FACUNDO QUIROGA 546 CENTRO SAN JOSE DE LA DORMIDA
4284,J.DE INF. FRANCISCO NARCISO LAPRIDA  ANEXO DE LA TOMA,JARDIN DE INFANTES FRANCISCO NARCISO LAPRIDA ANEXO DE LA TOMA,LA TOMA,TULUMBA,CÓRDOBA,140133801,LA TOMA
4285,J.DE INF. FRANCISCO O. DE OCAMPO,JARDIN DE INFANTES FRANCISCO O DE OCAMPO,JESUS MARIA,CÓRDOBA,,140294600,ITALIA 656 CENTRO JESUS MARIA
4286,J.DE INF. FRANCISCO ORTIZ DE OCAMPO,JARDIN DE INFANTES FRANCISCO ORTIZ DE OCAMPO,BERROTARAN,CÓRDOBA,,140384900,SARMIENTO 482 SAN PEDRO BERROTARAN
4287,J.DE INF. FRANCISCO TAU,JARDIN DE INFANTES FRANCISCO TAU,BELL VILLE,CÓRDOBA,,140049900,MENDOZA 136 TALLERES BELL VILLE
4288,J.DE INF. FRANCISCO VIDAL,JARDIN DE INFANTES FRANCISCO VIDAL,CORDOBA,CÓRDOBA,,140234900,MARCOS INFANTE 560 PANAMERICANO B° PANAMERICANO
4289,J.DE INF. FRAY JOSE ANTONIO DE SAN ALBERTO,JARDIN DE INFANTES FRAY JOSE ANTONIO DE SAN ALBERTO,CORDOBA,CÓRDOBA,,140073900,ESQUIU 1340 PUEYRREDON B°PUEYRREDON
4290,J.DE INF. FRAY JUSTO SANTA MARIA DE ORO,JARDIN DE INFANTES FRAY JUSTO SANTA MARIA DE ORO,CORDOBA,CÓRDOBA,,140222900,CALLAO  1º DE MAYO B° 1º DE MAYO
4291,J.DE INF. FRAY JUSTO SANTA MARIA DE ORO,JARDIN DE INFANTES FRAY JUSTO SANTA MARIA DE ORO,JUSTINIANO POSSE,CÓRDOBA,,140355400,9 DE JULIO 961 CENTRO JUSTINIANO POSSE
4292,J.DE INF. FRAY JUSTO SANTA MARIA DE ORO,JARDIN DE INFANTES FRAY JUSTO SANTA MARIA DE ORO,SAN CARLOS MINAS,CÓRDOBA,,140369200,INDEPENDENCIA  IPV sur AL LADO DEL HOTEL MUNICIPAL
4293,J.DE INF. FRAY JUSTO SANTA MARIA DE ORO ANEXO CRUZ DE CAÑA,JARDIN DE INFANTES FRAY JUSTO SANTA MARIA DE ORO ANEXO CRUZ DE CAÑA,CRUZ DE CAÑA,CÓRDOBA,,140369202,CALLE PUBLICA S/N   CRUZ DE CAÑA
4294,J.DE INF. FRAY LUIS BELTRAN,JARDIN DE INFANTES FRAY LUIS BELTRAN,COLONIA MARINA,CÓRDOBA,,140028900,SARMIENTO 597  COLONIA MARINA
4295,J.DE INF. FRAY LUIS BERTRAN,JARDIN DE INFANTES FRAY LUIS BERTRAN,DALMACIO VELEZ SARSFIELD,CÓRDOBA,,140257000,SANTA FE 370  DALMACIO VELEZ SARSFIELD
4296,J.DE INF. FRAY MAMERTO ESQUIU,JARDIN DE INFANTES FRAY MAMERTO ESQUIU,LA PUERTA,CÓRDOBA,,140185400,9 DE JULIO 890  LA PUERTA
4297,J.DE INF. FRAY MAMERTO ESQUIU,JARDIN DE INFANTES FRAY MAMERTO ESQUIU,VILLA DOLORES,CÓRDOBA,,140220900,JUAN DE GARAY 2157 PORVENIR VILLA DOLORES
4298,J.DE INF. FRAY MAMERTO ESQUIU,JARDIN DE INFANTES FRAY MAMERTO ESQUIU,MONTE MAIZ,CÓRDOBA,,140261200,9 DE JULIO 2250 BARRACAS MONTE MAIZ
4299,J.DE INF. FRAY MAMERTO ESQUIU,JARDIN DE INFANTES FRAY MAMERTO ESQUIU,CANALS,CÓRDOBA,,140273100,CHUBUT 179 SUR CANALS
4300,J.DE INF. FRAY MAMERTO ESQUIU ANEXO LAS SALADAS,JARDIN DE INFANTES FRAY MAMERTO ESQUIU ANEXO LAS SALADAS,LAS SALADAS,RIO PRIMERO,CÓRDOBA,140185401,LAS SALADAS
4301,J.DE INF. FRAY MARCOS DONATTI,JARDIN DE INFANTES FRAY MARCOS DONATTI,CORONEL MOLDES,CÓRDOBA,,140187900,INTENDENTE JUAN SOSA 56  CORONEL MOLDES
4302,J.DE INF. FRAY MOISES ALVAREZ,JARDIN DE INFANTES FRAY MOISES ALVAREZ,BULNES,CÓRDOBA,,140279300,SARMIENTO 139  BULNES
4303,J.DE INF. FRAY PIO BENTIVOGLIO,JARDIN DE INFANTES FRAY PIO BENTIVOGLIO,GENERAL CABRERA,CÓRDOBA,,140171200,MAIPU Y RIVADAVIA  ARGENTINO GENERAL CABRERA
4304,J.DE INF. FRENCH Y BERUTTI,JARDIN DE INFANTES FRENCH Y BERUTTI,LOS CONDORES,CÓRDOBA,,140073300,MARIANO MORENO 529 CENTRO LOS CONDORES
4305,J.DE INF. FRENCH Y BERUTTI,JARDIN DE INFANTES FRENCH Y BERUTTI,VILLA YACANTO,CÓRDOBA,,140237700,CORDOBA S/N  LA HUERTILLA VILLA YACANTO
4306,J.DE INF. FRENCH Y BERUTTI,JARDIN DE INFANTES FRENCH Y BERUTTI,OLAETA,CÓRDOBA,,140372700,25 DE MAYO 163  OLAETA
4307,J.DE INF. FRENCH Y BERUTTI,JARDIN DE INFANTES FRENCH Y BERUTTI,RAFAEL GARCIA,CÓRDOBA,,140419500,ANTONIO BERUTTI S/N   RAFAEL GARCIA
4308,J.DE INF. FRENCH Y BERUTTI ANEXO RIO DEL DURAZNO,JARDIN DE INFANTES FRENCH Y BERUTTI ANEXO RIO DEL DURAZNO,RIO DEL DURAZNO,CÓRDOBA,,140237701,CALLE PUBLICA S/N°   RIO DEL DURAZNO P/VILLA YACANTO DE CALAMUCHITA
4309,J.DE INF. FULVIO S.PAGANI  ANEXO PARAJE LA CURVA,JARDIN DE INFANTES FULVIO S PAGANI ANEXO PARAJE LA CURVA,LA CURVA,SAN JUSTO,CÓRDOBA,140206201,LA CURVA
4310,J.DE INF. FULVIO SALVADOR PAGANI,JARDIN DE INFANTES FULVIO SALVADOR PAGANI,ARROYITO,SAN JUSTO,CÓRDOBA,140206200,AVENIDA MARCIAL VAUDAGNA 923 CIANCIA ARROYITO
4311,J.DE INF. GABRIEL TABORIN,JARDIN DE INFANTES GABRIEL TABORIN,CORDOBA,CAPITAL,CÓRDOBA,140503900,AV. AMADEO SABATTINI 359 CRISOL NORTE B°CRISOL NORTE
3923,J.DE INF GABRIELA MISTRAL,JARDIN DE INFANTES GABRIELA MISTRAL,SANTA ROSA DE CALAMUCHITA,CALAMUCHITA,CÓRDOBA,140538300,LA TACUARITA S/N°  VILLA STRADA BARRIO VILLA STRADA - SANTA ROSA DE CALAMUCHITA
4312,J.DE INF. GABRIELA MISTRAL,JARDIN DE INFANTES GABRIELA MISTRAL,MALAGUEÑO,SANTA MARIA,CÓRDOBA,140013300,MARCELO GARLOT  YOCSINA MALAGUEÑO
4313,J.DE INF. GABRIELA MISTRAL,JARDIN DE INFANTES GABRIELA MISTRAL,CORDOBA,CAPITAL,CÓRDOBA,140049100,ANDRES CHAZARRETA 2284 ROSEDAL B° ROSEDAL
4314,J.DE INF. GABRIELA MISTRAL,JARDIN DE INFANTES GABRIELA MISTRAL,CORDOBA,CAPITAL,CÓRDOBA,140071900,LEONOR DE TEJEDA 1353 JUNIORS B° JUNIORS
4315,J.DE INF. GABRIELA MISTRAL,JARDIN DE INFANTES GABRIELA MISTRAL,CORDOBA,CAPITAL,CÓRDOBA,140135400,PALPA 5630 QUEBRADA LAS ROSAS
4316,J.DE INF. GABRIELA MISTRAL,JARDIN DE INFANTES GABRIELA MISTRAL,POZO DEL MOLLE,RIO SEGUNDO,CÓRDOBA,140249600,DIAGONAL JUAN DOMINGO PERON   POZO DEL MOLLE
4317,J.DE INF. GABRIELA MISTRAL,JARDIN DE INFANTES GABRIELA MISTRAL,VILLA MARIA,GENERAL SAN MARTIN,CÓRDOBA,140337200,TUCUMAN 1408 CENTRO VILLA MARIA
4318,J.DE INF. GABRIELA MISTRAL,JARDIN DE INFANTES GABRIELA MISTRAL,LA PARA,RIO PRIMERO,CÓRDOBA,140378900,MARIANO MORENO 1080 EL ROSEDAL LA PARA
4319,J.DE INF. GARCIA FAURE,JARDIN DE INFANTES GARCIA FAURE,CORDOBA,CAPITAL,CÓRDOBA,140516300,GENERAL JUSTO JOSE DE URQUIZA 1641 ALTA CORDOBA B° ALTA CORDOBA
4322,J.DE INF. GENDARMERIA NACIONAL,JARDIN DE INFANTES GENDARMERIA NACIONAL,JESUS MARIA,COLON,CÓRDOBA,140344400,ESPAÑA 186 VICENTE AGUERO JESUS MARIA
4323,J.DE INF. GENERAL BARTOLOME MITRE,JARDIN DE INFANTES GENERAL BARTOLOME MITRE,GENERAL FOTHERINGHAM,TERCERO ARRIBA,CÓRDOBA,140416800,MITRE 217  GRAL.FOTHERINGHAM
4368,J.DE INF. GRAL. BARTOLOME MITRE,JARDIN DE INFANTES GENERAL BARTOLOME MITRE,LOS CERRILLOS,SAN JAVIER,CÓRDOBA,140359500,LOS AROMOS S/N  EL BORDO LOS CERRILLOS(POR AV. PERON DOS CUADRAS HACIA EL SUR)
4324,J.DE INF. GENERAL BELGRANO,JARDIN DE INFANTES GENERAL BELGRANO,LA SERRANITA,SANTA MARIA,CÓRDOBA,140419700,SAN AGUSTIN S/N°   LA SERRANITA
4325,J.DE INF. GENERAL CONRADO VILLEGAS,JARDIN DE INFANTES GENERAL CONRADO VILLEGAS,LABOULAYE,PRESIDENTE ROQUE SAENZ PEÑA,CÓRDOBA,140388900,DIPUTADO GUEVARA 221  LABOULAYE
4369,J.DE INF. GRAL. ENRIQUE MOSCONI,JARDIN DE INFANTES GENERAL ENRIQUE MOSCONI,CORDOBA,CAPITAL,CÓRDOBA,140096200,FELIX ROBIN FERREYRA 2324 ALTO ALBERDI B° ALTO ALBERDI
4326,J.DE INF. GENERAL FRANCISCO ORTIZ DE OCAMPO,JARDIN DE INFANTES GENERAL FRANCISCO ORTIZ DE OCAMPO,CORDOBA,CAPITAL,CÓRDOBA,140424300,SALTA 232 CENTRO B° CENTRO
4327,J.DE INF. GENERAL GUEMES,JARDIN DE INFANTES GENERAL GUEMES,CAPILLA DE LOS REMEDIOS,RIO PRIMERO,CÓRDOBA,140008300,MARTIN GUEMES
4370,J.DE INF. GRAL. I. H. FOTHERINGHAM,JARDIN DE INFANTES GENERAL I H FOTHERINGHAM,RIO CUARTO,RIO CUARTO,CÓRDOBA,140371600,AVDA.SABATTINI 3800 LAS FERIAS RIO CUARTO
4328,J.DE INF. GENERAL JOSE DE SAN MARTIN,JARDIN DE INFANTES GENERAL JOSE DE SAN MARTIN,CHAJAN,RIO CUARTO,CÓRDOBA,140056900,GENERAL PAZ  222  CHAJAN
4329,J.DE INF. GENERAL JOSE DE SAN MARTIN,JARDIN DE INFANTES GENERAL JOSE DE SAN MARTIN,VILLA GENERAL BELGRANO,CALAMUCHITA,CÓRDOBA,140080200,NICARAGUA 564 CENTRO VILLA GENERAL BELGRANO
4330,J.DE INF. GENERAL JOSE DE SAN MARTIN,JARDIN DE INFANTES GENERAL JOSE DE SAN MARTIN,CORRALITO,TERCERO ARRIBA,CÓRDOBA,140123500,ALBERDI   CORRALITO
4331,J.DE INF. GENERAL JOSE DE SAN MARTIN,JARDIN DE INFANTES GENERAL JOSE DE SAN MARTIN,UCACHA,JUAREZ CELMAN,CÓRDOBA,140170900,RIO BAMBA 140 BARRIO SUR UCACHA
4332,J.DE INF. GENERAL JOSE DE SAN MARTIN,JARDIN DE INFANTES GENERAL JOSE DE SAN MARTIN,TANCACHA,TERCERO ARRIBA,CÓRDOBA,140396300,SARMIENTO 1026  TANCACHA
4333,J.DE INF. GENERAL JOSE DE SAN MARTIN,JARDIN DE INFANTES GENERAL JOSE DE SAN MARTIN,CAPITAN GENERAL BERNARDO O'HIGGINS,MARCOS JUAREZ,CÓRDOBA,140456000,AV. ITALIA 448  CAPITAN GENERAL BERNARDO O'AHIGGINS
4334,J.DE INF. GENERAL JOSE DE SAN MARTIN,JARDIN DE INFANTES GENERAL JOSE DE SAN MARTIN,LA CALERA,COLON,CÓRDOBA,140528600,JUAN RAMON JIMENEZ   STOECKLIN B° STOECKLIN - LA CALERA
4371,J.DE INF. GRAL. JOSE DE SAN MARTIN,JARDIN DE INFANTES GENERAL JOSE DE SAN MARTIN,SALSACATE,POCHO,CÓRDOBA,140033700,7 DE OCTUBRE  CENTRO SALSACATE
4372,J.DE INF. GRAL. JOSE DE SAN MARTIN,JARDIN DE INFANTES GENERAL JOSE DE SAN MARTIN,RIO PRIMERO,RIO PRIMERO,CÓRDOBA,140423300,CORRIENTES 285  RIO PRIMERO
4373,J.DE INF. GRAL. JOSE DE SAN MARTIN,JARDIN DE INFANTES GENERAL JOSE DE SAN MARTIN,CASA GRANDE,PUNILLA,CÓRDOBA,140463900,CALLE 2 45 CENTRO CASA GRANDE - P/RUTA NAC.38
4335,J.DE INF. GENERAL JOSE DE SAN MARTIN ANEXO ATHOS PAMPA,JARDIN DE INFANTES GENERAL JOSE DE SAN MARTIN ANEXO ATHOS PAMPA,ATOS PAMPA,CALAMUCHITA,CÓRDOBA,140080203,CALLE PUBLICA   ATHOS PAMPA
4374,J.DE INF. GRAL. JOSE DE SAN MARTIN ANEXO SAN JERONIMO,JARDIN DE INFANTES GENERAL JOSE DE SAN MARTIN ANEXO SAN JERONIMO,SAN GERONIMO,POCHO,CÓRDOBA,140033703,CALLE PUBLICA   SAN JERONIMO
4375,J.DE INF. GRAL. JOSE DE SAN MARTIN ANEXO VILLA DE POCHO,JARDIN DE INFANTES GENERAL JOSE DE SAN MARTIN ANEXO VILLA DE POCHO,VILLA DE POCHO,POCHO,CÓRDOBA,140033704,CALLE PUBLICA   VILLA DE POCHO
4376,J.DE INF. GRAL. JOSE DE SAN MARTIN ANEXO VILLA TANINGA,JARDIN DE INFANTES GENERAL JOSE DE SAN MARTIN ANEXO VILLA TANINGA,TANINGA,POCHO,CÓRDOBA,140033701,PASAJE SAN MARTIN
4336,J.DE INF. GENERAL JOSE MARIA PAZ,JARDIN DE INFANTES GENERAL JOSE MARIA PAZ,TANCACHA,TERCERO ARRIBA,CÓRDOBA,140145600,BARTOLOME MITRE 451  TANCACHA
4337,J.DE INF. GENERAL JOSE MARIA PAZ,JARDIN DE INFANTES GENERAL JOSE MARIA PAZ,LEONES,MARCOS JUAREZ,CÓRDOBA,140154600,JOAQUIN VICTOR GONZALEZ 877  LEONES
4367,J.DE INF. GRAL JOSE MARIA PAZ,JARDIN DE INFANTES GENERAL JOSE MARIA PAZ,MONTE BUEY,MARCOS JUAREZ,CÓRDOBA,140160300,MARIANO MORENO  480  MONTE BUEY
4377,J.DE INF. GRAL. JOSE MARIA PAZ,JARDIN DE INFANTES GENERAL JOSE MARIA PAZ,COLONIA LAS CUATRO ESQUINAS,RIO PRIMERO,CÓRDOBA,140016500,HIPÓLITO IRIGOYEN S/N°   COLONIA LAS CUATRO ESQUINAS
4378,J.DE INF. GRAL. JOSE MARIA PAZ,JARDIN DE INFANTES GENERAL JOSE MARIA PAZ,RIO CUARTO,RIO CUARTO,CÓRDOBA,140300200,MITRE 1325 CENTRO RIO CUARTO
4379,J.DE INF. GRAL. JOSE MARIA PAZ,JARDIN DE INFANTES GENERAL JOSE MARIA PAZ,LA PAZ,SAN JAVIER,CÓRDOBA,140358300,BRAULIO FUNES S/N  CENTRO LA PAZ (AL LADO DE LA ESCUELA PRIMARIA)
4391,J.DE INF. GRAL.JOSE MARIA PAZ ANEXO CORRALITO,JARDIN DE INFANTES GENERAL JOSE MARIA PAZ ANEXO CORRALITO,CORRALITO,SAN JAVIER,CÓRDOBA,140358301,CALLE PUBLICA S/N   CORRALITO P/RUTA PROV. N° 14
4338,J.DE INF. GENERAL MANUEL BELGRANO,JARDIN DE INFANTES GENERAL MANUEL BELGRANO,CORDOBA,CAPITAL,CÓRDOBA,140250700,MANCO CAPAC 3161 SANTA RITA B° SANTA RITA
4339,J.DE INF. GENERAL MANUEL BELGRANO,JARDIN DE INFANTES GENERAL MANUEL BELGRANO,COLONIA CAROYA,COLON,CÓRDOBA,140311300,COSEANI (S) 755  COLONIA CAROYA
4340,J.DE INF. GENERAL MANUEL BELGRANO,JARDIN DE INFANTES GENERAL MANUEL BELGRANO,RIO TERCERO,TERCERO ARRIBA,CÓRDOBA,140329900,DEL CARMEN S/Nº  NORTE RIO TERCERO
4380,J.DE INF. GRAL. MANUEL BELGRANO,JARDIN DE INFANTES GENERAL MANUEL BELGRANO,CAPILLA DEL MONTE,PUNILLA,CÓRDOBA,140067700,LAVALLE 470 BALUMBA CAPILLA DEL MONTE
4341,J.DE INF. GENERAL MANUEL BELGRANO ANEXO COL.VICENTE AGÜERO,JARDIN DE INFANTES GENERAL MANUEL BELGRANO ANEXO COL VICENTE AGÜERO,COLONIA VICENTE AGÜERO,COLON,CÓRDOBA,140311301,CALLE 8  CENTRO AL FRENTE DE LA PLAZA
4342,J.DE INF. GENERAL MANUEL NICOLAS SAVIO,JARDIN DE INFANTES GENERAL MANUEL NICOLAS SAVIO,RIO TERCERO,TERCERO ARRIBA,CÓRDOBA,140121200,TUCUMAN 44 EL LIBERTADOR RIO TERCERO
4343,J.DE INF. GENERAL MANUEL NICOLAS SAVIO ANEXO EL CALLEJON NORTE,JARDIN DE INFANTES GENERAL MANUEL NICOLAS SAVIO ANEXO EL CALLEJON NORTE,EL CALLEJON NORTE,TERCERO ARRIBA,CÓRDOBA,140121201,CALLE PUBLICA   EL CALLEJON NORTE - TERCERO ARRIBA
4344,J.DE INF. GENERAL MARTIN GUEMES,JARDIN DE INFANTES GENERAL MARTIN GUEMES,CORDOBA,CAPITAL,CÓRDOBA,140129700,CHICLANA ESQ. SOLARES  MULLER B° MULLER
4381,J.DE INF. GRAL. MARTIN GUEMES,JARDIN DE INFANTES GENERAL MARTIN GUEMES,CHUÑA,ISCHILIN,CÓRDOBA,140063300,CALLE PUBLICA
4345,J.DE INF. GENERAL MARTIN MIGUEL DE GUEMES,JARDIN DE INFANTES GENERAL MARTIN MIGUEL DE GUEMES,RIO TERCERO,TERCERO ARRIBA,CÓRDOBA,140123100,ELEAZAR GARZON 2830 PARQUE MONTE GRANDE RIO TERCERO
4346,J.DE INF. GENERAL MITRE,JARDIN DE INFANTES GENERAL MITRE,SAN FRANCISCO,SAN JUSTO,CÓRDOBA,140319200,SANTA FE 554 SARMIENTO SAN FRANCISCO
4347,J.DE INF. GENERAL NICOLAS LEVALLE,JARDIN DE INFANTES GENERAL NICOLAS LEVALLE,GENERAL LEVALLE,PRESIDENTE ROQUE SAENZ PEÑA,CÓRDOBA,140201300,BERNARDINO ANCE 601 NORTE GENERAL LEVALLE
4348,J.DE INF. GENERAL SAN MARTIN,JARDIN DE INFANTES GENERAL SAN MARTIN,HERNANDO,TERCERO ARRIBA,CÓRDOBA,140040500,EL LIBERTADOR 63 GENERAL SAN MARTIN HERNANDO
4349,J.DE INF. GENERAL SAN MARTIN,JARDIN DE INFANTES GENERAL SAN MARTIN,DEAN FUNES,ISCHILIN,CÓRDOBA,140075300,MAIPU S/N°  PLAZA BUSTAMANTE DEAN FUNES
4350,J.DE INF. GENERAL SAN MARTIN,JARDIN DE INFANTES GENERAL SAN MARTIN,VILLA MARIA,GENERAL SAN MARTIN,CÓRDOBA,140131300,CARLOS PELLEGRINI 1050 RIVADAVIA VILLA MARIA
4351,J.DE INF. GENERAL SAN MARTIN,JARDIN DE INFANTES GENERAL SAN MARTIN,BALLESTEROS,UNION,CÓRDOBA,140148600,PDTE. ROCA 1  BALLESTEROS
4352,J.DE INF. GENERAL SAN MARTIN,JARDIN DE INFANTES GENERAL SAN MARTIN,GENERAL DEHEZA,JUAREZ CELMAN,CÓRDOBA,140194700,PASO 87 CENTRO GENERAL DEHEZA
4353,J.DE INF. GENERAL SAN MARTIN,JARDIN DE INFANTES GENERAL SAN MARTIN,MARCOS JUAREZ,MARCOS JUAREZ,CÓRDOBA,140203900,BOLIVIA 374 SUR MARCOS JUAREZ
4354,J.DE INF. GENERAL SAN MARTIN,JARDIN DE INFANTES GENERAL SAN MARTIN,RIO CUARTO,RIO CUARTO,CÓRDOBA,140214400,BELGRANO 986 SANTA ROSA RIO CUARTO
4355,J.DE INF. GENERAL SAN MARTIN,JARDIN DE INFANTES GENERAL SAN MARTIN,CAVANAGH,MARCOS JUAREZ,CÓRDOBA,140217800,BELGRANO 454 FOVICOR II CAVANAGH
4356,J.DE INF. GENERAL SAN MARTIN,JARDIN DE INFANTES GENERAL SAN MARTIN,LOS SURGENTES,MARCOS JUAREZ,CÓRDOBA,140315200,SARMIENTO 347 LAS LATAS LOS SURGENTES
4357,J.DE INF. GENERAL SAN MARTIN,JARDIN DE INFANTES GENERAL SAN MARTIN,COLONIA MILESSI,SAN JUSTO,CÓRDOBA,140339700,CALLE PUBLICA S/N°   COLONIA MILESSI POR BRINCKMANN
4358,J.DE INF. GENERAL SAN MARTIN,JARDIN DE INFANTES GENERAL SAN MARTIN,COLONIA CAROYA,COLON,CÓRDOBA,140347300,10 DE JULIO 280 CENTRO COLONIA CAROYA - LOTE XV
4359,J.DE INF. GENERAL SAN MARTIN,JARDIN DE INFANTES GENERAL SAN MARTIN,ORDOÑEZ,UNION,CÓRDOBA,140354500,CALLE 10 170  ORDOÑEZ
4382,J.DE INF. GRAL. SAN MARTIN,JARDIN DE INFANTES GENERAL SAN MARTIN,POZO DEL MOLLE,RIO SEGUNDO,CÓRDOBA,140026300,TUCUMAN 198  POZO DEL MOLLE
4383,J.DE INF. GRAL. SAN MARTIN,JARDIN DE INFANTES GENERAL SAN MARTIN,SAN FRANCISCO DEL CHAÑAR,SOBREMONTE,CÓRDOBA,140083400,AV. PTE. PERON S/N  CENTRO SAN FRANCISCO DEL CHAÑAR
4384,J.DE INF. GRAL. SAN MARTIN,JARDIN DE INFANTES GENERAL SAN MARTIN,SAN JAVIER (YACANTO),SAN JAVIER,CÓRDOBA,140112500,LOS MOLLES   SAN JAVIER (YACANTO)
4385,J.DE INF. GRAL. SAN MARTIN,JARDIN DE INFANTES GENERAL SAN MARTIN,LUQUE,RIO SEGUNDO,CÓRDOBA,140116700,AVDA. CORDOBA 677 SAN IGNACIO LUQUE
4386,J.DE INF. GRAL. SAN MARTIN,JARDIN DE INFANTES GENERAL SAN MARTIN,ADELIA MARIA,RIO CUARTO,CÓRDOBA,140188600,SARMIENTO 120 CENTRO ADELIA MARIA
4387,J.DE INF. GRAL. SAN MARTIN,JARDIN DE INFANTES GENERAL SAN MARTIN,SAN AGUSTIN,CALAMUCHITA,CÓRDOBA,140295200,JOSE MARIA GIGENA 502  SAN AGUSTIN
4388,J.DE INF. GRAL. SAN MARTIN,JARDIN DE INFANTES GENERAL SAN MARTIN,VILLA DOLORES,SAN JAVIER,CÓRDOBA,140358200,RAMON J. CARCANO 367 CENTRO VILLA DOLORES
4389,J.DE INF. GRAL. SAN MARTIN ANEXO CAMPO DE LA GUARIDA,JARDIN DE INFANTES GENERAL SAN MARTIN ANEXO CAMPO DE LA GUARIDA,LA GUARIDA,SAN JAVIER,CÓRDOBA,140358201,CALLE PUBLICA S/N°   CAMPO DE LA GUARIDA
4392,J.DE INF. GRAL.SAN MARTIN ANEXO CAMPO LA HERRADURA,JARDIN DE INFANTES GENERAL SAN MARTIN ANEXO CAMPO LA HERRADURA,BALLESTEROS SUR,UNION,CÓRDOBA,140148602,CALLE PUBLICA S/N   PARAJE LA HERRADURA P/BALLESTEROS SUD
4390,J.DE INF. GRAL. SAN MARTIN ANEXO QUEBRACHO LADEADO,JARDIN DE INFANTES GENERAL SAN MARTIN ANEXO QUEBRACHO LADEADO,QUEBRACHO LADEADO,SAN JAVIER,CÓRDOBA,140112501,RUTA PROV N°14   QUEBRACHO LADEADO
4360,J.DE INF. GOBERNADOR AMADEO SABATTINI,JARDIN DE INFANTES GOBERNADOR AMADEO SABATTINI,CORDOBA,CAPITAL,CÓRDOBA,140001300,LOS MARTIRES 54 YAPEYU BARRIO YAPEYU
4361,J.DE INF. GOBERNADOR AMADEO SABATTINI,JARDIN DE INFANTES GOBERNADOR AMADEO SABATTINI,ALTA GRACIA,SANTA MARIA,CÓRDOBA,140419300,ARTURO ZANICHELLI  GOBERNADOR AMADEO SABATTINI ALTA GRACIA
4362,J.DE INF. GOBERNADOR EMILIO F. OLMOS,JARDIN DE INFANTES GOBERNADOR EMILIO F OLMOS,CORDOBA,CAPITAL,CÓRDOBA,140127700,AVENIDA FUERZA AEREA 2229 PARQUE CAPITAL
4321,J.DE INF. GDOR.JOSE F.JAVIER DIAZ ANEXO DE LAS ISLETILLAS,JARDIN DE INFANTES GOBERNADOR JOSE F JAVIER DIAZ ANEXO DE LAS ISLETILLAS,LAS ISLETILLAS,TERCERO ARRIBA,CÓRDOBA,140259301,DOMINGO FAUSTINO SARMIENTO S/N   LAS ISLETILLAS
4320,J.DE INF. GDOR. JOSE FRANCISCO JAVIER DIAZ,JARDIN DE INFANTES GOBERNADOR JOSE FRANCISCO JAVIER DIAZ,HERNANDO,TERCERO ARRIBA,CÓRDOBA,140259300,25 DE MAYO 678  HERNANDO
4363,J.DE INF. GRACIELA CABAL (Bº 2 DE MAYO),JARDIN DE INFANTES GRACIELA CABAL (B 2 DE MAYO),CORDOBA,CAPITAL,CÓRDOBA,140502600,GABRIEL TOMASINI 6000 COOPERATIVA 2 DE MAYO B° COOPERATIVA 2 DE MAYO
4364,J.DE INF. GRACIELA DEL RIO,JARDIN DE INFANTES GRACIELA DEL RIO,CORDOBA,CAPITAL,CÓRDOBA,140512900,CALLE PUBLICA S/N  AMPLIACION CABILDO B° AMPLIACION CABILDO
4365,J.DE INF. GRACIELA DEL VALLE VAZQUEZ,JARDIN DE INFANTES GRACIELA DEL VALLE VAZQUEZ,MONTECRISTO,RIO PRIMERO,CÓRDOBA,140491600,SARMIENTO 535 MALVINAS MONTE CRISTO
4366,J.DE INF. GRACIELA DEL VALLE VAZQUEZ ANEXO ESQUINA,JARDIN DE INFANTES GRACIELA DEL VALLE VAZQUEZ ANEXO ESQUINA,ESQUINA,RIO PRIMERO,CÓRDOBA,140491601,MALVINAS ARGENTINAS S/N
4393,J.DE INF. GRECIA,JARDIN DE INFANTES GRECIA,CORDOBA,CAPITAL,CÓRDOBA,140129600,OBISPO MALDONADO 3450 SAN VICENTE B° SAN VICENTE
4394,J.DE INF. GREGORIA IGNACIA PEREZ,JARDIN DE INFANTES GREGORIA IGNACIA PEREZ,RIO TERCERO,TERCERO ARRIBA,CÓRDOBA,140210100,INDEPENDENCIA 495 ACUÑA RIO TERCERO
4395,J.DE INF. GREGORIA MATORRAS DE SAN MARTIN,JARDIN DE INFANTES GREGORIA MATORRAS DE SAN MARTIN,RIO CUARTO,RIO CUARTO,CÓRDOBA,140140700,9 DE JULIO 352 CENTRO RIO CUARTO
4396,J.DE INF. GREGORIA MATORRAS DE SAN MARTIN,JARDIN DE INFANTES GREGORIA MATORRAS DE SAN MARTIN,CORDOBA,CAPITAL,CÓRDOBA,140236900,JUAN B JUSTO 8500 MARIA LASTENIA B° MARIA LASTENIA - CAMINO A JESUS MARIA KM. 81/2
4397,J.DE INF. GRUPO DE ARTILLERIA AEROTRANSPORTADA 4,JARDIN DE INFANTES GRUPO DE ARTILLERIA AEROTRANSPORTADA 4,COLONIA TIROLESA,COLON,CÓRDOBA,140481600,PEDRO COLOMBO  SANTA ELENA RUTA A 74 KM 21 PARAJE SANTA ELENA P/COLONIA TIROLESA
4398,J.DE INF. GUSTAVO ROLDAN (EX ANEXO JOSE MANUEL ESTRADA),JARDIN DE INFANTES GUSTAVO ROLDAN (EX ANEXO JOSE MANUEL ESTRADA),CORDOBA,CAPITAL,CÓRDOBA,140560000,CAMINO SAN ANTONIO KM 9 1/2  VILLA RIVADAVIA B° VILLA RIVADAVIA - CAMINO SAN ANTONIO KM 9 1/2
4399,J.DE INF. HAROLDO ANDENMATTEN,JARDIN DE INFANTES HAROLDO ANDENMATTEN,CORDOBA,CAPITAL,CÓRDOBA,140421300,PEDRO ZANNI 950 ALTO ALBERDI B° ALTO ALBERDI
4400,J.DE INF. HEBE SAN MARTIN DE DUPRAT,JARDIN DE INFANTES HEBE SAN MARTIN DE DUPRAT,CORDOBA,CAPITAL,CÓRDOBA,140423800,BONN 4665 ESTACION FLORES B° ESTACION FLORES
4401,J.DE INF. HEBE SAN MARTIN DE DUPRAT,JARDIN DE INFANTES HEBE SAN MARTIN DE DUPRAT,RIO CUARTO,RIO CUARTO,CÓRDOBA,140476600,ARAUCANOS ESQ. 17 DE OCTUBRE 2300 JARDIN NORTE RIO CUARTO
4402,J.DE INF. HECTOR VALDIVIELSO,JARDIN DE INFANTES HECTOR VALDIVIELSO,MALVINAS ARGENTINAS,COLON,CÓRDOBA,140506000,HERMANOS DE LA SALLE 651 MALVINAS ARGENTINAS 3° SECCION MALVINAS ARGENTINAS
4403,J.DE INF. HERCIDES ANIBAL CORNAGLIA,JARDIN DE INFANTES HERCIDES ANIBAL CORNAGLIA,COLONIA LAS PICHANAS,SAN JUSTO,CÓRDOBA,140567800,CALLE PUBLICA S/N°   COLONIA LAS PICHANAS P/CONCEP.DEL TIO
4404,J.DE INF. HERMANA JUANITA CANESSA,JARDIN DE INFANTES HERMANA JUANITA CANESSA,SANTA MONICA,CALAMUCHITA,CÓRDOBA,140237900,JUANITA CANESSA   SANTA MONICA
4405,J.DE INF. HEROES DE MALVINAS,JARDIN DE INFANTES HEROES DE MALVINAS,JOVITA,GENERAL ROCA,CÓRDOBA,140516500,GUEMES 220
4406,J.DE INF. HEROES DE MALVINAS(EX DE BºI.P.V.CNO.A VILLA POSSE,JARDIN DE INFANTES HEROES DE MALVINAS (EX DE BIPV CNO A VILLA POSSE,CORDOBA,CAPITAL,CÓRDOBA,140478600,SANCHEZ DE BUSTAMANTE 5996 I.P.V.(CNO. A VILLA POSSE) CNO. A VILLA POSSE
4407,J.DE INF. HIJAS DE MARIA INMACULADA,JARDIN DE INFANTES HIJAS DE MARIA INMACULADA,CORDOBA,CAPITAL,CÓRDOBA,140233200,RAMON LISTA 2055 VILLA CORINA B°VILLA CORINA
4408,J.DE INF. HILARIO ASCASUBI,JARDIN DE INFANTES HILARIO ASCASUBI,BELL VILLE,UNION,CÓRDOBA,140254100,BV. ASCASUBI 653 CTALAMOCHITA BELL VILLE
4409,J.DE INF. HILARIO ASCASUBI,JARDIN DE INFANTES HILARIO ASCASUBI,CORDOBA,CAPITAL,CÓRDOBA,140398900,CADIZ Y M. DEL MARMOL  COLON
4410,J.DE INF. HIPOLITO BOUCHARD,JARDIN DE INFANTES HIPOLITO BOUCHARD,SAN FRANCISCO,SAN JUSTO,CÓRDOBA,140413100,CORDOBA 1393 BOUCHARD SAN FRANCISCO
4411,J.DE INF. HIPOLITO BUCHARDO,JARDIN DE INFANTES HIPOLITO BUCHARDO,SAN MARCOS SUD,UNION,CÓRDOBA,140173100,ESMERALDA S/N  CENTRO SAN MARCOS SUD
4412,J.DE INF. HIPOLITO IRIGOYEN,JARDIN DE INFANTES HIPOLITO IRIGOYEN,CORRAL DE BUSTOS,MARCOS JUAREZ,CÓRDOBA,140047100,LIBERTAD 575 IFFLINGER CORRAL DE BUSTOS
4413,J.DE INF. HIPOLITO VIEYTES,JARDIN DE INFANTES HIPOLITO VIEYTES,CAÑADA DE RIO PINTO,ISCHILIN,CÓRDOBA,140565200,CALLE PUBLICA    CAÑADA DE RIO PINTO - FRENTE AL CRUCE CON EL CAMINO A ONGAMIRA
4414,J.DE INF. HOGAR LA INMACULADA,JARDIN DE INFANTES HOGAR LA INMACULADA,CORDOBA,CAPITAL,CÓRDOBA,140425600,LEON XIII 8626 VILLA RIVERA INDARTE B° VILLA RIVERA INDARTE
4415,J.DE INF. HORTUS CONCLUSUS,JARDIN DE INFANTES HORTUS CONCLUSUS,CORDOBA,CAPITAL,CÓRDOBA,140576900,REPUBLICA DEL LIBANO 415 GENERAL BUSTOS B° GENERAL BUSTOS
4416,J.DE INF. HUGO LEONELLI,JARDIN DE INFANTES HUGO LEONELLI,CORDOBA,CAPITAL,CÓRDOBA,140017300,CALLE PUBLICA S/N°  GRANJA DE FUNES 2º SECCION BARRIO GRANJA DE FUNES 2º SECCION
4417,J.DE INF. HUGO WAST,JARDIN DE INFANTES HUGO WAST,CORDOBA,CAPITAL,CÓRDOBA,140138000,SANTIAGO CACERES 2099 CACERES B° CACERES
4418,J.DE INF. HUGO WAST,JARDIN DE INFANTES HUGO WAST,HUINCA RENANCO,GENERAL ROCA,CÓRDOBA,140363900,LAVALLE 315 VILLA TORROBA HUINCA RENANCO
4419,J.DE INF. INES MOYANO DE MOLINA,JARDIN DE INFANTES INES MOYANO DE MOLINA,SAN ESTEBAN,PUNILLA,CÓRDOBA,140264100,MUJICA LAINEZ   SAN ESTEBAN
4421,J.DE INF. INGENIERO A. EBELOT,JARDIN DE INFANTES INGENIERO A EBELOT,PINCEN,GENERAL ROCA,CÓRDOBA,140215300,FELIPA ROSALES   PINCEN
4422,J.DE INF. INGENIERO ALBERTO R. MASCIAS,JARDIN DE INFANTES INGENIERO ALBERTO R MASCIAS,ASCOCHINGA,COLON,CÓRDOBA,140166300,CALLE PUBLICA   ASCOCHINGA P/RUTA E 66
4423,J.DE INF. INGENIERO EMILIO FELIPE OLMOS,JARDIN DE INFANTES INGENIERO EMILIO FELIPE OLMOS,PLAZA SAN FRANCISCO,SAN JUSTO,CÓRDOBA,140029500,FRANCISCO PERETTI 4063  PLAZA SAN FRANCISCO
4420,J.DE INF. ING. JUAN MARIO MASJOAN,JARDIN DE INFANTES INGENIERO JUAN MARIO MASJOAN,CORDOBA,CAPITAL,CÓRDOBA,140046500,TANTI 1631 JARDIN B° JARDIN
4424,J.DE INF. INMACULADA CONCEPCION,JARDIN DE INFANTES INMACULADA CONCEPCION,VILLA NUEVA,GENERAL SAN MARTIN,CÓRDOBA,140458900,MADRE TRANSITO CABANILLAS 416 CENTRO VILLA NUEVA
4425,J.DE INF. INMACULADA CONCEPCION,JARDIN DE INFANTES INMACULADA CONCEPCION,CORDOBA,CAPITAL,CÓRDOBA,140500800,AV CASTRO BARROS 1364 SAN MARTIN B° SAN MARTIN
4427,J.DE INF. INSTITUCION ESCUTI,JARDIN DE INFANTES INSTITUCION ESCUTI,CORDOBA,CAPITAL,CÓRDOBA,140541900,NAZARET 3399 LAS ROSAS B°LAS ROSAS
4428,J.DE INF. INSTITUTO DANTE ALIGHIERI,JARDIN DE INFANTES INSTITUTO DANTE ALIGHIERI,VILLA CARLOS PAZ,PUNILLA,CÓRDOBA,140240500,A. STORNI ESQ LOS ALERCES   A. STORNI ESQ. LOS ALERCES
4426,J.DE INF. INST. DE EDUCACION CORDOBA,JARDIN DE INFANTES INSTITUTO DE EDUCACION CORDOBA,CORDOBA,CAPITAL,CÓRDOBA,140457500,TURRADO JUAREZ 2061 COLINAS DE VELEZ SARSFIELD B° COLINAS DE VELEZ SARSFIELD
3907,J. DE INF. INSTITUTO EDUCATIVO ALTA CORDOBA,JARDIN DE INFANTES INSTITUTO EDUCATIVO ALTA CORDOBA,CORDOBA,CAPITAL,CÓRDOBA,140535400,JUJUY 2602 ALTA CORDOBA B° ALTA CORDOBA - I.A.C.C.
4429,J.DE INF. INSTITUTO EDUCATIVO EL LIBERTADOR,JARDIN DE INFANTES INSTITUTO EDUCATIVO EL LIBERTADOR,MARCOS JUAREZ,MARCOS JUAREZ,CÓRDOBA,140579400,AV. LEANDRO N. ALEM 671 CENTRO  MARCOS JUAREZ
5057,J.DE INF.INSTITUTO JORGE VOCOS LESCANO,JARDIN DE INFANTES INSTITUTO JORGE VOCOS LESCANO,RIO SEGUNDO,RIO SEGUNDO,CÓRDOBA,140573200,JULIO A. ROCA  861 CENTRO RIO SEGUNDO
4430,J.DE INF. INSTITUTO MARIA DE NAZARETH,JARDIN DE INFANTES INSTITUTO MARIA DE NAZARETH,LA CALERA,COLON,CÓRDOBA,140557700,AV LOS ALAMOS 1111 CUESTA COLORADA LA CALERA (JUNTO AL CLUB LA RUFINA)
4431,J.DE INF. INSTITUTO MILENIO VILLA ALLENDE,JARDIN DE INFANTES INSTITUTO MILENIO VILLA ALLENDE,VILLA ALLENDE,COLON,CÓRDOBA,140532100,ALBERTI 250 ESPAÑOL VILLA ALLENDE
4432,J.DE INF. INSTITUTO NIÑOS ARGENTINOS,JARDIN DE INFANTES INSTITUTO NIÑOS ARGENTINOS,CORDOBA,CAPITAL,CÓRDOBA,140538400,AV. RICHIERI 3351 JARDIN ESPINOSA B°JARDIN ESPINOSA
4433,J.DE INF. INT. DR. RAUL G. VILLAFAÑE,JARDIN DE INFANTES INTENDENTE DOCTOR RAUL G VILLAFAÑE,SAN FRANCISCO,SAN JUSTO,CÓRDOBA,140417400,PARAGUAY SUR 3695 CIUDAD SAN FRANCISCO
4434,J.DE INF. INTENDENTE GRIMBERG,JARDIN DE INFANTES INTENDENTE GRIMBERG,VILLA CARLOS PAZ,PUNILLA,CÓRDOBA,140072900,ROMA 1859 COLINAS VILLA CARLOS PAZ
4435,J.DE INF. INTENDENTE GRIMBERG ANEXO CABALANGO,JARDIN DE INFANTES INTENDENTE GRIMBERG ANEXO CABALANGO,CABALANGO,PUNILLA,CÓRDOBA,140072901,CALLE 10
4436,J.DE INF. ISABEL LA CATOLICA,JARDIN DE INFANTES ISABEL LA CATOLICA,CORDOBA,CAPITAL,CÓRDOBA,140308600,SUBOFICIAL AVIADOR OTTANO S/N°  AERONAUTICO B° AERONAUTICO -(AV FUERZA AEREA AL 6200)
4437,J.DE INF. ISIDORO BORKOWSKI,JARDIN DE INFANTES ISIDORO BORKOWSKI,ALDEA SANTA MARIA,UNION,CÓRDOBA,140273300,AV. LOS FRESNOS 290  ALDEA SANTA MARIA
4438,J.DE INF. ISLA DE LOS ESTADOS,JARDIN DE INFANTES ISLA DE LOS ESTADOS,VILLA CARLOS PAZ,PUNILLA,CÓRDOBA,140072800,LOS CEIBOS  LA QUINTA VILLA CARLOS PAZ
4439,J.DE INF. ISRAELITA GENERAL SAN MARTIN,JARDIN DE INFANTES ISRAELITA GENERAL SAN MARTIN,CORDOBA,CAPITAL,CÓRDOBA,140425200,AV. DUARTE QUIROS 4850 LAS PALMAS B° LAS PALMAS
4440,J.DE INF. ITALO ARG. DANTE ALIGHIERI,JARDIN DE INFANTES ITALO ARGENTINO DANTE ALIGHIERI,CORDOBA,CAPITAL,CÓRDOBA,140421800,JOSE JAVIER DIAZ 481 SAN FERNANDO B°SAN FERNANDO
4441,J.DE INF. ITUZAINGO,JARDIN DE INFANTES ITUZAINGO,SACANTA,SAN JUSTO,CÓRDOBA,140152700,DR.CARLOS M.VIVENZA 251 B°SAN MIGUEL SACANTA
4442,J.DE INF. JAPON,JARDIN DE INFANTES JAPON,CORDOBA,CAPITAL,CÓRDOBA,140227100,JULIAN AGUIRRE 2651 SAN RAFAEL B° SAN RAFAEL
4443,J.DE INF. JAVIER LASCANO COLODRERO,JARDIN DE INFANTES JAVIER LASCANO COLODRERO,CORDOBA,CAPITAL,CÓRDOBA,140131600,RAIMUNDO CAPARROZ 7347 ARGUELLO B° ARGUELLO(Av. DONATO ALVAREZ al 7300)
4444,J.DE INF. JERONIMO LUIS DE CABRERA,JARDIN DE INFANTES JERONIMO LUIS DE CABRERA,ESPINILLAL,RIO CUARTO,CÓRDOBA,140170200,CALLE PUBLICA S/N   COLONIA EL ESPINILLAL (P/ALCIRA GIGENA)
4445,J.DE INF. JERONIMO LUIS DE CABRERA,JARDIN DE INFANTES JERONIMO LUIS DE CABRERA,MIRAMAR,SAN JUSTO,CÓRDOBA,140206900,INDEPENDENCIA 288  MIRAMAR
4446,J.DE INF. JERONIMO LUIS DE CABRERA,JARDIN DE INFANTES JERONIMO LUIS DE CABRERA,IMPIRA,RIO SEGUNDO,CÓRDOBA,140418300,EUFRONIO LUDUEÑA   IMPIRA
4447,J.DE INF. JESUS MARIA,JARDIN DE INFANTES JESUS MARIA,LA CALERA,COLON,CÓRDOBA,140345600,BELGRANO 611 CENTRO LA CALERA
4448,J.DE INF. JESUS MARIA,JARDIN DE INFANTES JESUS MARIA,CORDOBA,CAPITAL,CÓRDOBA,140513400,VIEYTES 1635 AVENIDA B°AVENIDA
4449,J.DE INF. JOAQUIN V. GONZALEZ,JARDIN DE INFANTES JOAQUIN V GONZALEZ,LUCA,GENERAL SAN MARTIN,CÓRDOBA,140278600,MANUEL BELGRANO 218  ESQ. 9 DE JULIO
4450,J.DE INF. JOAQUIN V. GONZALEZ,JARDIN DE INFANTES JOAQUIN V GONZALEZ,CRUZ DEL EJE,CRUZ DEL EJE,CÓRDOBA,140320300,COLON  LA TOMA CRUZ DEL EJE
4451,J.DE INF. JOAQUIN VICTOR GONZALEZ,JARDIN DE INFANTES JOAQUIN VICTOR GONZALEZ,VILLA CIUDAD DE AMERICA,SANTA MARIA,CÓRDOBA,140107000,RUTA PROVINCIAL N° 5 KM 54   VILLA CIUDAD DE AMERICA
4452,J.DE INF. JOAQUIN VICTOR GONZALEZ,JARDIN DE INFANTES JOAQUIN VICTOR GONZALEZ,LEONES,MARCOS JUAREZ,CÓRDOBA,140361800,BELGRANO Y TUCUMAN   LEONES
4453,J.DE INF. JORDAN MALDONADO,JARDIN DE INFANTES JORDAN MALDONADO,SALSIPUEDES,COLON,CÓRDOBA,140198100,JONAS SALK S/Nº  ORO VERDE SALSIPUEDES
4454,J.DE INF. JORGE ALEJANDRO NEWBERY,JARDIN DE INFANTES JORGE ALEJANDRO NEWBERY,LAS HIGUERAS,RIO CUARTO,CÓRDOBA,140169100,ESPAÑA 86 SAN MARTIN LAS HIGUERAS
4455,J.DE INF. JORGE ALEJANDRO NEWBERY ANEXO PASO DEL DURAZNO,JARDIN DE INFANTES JORGE ALEJANDRO NEWBERY ANEXO PASO DEL DURAZNO,PASO DEL DURAZNO,RIO CUARTO,CÓRDOBA,140169101,RUTA NACIONAL 8 KM 577   PASO DEL DURAZNO
4456,J.DE INF. JORGE HONORIO PEYRANO,JARDIN DE INFANTES JORGE HONORIO PEYRANO,CORDOBA,CAPITAL,CÓRDOBA,140516800,FRANCISCO PABLO DE MAURO 558 VILLA EL LIBERTADOR B° VILLA EL LIBERTADOR (EX CALLE 49)
4457,J.DE INF. JORGE NEWBERY,JARDIN DE INFANTES JORGE NEWBERY,CORDOBA,CAPITAL,CÓRDOBA,140010800,TEODORO FELS 5860 JORGE NEWBERY A DOS CUADRAS DE LA PLAZA PRINCIPAL DEL BARRIO
4458,J.DE INF. JORGE NEWBERY,JARDIN DE INFANTES JORGE NEWBERY,MORTEROS,SAN JUSTO,CÓRDOBA,140111200,SERAFIN RESTA 235 9 DE JULIO MORTEROS
4459,J.DE INF. JORGE NEWBERY,JARDIN DE INFANTES JORGE NEWBERY,UNQUILLO,COLON,CÓRDOBA,140165500,AV. SAN MARTIN 3350 CENTRO UNQUILLO
4460,J.DE INF. JORGE NEWBERY ANEXO DE CNIA.MAUNIER CENTRO,JARDIN DE INFANTES JORGE NEWBERY ANEXO DE COLONIA MAUNIER CENTRO,COLONIA MAUNIER CENTRO,SAN JUSTO,CÓRDOBA,140111201,CALLE PUBLICA S/N   COLONIA MAUNIER CENTRO
4461,J.DE INF. JORGE WASHINGTON ABALOS,JARDIN DE INFANTES JORGE WASHINGTON ABALOS,CARNERILLO,JUAREZ CELMAN,CÓRDOBA,140195300,JUAN BAUTISTA BUSTOS 30 PASTORA V. DE AGUIRRE CARNERILLO
4462,J.DE INF. JOSE BERNARDO ITURRASPE,JARDIN DE INFANTES JOSE BERNARDO ITURRASPE,SAN FRANCISCO,SAN JUSTO,CÓRDOBA,140092900,AV. LIBERTADOR (N) 385 ROCA SAN FRANCISCO
4463,J.DE INF. JOSE CARCANO,JARDIN DE INFANTES JOSE CARCANO,CAÑADA DE LUQUE,TOTORAL,CÓRDOBA,140065300,CALLE PUBLICA S/N    CAÑADA DE LUQUE
4464,J.DE INF. JOSE CARCANO ANEXO CANDELARIA SUD,JARDIN DE INFANTES JOSE CARCANO ANEXO CANDELARIA SUD,CANDELARIA SUD,TOTORAL,CÓRDOBA,140065301,"CALLE PUBLICA S/N    CANDELARIA SUD-AL LADO DE LA IGLESIA, FRENTE A LA PLAZA"
4465,J.DE INF. JOSE CROTTO,JARDIN DE INFANTES JOSE CROTTO,VILLA VALERIA,GENERAL ROCA,CÓRDOBA,140134900,DR. OSVALDO DEPINO 1091  VILLA VALERIA
4466,J.DE INF. JOSE DE SAN MARTIN,JARDIN DE INFANTES JOSE DE SAN MARTIN,MONTE MAIZ,UNION,CÓRDOBA,140042000,SAN JUAN  2255 BARRACAS MONTE MAIZ
4467,J.DE INF. JOSE DE SAN MARTIN,JARDIN DE INFANTES JOSE DE SAN MARTIN,MINA CLAVERO,SAN ALBERTO,CÓRDOBA,140144200,AV. MITRE 1251 CENTRO MINA CLAVERO
4468,J.DE INF. JOSE DE SAN MARTIN,JARDIN DE INFANTES JOSE DE SAN MARTIN,LA CAUTIVA,RIO CUARTO,CÓRDOBA,140176900,SAN MART   LA CAUTIVA
4469,J.DE INF. JOSE DE SAN MARTIN,JARDIN DE INFANTES JOSE DE SAN MARTIN,VILLA DE MARIA,RIO SECO,CÓRDOBA,140209400,RIVADAVIA 738 CENTRO VILLA DE MARIA
4470,J.DE INF. JOSE DE SAN MARTIN,JARDIN DE INFANTES JOSE DE SAN MARTIN,SAN BASILIO,RIO CUARTO,CÓRDOBA,140279900,URQUIZA Y REMIGIO COEGO  CENTRO SAN BASILIO
4472,J.DE INF. JOSE DE SAN MARTIN ANEXO CAÑADA LARGA,JARDIN DE INFANTES JOSE DE SAN MARTIN ANEXO CAÑADA LARGA,CAÑADA LARGA,SAN ALBERTO,CÓRDOBA,140144202,CALLE PUBLICA   CAÑADA LARGA
4473,J.DE INF. JOSE DE SAN MARTIN ANEXO DE ARROYO DE LOS PATOS,JARDIN DE INFANTES JOSE DE SAN MARTIN ANEXO DE ARROYO DE LOS PATOS,ARROYO DE LOS PATOS,SAN ALBERTO,CÓRDOBA,140144201,Esmeralda   ARROYO DE LOS PATOS
4474,J.DE INF. JOSE DE SAN MARTIN ANEXO DE MALENA,JARDIN DE INFANTES JOSE DE SAN MARTIN ANEXO DE MALENA,MALENA,RIO CUARTO,CÓRDOBA,140279901,REMEDIOS ESCALADA DE SAN MARTIN   MALENA
4471,J.DE INF. JOSE DE SAN MARTIN ANEXO EST. CAROLINA,JARDIN DE INFANTES JOSE DE SAN MARTIN ANEXO EST CAROLINA,CAROLINA,RIO CUARTO,CÓRDOBA,140279902,CALLE PUBLICA   ESTACION CAROLINA. POR SAN BASILIO
4475,J.DE INF. JOSE DE SAN MARTIN ANEXO SAN PEDRO,JARDIN DE INFANTES JOSE DE SAN MARTIN ANEXO SAN PEDRO,SAN PEDRO DE GÜTEMBERG,RIO SECO,CÓRDOBA,140209402,CALLE PUBLICA S/N   SAN PEDRO
4476,J.DE INF. JOSE DIAZ RODRIGUEZ,JARDIN DE INFANTES JOSE DIAZ RODRIGUEZ,CORDOBA,CAPITAL,CÓRDOBA,140293500,MADRE MARIA BRIGIDA PASTORINO 3500 PATRICIOS OESTE B° PATRICIOS OESTE
4477,J.DE INF. JOSE GABRIEL BROCHERO,JARDIN DE INFANTES JOSE GABRIEL BROCHERO,SANTA ROSA DE RIO PRIMERO,RIO PRIMERO,CÓRDOBA,140414400,MITRE Y DEAN FUNES   SANTA ROSA DE RIO PRIMERO
4478,J.DE INF. JOSE GABRIEL BROCHERO,JARDIN DE INFANTES JOSE GABRIEL BROCHERO,VILLA CURA BROCHERO,SAN ALBERTO,CÓRDOBA,140417200,PEDRO MIRANDA 290 CURA GAUCHO VILLA CURA BROCHERO
4479,J.DE INF. JOSE GABRIEL BROCHERO ANEXO BAJO DE CORRALES,JARDIN DE INFANTES JOSE GABRIEL BROCHERO ANEXO BAJO DE CORRALES,BAJO DE CORRALES,SAN ALBERTO,CÓRDOBA,140417201,RUTA 15 S/N°   BAJO DE CORRALES
4480,J.DE INF. JOSE GABRIEL BROCHERO ANEXO EL CRISPIN,JARDIN DE INFANTES JOSE GABRIEL BROCHERO ANEXO EL CRISPIN,EL CRISPIN,RIO PRIMERO,CÓRDOBA,140414401,CALLE PUBLICA   EL CRESPIN P/STA.ROSA DE RIO I°
4481,J.DE INF. JOSE GABRIEL BROCHERO ANEXO PANAHOLMA,JARDIN DE INFANTES JOSE GABRIEL BROCHERO ANEXO PANAHOLMA,PANAHOLMA,SAN ALBERTO,CÓRDOBA,140417202,CALLE PUBLICA S/N°   PANAHOLMA
4482,J.DE INF. JOSE HERNANDEZ,JARDIN DE INFANTES JOSE HERNANDEZ,VILLA DEL PRADO,SANTA MARIA,CÓRDOBA,140014200,RUTA PROVINCIAL 5 KM 28
4483,J.DE INF. JOSE HERNANDEZ,JARDIN DE INFANTES JOSE HERNANDEZ,DEAN FUNES,ISCHILIN,CÓRDOBA,140081800,MONSEÑOR PABLO CABRERA S/N  JOSE HERNANDEZ DEAN FUNES
4484,J.DE INF. JOSE HERNANDEZ,JARDIN DE INFANTES JOSE HERNANDEZ,CORDOBA,CAPITAL,CÓRDOBA,140368100,ASTURIAS 1920 COLON
4485,J.DE INF. JOSE HERNANDEZ,JARDIN DE INFANTES JOSE HERNANDEZ,CANALS,UNION,CÓRDOBA,140424100,SAN MARTIN 151 CENTRO CANALS
4486,J.DE INF. JOSE HERNANDEZ ANEXO COLONIA BREMEN,JARDIN DE INFANTES JOSE HERNANDEZ ANEXO COLONIA BREMEN,COLONIA BREMEN,UNION,CÓRDOBA,140424101,AV. CORDOBA S/N   COLONIA BREMEN
4487,J.DE INF. JOSE INGENIEROS,JARDIN DE INFANTES JOSE INGENIEROS,CRUZ DEL EJE,CRUZ DEL EJE,CÓRDOBA,140108300,FELIX CACERES 675 25 DE MAYO CRUZ DEL EJE
4488,J.DE INF. JOSE INGENIEROS,JARDIN DE INFANTES JOSE INGENIEROS,VILLA MARIA,GENERAL SAN MARTIN,CÓRDOBA,140159800,SANTA FE 1243 CENTRO VILLA MARIA
4489,J.DE INF. JOSE JAVIER DIAZ,JARDIN DE INFANTES JOSE JAVIER DIAZ,CORDOBA,CAPITAL,CÓRDOBA,140000700,GARZON MACEDA 67 ALTO ALBERDI B° ALTO ALBERDI
4490,J.DE INF. JOSE JAVIER VILLAFAÑE (EX DE B° AUTODROMO),JARDIN DE INFANTES JOSE JAVIER VILLAFAÑE (EX DE B AUTODROMO),CORDOBA,CAPITAL,CÓRDOBA,140479300,ERNESTO BOSSOLA  AUTODROMO
4491,J.DE INF. JOSE M. PAZ,JARDIN DE INFANTES JOSE M PAZ,LAS VARILLAS,SAN JUSTO,CÓRDOBA,140043000,CURA BROCHERO 377 JOSE MARIA PAZ LAS VARILLAS
4492,J.DE INF. JOSE M. PAZ,JARDIN DE INFANTES JOSE M PAZ,LA FALDA,PUNILLA,CÓRDOBA,140285700,HIPOLITO IRIGOYEN 431 VILLA CAPRICHOSA LA FALDA
4493,J.DE INF. JOSE MALANCA (EX BERNARDINO RIVADAVIA),JARDIN DE INFANTES JOSE MALANCA (EX BERNARDINO RIVADAVIA),CORDOBA,CAPITAL,CÓRDOBA,140487800,FRANCISCO SUAREZ  4200 MARQUES DE SOBREMONTE-ANEXO B° MARQUES DE SOBREMONTE-ANEXO
4494,J.DE INF. JOSE MANUEL ESTRADA,JARDIN DE INFANTES JOSE MANUEL ESTRADA,ALICIA,SAN JUSTO,CÓRDOBA,140099700,MITRE 245  ALICIA
4495,J.DE INF. JOSE MANUEL ESTRADA,JARDIN DE INFANTES JOSE MANUEL ESTRADA,LAS ARRIAS,TULUMBA,CÓRDOBA,140133700,AV.SAN MARTIN 1332 CENTRO LAS ARRIAS
4496,J.DE INF. JOSE MANUEL ESTRADA,JARDIN DE INFANTES JOSE MANUEL ESTRADA,VILLA MARIA,GENERAL SAN MARTIN,CÓRDOBA,140159400,CARTAGENA 570 BELLO HORIZONTE VILLA MARIA
4497,J.DE INF. JOSE MANUEL ESTRADA,JARDIN DE INFANTES JOSE MANUEL ESTRADA,MONTE BUEY,MARCOS JUAREZ,CÓRDOBA,140160500,SARMIENTO 454 CENTRO MONTE BUEY
4498,J.DE INF. JOSE MANUEL ESTRADA,JARDIN DE INFANTES JOSE MANUEL ESTRADA,MANFREDI,RIO SEGUNDO,CÓRDOBA,140175500,ENTRE RIOS 151  MANFREDI
4499,J.DE INF. JOSE MANUEL ESTRADA,JARDIN DE INFANTES JOSE MANUEL ESTRADA,TOSQUITAS,RIO CUARTO,CÓRDOBA,140179200,AVELLANEDA 157  TOSQUITAS
4500,J.DE INF. JOSE MANUEL ESTRADA,JARDIN DE INFANTES JOSE MANUEL ESTRADA,CORDOBA,CAPITAL,CÓRDOBA,140424000,AV. BERNARDO O'HIGGINS KM. 8  VILLA SAN CARLOS B° VILLA SAN CARLOS
4501,J.DE INF. JOSE MANUEL ESTRADA ANEXO ROSARIO DEL SALADILLO,JARDIN DE INFANTES JOSE MANUEL ESTRADA ANEXO ROSARIO DEL SALADILLO,VILLA ROSARIO DEL SALADILLO,TULUMBA,CÓRDOBA,140133702,JAVIER GARCIA   VILLA ROSARIO DEL SALADILLO
4502,J.DE INF. JOSE MARIA BEDOYA,JARDIN DE INFANTES JOSE MARIA BEDOYA,CORDOBA,CAPITAL,CÓRDOBA,140336300,AGUSTIN GARZON 2738 SAN VICENTE B° SAN VICENTE
4503,J.DE INF. JOSE MARIA PAZ,JARDIN DE INFANTES JOSE MARIA PAZ,GENERAL BALDISSERA,MARCOS JUAREZ,CÓRDOBA,140104800,MANUEL BELGRANO 690 CENTRO GENERAL BALDISSERA
4504,J.DE INF. JOSE MARIA PAZ,JARDIN DE INFANTES JOSE MARIA PAZ,ONCATIVO,RIO SEGUNDO,CÓRDOBA,140122300,PEDERNERA 172 CENTRO ONCATIVO
4505,J.DE INF. JOSE MARIA PAZ,JARDIN DE INFANTES JOSE MARIA PAZ,HIPOLITO BOUCHARD,GENERAL ROCA,CÓRDOBA,140134500,GOB. JUAN B. BUSTOS 39  HIPOLITO BOUCHARD
4506,J.DE INF. JOSE MARIA PAZ,JARDIN DE INFANTES JOSE MARIA PAZ,IGLESIA VIEJA,CRUZ DEL EJE,CÓRDOBA,140166500,CALLE PUBLICA S/N°   IGLESIA VIEJA POR TUCLAME
4507,J.DE INF. JOSE MARIA PAZ,JARDIN DE INFANTES JOSE MARIA PAZ,GENERAL CABRERA,JUAREZ CELMAN,CÓRDOBA,140171100,25 DE MAYO 1183 LAS ROSAS GENERAL CABRERA
4508,J.DE INF. JOSE MARIA PAZ,JARDIN DE INFANTES JOSE MARIA PAZ,ALCIRA,RIO CUARTO,CÓRDOBA,140199700,SAN MARTIN 648 CENTRO ALCIRA GIGENA
4509,J.DE INF. JOSE MARIA PAZ,JARDIN DE INFANTES JOSE MARIA PAZ,DEAN FUNES,ISCHILIN,CÓRDOBA,140288900,ALMIRANTE BROWN 355 CENTRO DEAN FUNES
4510,J.DE INF. JOSE MARIA PAZ,JARDIN DE INFANTES JOSE MARIA PAZ,GENERAL PAZ,COLON,CÓRDOBA,140297500,CORDOBA   RUTA 9 NORTE(KM.735)
4511,J.DE INF. JOSE MARIA PAZ,JARDIN DE INFANTES JOSE MARIA PAZ,SAN FRANCISCO,SAN JUSTO,CÓRDOBA,140303800,REPUBLICA DEL LIBANO 1049 PARQUE SAN FRANCISCO
4512,J.DE INF. JOSE MARIA PAZ,JARDIN DE INFANTES JOSE MARIA PAZ,EL TIO,SAN JUSTO,CÓRDOBA,140359800,GENERAL PAZ 290  EL TIO
4513,J.DE INF. JOSE MARIA PAZ,JARDIN DE INFANTES JOSE MARIA PAZ,DEL CAMPILLO,GENERAL ROCA,CÓRDOBA,140401500,JOSE MARIA PAZ 412 ENRIQUE COOK DEL CAMPILLO
4514,J.DE INF. JOSE MARIA PAZ,JARDIN DE INFANTES JOSE MARIA PAZ,ALTA GRACIA,SANTA MARIA,CÓRDOBA,140419400,CHILE 1175 CAMARA ALTA GRACIA
4515,J.DE INF. JOSE MARIA PAZ,JARDIN DE INFANTES JOSE MARIA PAZ,ARROYITO,SAN JUSTO,CÓRDOBA,140503100,VELEZ SARSFIELD 1055 CENTRO ARROYITO
4516,J.DE INF. JOSE MARIA PAZ ANEXO AGUA DEL MOLLE,JARDIN DE INFANTES JOSE MARIA PAZ ANEXO AGUA DEL MOLLE,COPACABANA,ISCHILIN,CÓRDOBA,140288901,CALLE PUBLICA   PARAJE AGUA DEL MOLLE
4517,J.DE INF. JOSE MARIA PAZ ANEXO DE PLAZA LUXARDO,JARDIN DE INFANTES JOSE MARIA PAZ ANEXO DE PLAZA LUXARDO,PLAZA LUXARDO,SAN JUSTO,CÓRDOBA,140303801,GABRIEL LUXARDO ESQ.ILLIA   PLAZA LUXARDO
4518,J.DE INF. JOSE MARIA SALGUEIRO,JARDIN DE INFANTES JOSE MARIA SALGUEIRO,JAMES CRAIK,TERCERO ARRIBA,CÓRDOBA,140350500,JOSE MARIA SALGUEIRO 522 CENTRO JAMES CRAIK
4519,J.DE INF. JOSE MARIA SALGUEIRO ANEXO CAMPO MARENGO,JARDIN DE INFANTES JOSE MARIA SALGUEIRO ANEXO CAMPO MARENGO,CAMPO MARENGO,TERCERO ARRIBA,CÓRDOBA,140350501,CALLE PUBLICA   CAMPO MARENGO P/ PAMPAYASTA NORTE
4520,J.DE INF. JOSE MARIA TORRES,JARDIN DE INFANTES JOSE MARIA TORRES,CORDOBA,CAPITAL,CÓRDOBA,140160600,ESTADOS UNIDOS 2619 SAN VICENTE B° SAN VICENTE
4521,J.DE INF. JOSE MARMOL,JARDIN DE INFANTES JOSE MARMOL,VILLA MARIA,GENERAL SAN MARTIN,CÓRDOBA,140205200,COLOMBIA 308 GUEMES VILLA MARIA
4522,J.DE INF. JOSE MARMOL,JARDIN DE INFANTES JOSE MARMOL,CORDOBA,CAPITAL,CÓRDOBA,140226500,AV. LOS PLATANOS 1346 LOS PLATANOS B° LOS PLATANOS - AL LADO DE ESCUELA PRIMARIA MARMOL
4523,J.DE INF. JOSE MATIAS ZAPIOLA,JARDIN DE INFANTES JOSE MATIAS ZAPIOLA,RIO TERCERO,TERCERO ARRIBA,CÓRDOBA,140121300,DIEGO DE ROJAS 680 LAS VIOLETAS RIO TERCERO
4524,J.DE INF. JOSE PEÑA,JARDIN DE INFANTES JOSE PEÑA,CORDOBA,CAPITAL,CÓRDOBA,140487000,RICARDO PEDRONI 2050 VILLA CABRERA B° VILLA CABRERA
4525,J.DE INF. JOSE RUBIROLA,JARDIN DE INFANTES JOSE RUBIROLA,VILLA ROSSI,PRESIDENTE ROQUE SAENZ PEÑA,CÓRDOBA,140142900,SARMIENTO 205  VILLA ROSSI
4526,J.DE INF. JOSE SEEBER,JARDIN DE INFANTES JOSE SEEBER,SEEBER,SAN JUSTO,CÓRDOBA,140223800,SAN PANTALEON 479  SEEBER
4527,J.DE INF. JUAN B. ALBERDI,JARDIN DE INFANTES JUAN B ALBERDI,SANTA MARIA DE PUNILLA (ESTACION SANTA MARIA),PUNILLA,CÓRDOBA,140212500,BELGRANO 932 VILLA CAEIRO VILLA CAEIRO-SANTA MARIA DE PUNILLA
4528,J.DE INF. JUAN BAUTISTA ALBERDI,JARDIN DE INFANTES JUAN BAUTISTA ALBERDI,LAS JUNTURAS,RIO SEGUNDO,CÓRDOBA,140032500,DEAN FUNES 630  LAS JUNTURAS
4529,J.DE INF. JUAN BAUTISTA ALBERDI,JARDIN DE INFANTES JUAN BAUTISTA ALBERDI,MARCOS JUAREZ,MARCOS JUAREZ,CÓRDOBA,140062300,FLORENTINA ROSA 1280 VILLA ARGENTINA MARCOS JUAREZ
4530,J.DE INF. JUAN BAUTISTA ALBERDI,JARDIN DE INFANTES JUAN BAUTISTA ALBERDI,TOLEDO,SANTA MARIA,CÓRDOBA,140106300,BOLIVAR 447  TOLEDO
4531,J.DE INF. JUAN BAUTISTA ALBERDI,JARDIN DE INFANTES JUAN BAUTISTA ALBERDI,CAMILO ALDAO,MARCOS JUAREZ,CÓRDOBA,140138400,SARGENTO CABRAL 855  CAMILO ALDAO
4532,J.DE INF. JUAN BAUTISTA ALBERDI,JARDIN DE INFANTES JUAN BAUTISTA ALBERDI,BELL VILLE,UNION,CÓRDOBA,140269300,MITRE 671 HAEDO BELL VILLE
4533,J.DE INF. JUAN BAUTISTA ALBERDI,JARDIN DE INFANTES JUAN BAUTISTA ALBERDI,CINTRA,UNION,CÓRDOBA,140317600,BELGRANO 575 CENTRO CINTRA
4534,J.DE INF. JUAN BAUTISTA ALBERDI,JARDIN DE INFANTES JUAN BAUTISTA ALBERDI,RIO CUARTO,RIO CUARTO,CÓRDOBA,140476400,GUEMES Y ANCHORENA  ALBERDI RIO CUARTO
3908,J. DE INF. JUAN BAUTISTA AZOPARDO,JARDIN DE INFANTES JUAN BAUTISTA AZOPARDO,SANTA MARIA DE PUNILLA (ESTACION SANTA MARIA),PUNILLA,CÓRDOBA,140078400,SARMIENTO 89 VILLA BUSTOS STA.MARIA DE PUNILLA
4535,J.DE INF. JUAN BAUTISTA BUSTOS,JARDIN DE INFANTES JUAN BAUTISTA BUSTOS,PILAR,RIO SEGUNDO,CÓRDOBA,140027300,SAN JUAN 1276  PILAR
4536,J.DE INF. JUAN CARLOS MULINETTI,JARDIN DE INFANTES JUAN CARLOS MULINETTI,VILLA MARIA,GENERAL SAN MARTIN,CÓRDOBA,140221400,TOMAS EDISON 275 PRESIDENTE ROQUE SAENZ PEÑA VILLA MARIA
4537,J.DE INF. JUAN DE SAN MARTIN Y GOMEZ,JARDIN DE INFANTES JUAN DE SAN MARTIN Y GOMEZ,SARMIENTO,TOTORAL,CÓRDOBA,140189300,12 DE MARZO S/Nº  CENTRO SARMIENTO
4538,J.DE INF. JUAN FILLOY,JARDIN DE INFANTES JUAN FILLOY,CORDOBA,CAPITAL,CÓRDOBA,140477200,ATILIO CATTANEO  5800 VILLA UNION B°VILLA UNION
4539,J.DE INF. JUAN FILLOY (EX DE B° CERRO NORTE),JARDIN DE INFANTES JUAN FILLOY (EX DE B CERRO NORTE),CORDOBA,CAPITAL,CÓRDOBA,140479200,MOLLEYACO ESQ. PAYEN 8250 CERRO NORTE
4540,J.DE INF. JUAN JOSE CASTELLI,JARDIN DE INFANTES JUAN JOSE CASTELLI,TUCLAME,CRUZ DEL EJE,CÓRDOBA,140167400,CALLE PUBLICA   TUCLAME
4541,J.DE INF. JUAN JOSE CASTELLI,JARDIN DE INFANTES JUAN JOSE CASTELLI,SAN JOAQUIN,PRESIDENTE ROQUE SAENZ PEÑA,CÓRDOBA,140349100,CALLE PUBLICA   SAN JOAQUIN
4542,J.DE INF. JUAN JOSE PASO,JARDIN DE INFANTES JUAN JOSE PASO,SAN ANTONIO DE ARREDONDO,PUNILLA,CÓRDOBA,140069900,RUTA PROVINCIAL N° 14 KM 43 1/2   SAN ANTONIO DE ARREDONDO
4543,J.DE INF. JUAN JOSE PASO,JARDIN DE INFANTES JUAN JOSE PASO,LA QUINTA,RIO PRIMERO,CÓRDOBA,140378100,CALLE PUBLICA S/N    PARAJE LA QUINTA
4544,J.DE INF. JUAN JOSE PASO ANEXO DE LAS GRAMILLAS,JARDIN DE INFANTES JUAN JOSE PASO ANEXO DE LAS GRAMILLAS,LAS GRAMILLAS,RIO PRIMERO,CÓRDOBA,140378101,CALLE PUBLICA S/N    COLONIA LAS GRAMILLAS
4545,J.DE INF. JUAN JOSE PASO ANEXO PUESTO PEDERNERA,JARDIN DE INFANTES JUAN JOSE PASO ANEXO PUESTO PEDERNERA,PUESTO PEDERNERA,PUNILLA,CÓRDOBA,140069901,RUTA PROVINCIAL NUMERO 34   CAMINO DE LAS ALTAS CUMBRES. PUESTO PEDERNERA
4546,J.DE INF. JUAN M. PUEYRREDON,JARDIN DE INFANTES JUAN M PUEYRREDON,CORDOBA,CAPITAL,CÓRDOBA,140243800,ANCASTI 4575 EMPALME
4547,J.DE INF. JUAN MANTOVANI,JARDIN DE INFANTES JUAN MANTOVANI,CORDOBA,CAPITAL,CÓRDOBA,140425100,AVOGADRO 5716 VILLA BELGRANO B° VILLA BELGRANO
4548,J.DE INF. JUAN MARIA GUTIERREZ,JARDIN DE INFANTES JUAN MARIA GUTIERREZ,CORDOBA,CAPITAL,CÓRDOBA,140293700,BOULEVARD LOS ALEMANES 4255 LOS BOULEVARES
4549,J.DE INF. JUAN MARTIN RECALDE,JARDIN DE INFANTES JUAN MARTIN RECALDE,SAN LORENZO,SAN ALBERTO,CÓRDOBA,140258000,CALLE PUBLICA   SAN LORENZO
4550,J.DE INF. JUAN MINETTI,JARDIN DE INFANTES JUAN MINETTI,LA CALERA,COLON,CÓRDOBA,140225100,CHUBUT 761 DUMESNIL BARRIO DUMESNIL - LA CALERA
4551,J.DE INF. JUAN MINETTI (EX FRAY JUSTO SANTA MARIA DE ORO),JARDIN DE INFANTES JUAN MINETTI (EX FRAY JUSTO SANTA MARIA DE ORO),MALAGUEÑO,SANTA MARIA,CÓRDOBA,140482100,CRUCERO GENERAL BELGRANO  1º DE MAYO MALAGUEÑO
4552,J.DE INF. JUAN PABLO II,JARDIN DE INFANTES JUAN PABLO II,CORDOBA,CAPITAL,CÓRDOBA,140512300,MANUELA CACIGAS 650 AMPLIACION LAS PALMAS B° AMPLIACION LAS PALMAS
4553,J.DE INF. JUAN PABLO II,JARDIN DE INFANTES JUAN PABLO II,CORDOBA,CAPITAL,CÓRDOBA,140518100,LOLA MORA 2962 AMPLIACION 1° DE MAYO B° AMPLIACION 1° DE MAYO - MANZANA 5
4554,J.DE INF. JUAN PEDRO CABRINI,JARDIN DE INFANTES JUAN PEDRO CABRINI,ARIAS,MARCOS JUAREZ,CÓRDOBA,140382600,SANTA FE 1414 VIRGEN DEL ROSARIO ARIAS
4555,J.DE INF. JUAN RAMON JIMENEZ,JARDIN DE INFANTES JUAN RAMON JIMENEZ,CORDOBA,CAPITAL,CÓRDOBA,140407300,PASAJE ERNESTO GUASTONI 3472 BRIGADIER SAN MARTIN B° BRIGADIER SAN MARTIN
4556,J.DE INF. JUAN XXIII,JARDIN DE INFANTES JUAN XXIII,CORDOBA,CAPITAL,CÓRDOBA,140222500,NAZARIO BENAVIDEZ  NICOLAS AVELLANEDA B° NICOLAS AVELLANEDA
4557,J.DE INF. JUAN ZORRILLA DE SAN MARTIN,JARDIN DE INFANTES JUAN ZORRILLA DE SAN MARTIN,CORDOBA,CAPITAL,CÓRDOBA,140134000,AV. MALBRAN 4178 CERRO DE LAS ROSAS B° CERRO DE LAS ROSAS
4558,J.DE INF. JUANA EUFEMIA MAQUIEIRA DE ZAMBRUNO,JARDIN DE INFANTES JUANA EUFEMIA MAQUIEIRA DE ZAMBRUNO,MARCOS JUAREZ,MARCOS JUAREZ,CÓRDOBA,140391700,MENDOZA 860 SUR MARCOS JUAREZ
4559,J.DE INF. JUANA MANSO,JARDIN DE INFANTES JUANA MANSO,JUSTINIANO POSSE,UNION,CÓRDOBA,140149000,LAS HERAS 361  JUSTINIANO POSSE
4560,J.DE INF. JUANA MANSO,JARDIN DE INFANTES JUANA MANSO,VILLA MARIA,GENERAL SAN MARTIN,CÓRDOBA,140152800,LA QUIACA 976 FELIPE BOTTA VILLA MARIA
4561,J.DE INF. JUANA MANSO,JARDIN DE INFANTES JUANA MANSO,CORDOBA,CAPITAL,CÓRDOBA,140214000,CERRITO 1820 SAN MARTIN B° SAN MARTIN
4562,J.DE INF. JUANA MANUELA GORRITI,JARDIN DE INFANTES JUANA MANUELA GORRITI,EL BARREAL,CRUZ DEL EJE,CÓRDOBA,140552800,RUTA PROVINCIAL A 175   RUTA PROVINCIAL A 175 - CRUZ DEL EJE
4563,J.DE INF. JUANA PAULA MANSO,JARDIN DE INFANTES JUANA PAULA MANSO,CANTERAS QUILPO,CRUZ DEL EJE,CÓRDOBA,140036200,CALLE PUBLICA S/N°   LA CUESTA P/CANTERAS QUILPO
4564,J.DE INF. JUANA PAULA MANSO,JARDIN DE INFANTES JUANA PAULA MANSO,UNQUILLO,COLON,CÓRDOBA,140165700,ROSARIO VERA PEÑALOZA  LAS ENSENADAS UNQUILLO CAMINO A CABANA
4565,J.DE INF. JULIA ARGENTINA PEÑALOZA DE COUZO,JARDIN DE INFANTES JULIA ARGENTINA PEÑALOZA DE COUZO,CORDOBA,CAPITAL,CÓRDOBA,140498600,CALLE PUBLICA  CIUDAD DE MIS SUEÑOS KM690
4566,J.DE INF. JULIAN AGUIRRE,JARDIN DE INFANTES JULIAN AGUIRRE,BALLESTEROS SUR,UNION,CÓRDOBA,140354800,EFRAIN TAGLE   BALLESTEROS SUD - RUTA 9 (ACCESO NORTE)
4567,J.DE INF. JULIETA DELFINO,JARDIN DE INFANTES JULIETA DELFINO,VILLA CARLOS PAZ,PUNILLA,CÓRDOBA,140455800,INDEPENDENCIA 42 SANTA RITA VILLA CARLOS PAZ
4568,J.DE INF. JUSTO JOSE DE URQUIZA,JARDIN DE INFANTES JUSTO JOSE DE URQUIZA,CORDOBA,CAPITAL,CÓRDOBA,140002300,SUIPACHA 2333 PUEYRREDON BARRIO PUEYRREDON
4569,J.DE INF. JUSTO JOSE DE URQUIZA,JARDIN DE INFANTES JUSTO JOSE DE URQUIZA,VILLA MARIA,GENERAL SAN MARTIN,CÓRDOBA,140205700,LANIN  MARIANO MORENO VILLA MARÍA
4570,J.DE INF. JUSTO JOSE DE URQUIZA,JARDIN DE INFANTES JUSTO JOSE DE URQUIZA,INRIVILLE,MARCOS JUAREZ,CÓRDOBA,140316700,17 DE OCTUBRE 229 ZONA NORTE INRIVILLE
4571,J.DE INF. JUSTO JOSE PACHECO,JARDIN DE INFANTES JUSTO JOSE PACHECO,CRUZ DEL EJE,CRUZ DEL EJE,CÓRDOBA,140252900,CALLE 11  LA FERIA CRUZ DEL EJE
4572,J.DE INF. JUSTO SOCRATES ANAYA,JARDIN DE INFANTES JUSTO SOCRATES ANAYA,RIO CUARTO,RIO CUARTO,CÓRDOBA,140301500,ALMIRANTE BROWN 1245 BARRIO FENIX RIO CUARTO
4573,J.DE INF. JUSTO SOCRATES ANAYA ANEXO,JARDIN DE INFANTES JUSTO SOCRATES ANAYA ANEXO,SAN AMBROSIO,RIO CUARTO,CÓRDOBA,140301501,CALLE PUBLICA S/N°   SAN AMBROSIO - RIO CUARTO
4574,J.DE INF. JUVENILIA,JARDIN DE INFANTES JUVENILIA,CORDOBA,CAPITAL,CÓRDOBA,140313600,ZARATE 2083 ANA MARIA ZUMARAN B° ANA MARIA ZUMARAN
4575,J.DE INF. LA MERCED,JARDIN DE INFANTES LA MERCED,RIO CUARTO,RIO CUARTO,CÓRDOBA,140541400,COLON 580 CENTRO RIO CUARTO
4576,J.DE INF. LA PRIMERA ENSEÑANZA,JARDIN DE INFANTES LA PRIMERA ENSEÑANZA,CORDOBA,CAPITAL,CÓRDOBA,140565400,LA RIOJA 1276 ALBERDI B° ALBERDI
4577,J.DE INF. LA RECONQUISTA,JARDIN DE INFANTES LA RECONQUISTA,SALSIPUEDES,COLON,CÓRDOBA,140198700,RIVADAVIA  CENTRO SALSIPUEDES
4578,J.DE INF. LA SAGRADA FAMILIA,JARDIN DE INFANTES LA SAGRADA FAMILIA,SERRANO,PRESIDENTE ROQUE SAENZ PEÑA,CÓRDOBA,140502300,JOSE MANUEL ESTRADA 362  SERRANO
4579,J.DE INF. LA SALLE,JARDIN DE INFANTES LA SALLE,CORDOBA,CAPITAL,CÓRDOBA,140000400,AV. RECTA MARTINOLI 6602 ARGUELLO B° ARGUELLO
4580,J.DE INF. LA SANTA MARIA,JARDIN DE INFANTES LA SANTA MARIA,CAMPO METAYER,COLON,CÓRDOBA,140356300,HORACIO METAYER S/N°   CAMPO METAYER
4581,J.DE INF. LA SANTISIMA TRINIDAD,JARDIN DE INFANTES LA SANTISIMA TRINIDAD,VILLA MARIA,GENERAL SAN MARTIN,CÓRDOBA,140423100,VELEZ SARSFIELD 1072 CENTRO VILLA MARIA
4582,J.DE INF. LEDA VALLADARES,JARDIN DE INFANTES LEDA VALLADARES,RIO CEBALLOS,COLON,CÓRDOBA,140544000,LOS NOGALES  VILLA LOS ALTOS RIO CEBALLOS
4583,J.DE INF. LEONILA DE LAS MERCEDES LEMOS,JARDIN DE INFANTES LEONILA DE LAS MERCEDES LEMOS,LAS ACEQUIAS,RIO CUARTO,CÓRDOBA,140061400,AVENIDA CORDOBA 538 NORTE LAS ACEQUIAS
4584,J.DE INF. LEONOR DE TEJEDA,JARDIN DE INFANTES LEONOR DE TEJEDA,CORDOBA,CAPITAL,CÓRDOBA,140045800,FRUCTUOSO RIVERA 540 GUEMES B° GUEMES
4585,J.DE INF. LEONOR DE TEJEDA,JARDIN DE INFANTES LEONOR DE TEJEDA,LABOULAYE,PRESIDENTE ROQUE SAENZ PEÑA,CÓRDOBA,140200300,SAN MARTIN 159 CENTRO LABOULAYE
4586,J.DE INF. LEONOR DE TEJEDA ANEXO SALGUERO,JARDIN DE INFANTES LEONOR DE TEJEDA ANEXO SALGUERO,SALGUERO,PRESIDENTE ROQUE SAENZ PEÑA,CÓRDOBA,140200301,CALLE PUBLICA S/N    SALGUERO P/LABOULAYE RUTA PROV. Nº4
4587,J.DE INF. LEOPOLDO ANIBAL REYNA,JARDIN DE INFANTES LEOPOLDO ANIBAL REYNA,SINSACATE,TOTORAL,CÓRDOBA,140065500,AV. LEOPOLDO REYNA S/N°  CENTRO SINSACATE
4588,J.DE INF. LEOPOLDO ANIBAL REYNA ANEXO SANTA CATALINA,JARDIN DE INFANTES LEOPOLDO ANIBAL REYNA ANEXO SANTA CATALINA,SANTA CATALINA,TOTORAL,CÓRDOBA,140065503,SANTA CATALINA
4589,J.DE INF. LEOPOLDO HERRERA,JARDIN DE INFANTES LEOPOLDO HERRERA,CRUZ DEL EJE,CRUZ DEL EJE,CÓRDOBA,140071500,VUELTA DE OBLIGADO  LEOPOLDO HERRERA CRUZ DEL EJE
4590,J.DE INF. LEOPOLDO LUGONES,JARDIN DE INFANTES LEOPOLDO LUGONES,RIO CUARTO,RIO CUARTO,CÓRDOBA,140088000,ALBERTO SORIA 400 LAS DELICIAS RIO CUARTO
4591,J.DE INF. LEOPOLDO LUGONES,JARDIN DE INFANTES LEOPOLDO LUGONES,LAS TAPIAS,SAN JAVIER,CÓRDOBA,140220800,CALLE PUBLICA   LAS TAPIAS - RUTA N° 20
4592,J.DE INF. LEOPOLDO LUGONES,JARDIN DE INFANTES LEOPOLDO LUGONES,ARROYITO,SAN JUSTO,CÓRDOBA,140393000,VELEZ SARSFIELD 918 CENTRO ARROYITO
4593,J.DE INF. LEOPOLDO LUGONES,JARDIN DE INFANTES LEOPOLDO LUGONES,CORDOBA,CAPITAL,CÓRDOBA,140417800,LARTIGAU LESPADA 3050 POETA LUGONES
4594,J.DE INF. LEOPOLDO LUGONES,JARDIN DE INFANTES LEOPOLDO LUGONES,JUAREZ CELMAN,COLON,CÓRDOBA,140482000,LOS ALAMOS 40 VILLA LOS LLANOS B°VILLA LOS LLANOS - JUAREZ CELMAN
4595,J.DE INF. LIB. GRAL. SAN MARTIN,JARDIN DE INFANTES LIBERTADOR GENERAL SAN MARTIN,COSTASACATE,RIO SEGUNDO,CÓRDOBA,140019300,POSADAS   COSTASACATE
4596,J.DE INF. LIBERTADOR GENERAL SAN MARTIN,JARDIN DE INFANTES LIBERTADOR GENERAL SAN MARTIN,CRUZ ALTA,MARCOS JUAREZ,CÓRDOBA,140204000,RIVADAVIA 1224 RIVADAVIA CRUZ ALTA
4597,J.DE INF. LIBERTADOR GENERAL SAN MARTIN,JARDIN DE INFANTES LIBERTADOR GENERAL SAN MARTIN,CORDOBA,CAPITAL,CÓRDOBA,140221800,SANTIAGO MORALES 4400 FERREYRA B° FERREYRA (CERCA DEL CAMINO INTERFABRICA E INTERSECCION CON RUTA NACIONAL N°9)
4598,J.DE INF. LIBERTADOR GENERAL SAN MARTIN,JARDIN DE INFANTES LIBERTADOR GENERAL SAN MARTIN,MALAGUEÑO,SANTA MARIA,CÓRDOBA,140238000,ALMIRANTE BROWN 230  MALAGUEÑO
4599,J.DE INF. LIBERTADOR GENERAL SAN MARTIN,JARDIN DE INFANTES LIBERTADOR GENERAL SAN MARTIN,SOCAVONES,SANTA MARIA,CÓRDOBA,140317500,Camino 60 Cuadras Km 12 S/N°   CAMINO A 60 CUADRAS KM 12
4600,J.DE INF. LIDIA G. DE FARIAS,JARDIN DE INFANTES LIDIA G DE FARIAS,CHUCUL,RIO CUARTO,CÓRDOBA,140199800,AV. SAN MARTIN   CHUCUL
4601,J.DE INF. LOS AROMITOS,JARDIN DE INFANTES LOS AROMITOS,VILLA LOS AROMOS,SANTA MARIA,CÓRDOBA,140552500,LOS EUCALIPTUS S/N  EL VIVERO VILLA LOS AROMOS - SANTA MARIA
4602,J.DE INF. LOS INMIGRANTES,JARDIN DE INFANTES LOS INMIGRANTES,COLONIA CAROYA,COLON,CÓRDOBA,140318200,MARCOS PERDIA  915 MALABRIGO COLONIA CAROYA
4603,J.DE INF. LOS ROBLES,JARDIN DE INFANTES LOS ROBLES,CORDOBA,CAPITAL,CÓRDOBA,140476800,CALLE PUBLICA  LOS ROBLES
4604,J.DE INF. LUCIA VAIRA DE AIMETTA,JARDIN DE INFANTES LUCIA VAIRA DE AIMETTA,SAN FRANCISCO,SAN JUSTO,CÓRDOBA,140319600,ANTARTIDA ARGENTINA 706 LA MILKA SAN FRANCISCO
4605,J.DE INF. LUCIANO ARGUELLO (EX NAC N° 170),JARDIN DE INFANTES LUCIANO ARGUELLO (EX NACIONAL 170),CERRO COLORADO,RIO SECO,CÓRDOBA,140124400,CALLE PUBLICA   CERRO COLORADO
4606,J.DE INF. LUCIO VICTORIO MANSILLA,JARDIN DE INFANTES LUCIO VICTORIO MANSILLA,LABOULAYE,PRESIDENTE ROQUE SAENZ PEÑA,CÓRDOBA,140141400,GALO LLORENTE 130 BELGRANO LABOULAYE
4607,J.DE INF. LUIS DE TEJEDA,JARDIN DE INFANTES LUIS DE TEJEDA,MONTE MAIZ,UNION,CÓRDOBA,140260800,MENDOZA 1589 GOBATO MONTE MAIZ
4608,J.DE INF. LUIS EUSEBIO CAPELLINI,JARDIN DE INFANTES LUIS EUSEBIO CAPELLINI,LAS PLAYAS,CRUZ DEL EJE,CÓRDOBA,140029700,CALLE PUBLICA S/N°  EL ARROYO LAS PLAYAS (RUTA PROV. A75 P/CNO. A MEDIA NARANJA)
4609,J.DE INF. LUIS MANUEL ROBLES,JARDIN DE INFANTES LUIS MANUEL ROBLES,CORDOBA,CAPITAL,CÓRDOBA,140477000,PADRE LUIS MONTI 1859 PUEYRREDON
4610,J.DE INF. LUIS MARIA DRAGO,JARDIN DE INFANTES LUIS MARIA DRAGO,SANTA ROSA DE CALAMUCHITA,CALAMUCHITA,CÓRDOBA,140021000,CALLE 5  VILLA INCOR SANTA ROSA DE CALAMUCHITA
4611,J.DE INF. LUIS PIEDRABUENA,JARDIN DE INFANTES LUIS PIEDRABUENA,LEONES,MARCOS JUAREZ,CÓRDOBA,140154500,ALBERDI 1095 PARQUE SUR LEONES
4612,J.DE INF. LUTERANO CONCORDIA,JARDIN DE INFANTES LUTERANO CONCORDIA,CORDOBA,CAPITAL,CÓRDOBA,140421600,AV. SANTA ANA 2011 ALTO ALBERDI B° ALTO ABERDI
3909,J. DE INF. LUZ VIEIRA MENDEZ,JARDIN DE INFANTES LUZ VIEIRA MENDEZ,CORDOBA,CAPITAL,CÓRDOBA,140546900,OBISPO MOSCOSO Y PERALTA 2772 CERRO DE LAS ROSAS B° CERRO DE LAS ROSAS
4613,J.DE INF. M. MERCAU DE CASSANITI ANEXO CNIA.LA ARGENTINA,JARDIN DE INFANTES M MERCAU DE CASSANITI ANEXO COLONIA LA ARGENTINA,COLONIA LA ARGENTINA,RIO CUARTO,CÓRDOBA,140176701,CALLE PUBLICA  ZONA RURAL COLONIA LA ARGENTINA P/VICUÑA MACKENNA
4617,J.DE INF. MADRE MARIA DEL TRANSITO (EX DE B° BOEDO),JARDIN DE INFANTES MADRE MARIA DEL TRANSITO (EX DE B BOEDO),CORDOBA,CAPITAL,CÓRDOBA,140477500,CALLE PUBLICA  VILLA BOEDO
4618,J.DE INF. MADRE TERESA DE CALCUTA,JARDIN DE INFANTES MADRE TERESA DE CALCUTA,RIO CUARTO,RIO CUARTO,CÓRDOBA,140515900,GAUDARD 3428 CIUDAD NUEVA RIO CUARTO
4619,J.DE INF. MADRE TERESA DE CALCUTA (EX ANEXO JUAN RAMON JIMENEZ),JARDIN DE INFANTES MADRE TERESA DE CALCUTA (EX ANEXO JUAN RAMON JIMENEZ),CORDOBA,CAPITAL,CÓRDOBA,140516700,MARIA DE LA SERNA 2850 LAS LILAS B° LAS LILAS
4620,J.DE INF. MAESTRA JUANA I. DE CHELI,JARDIN DE INFANTES MAESTRA JUANA I DE CHELI,VILLA HUIDOBRO,GENERAL ROCA,CÓRDOBA,140335500,ALBERDI 225 NORTE VILLA HUIDOBRO
4621,J.DE INF. MAESTRO DOMINGO FAUSTINO SARMIENTO,JARDIN DE INFANTES MAESTRO DOMINGO FAUSTINO SARMIENTO,MINA CLAVERO,SAN ALBERTO,CÓRDOBA,140349400,PAMPA DE ACHALA S/N°  MAYTHE MINA CLAVERO
4623,J.DE INF. MAESTRO DOMINGO FAUSTINO SARMIENTO ANEXO EL HUAYCO,JARDIN DE INFANTES MAESTRO DOMINGO FAUSTINO SARMIENTO ANEXO EL HUAYCO,EL HUAYCO,SAN ALBERTO,CÓRDOBA,140349402,CALLE PUBLICA   EL HAYCO
4622,J.DE INF. MAESTRO DOMINGO FAUSTINO SARMIENTO  ANEXO PAMPA DE ACHALA,JARDIN DE INFANTES MAESTRO DOMINGO FAUSTINO SARMIENTO ANEXO PAMPA DE ACHALA,PAMPA DE ACHALA,SAN ALBERTO,CÓRDOBA,140349401,Ruta Provincial N° 34  Jorge Raul Recalde S/N°   PAMPA DE ACHALA
4624,J.DE INF. MAESTRO DOMINGO NOGAL,JARDIN DE INFANTES MAESTRO DOMINGO NOGAL,MONTECRISTO,RIO PRIMERO,CÓRDOBA,140275700,PADRE QUIROGA 40 CENTRO MONTECRISTO
4625,J.DE INF. MAESTRO HERIBERTO GALABURRI,JARDIN DE INFANTES MAESTRO HERIBERTO GALABURRI,SAN VICENTE,SAN ALBERTO,CÓRDOBA,140038700,PTE. PERON S/N°  SAN VICENTE B°SAN VICENTE
4626,J.DE INF. MAESTRO HERIBERTO GALABURRI ANEXO SAN MARTIN,JARDIN DE INFANTES MAESTRO HERIBERTO GALABURRI ANEXO SAN MARTIN,SAN MARTIN,SAN ALBERTO,CÓRDOBA,140038701,CALLE PUBLICA
4627,J.DE INF. MAESTRO INDIO FELIPE ROSAS,JARDIN DE INFANTES MAESTRO INDIO FELIPE ROSAS,RIO CUARTO,RIO CUARTO,CÓRDOBA,140476700,GERONIMO DEL BARCO 3041 PIZARRO RIO CUARTO
4628,J.DE INF. MAESTRO JESUS ISMAEL RECALDE,JARDIN DE INFANTES MAESTRO JESUS ISMAEL RECALDE,PASCANAS,UNION,CÓRDOBA,140201800,SARMIENTO 485 CENTRO PASCANAS
4629,J.DE INF. MAESTROS PUNTANOS,JARDIN DE INFANTES MAESTROS PUNTANOS,CORDOBA,CAPITAL,CÓRDOBA,140077100,JULIO ESSAIN 25 POETA LUGONES ANEXO B° POETA LUGONES ANEXO
4631,J.DE INF. MAGDALENA T.DE CHARLES,JARDIN DE INFANTES MAGDALENA T DE CHARLES,VILLA DE LAS ROSAS,SAN JAVIER,CÓRDOBA,140480900,CHAMPAQUI 213  VILLA DE LAS ROSAS
4615,J.DE INF. M.T.DE CHARLES ANEXO CHUCHIRAS,JARDIN DE INFANTES MAGDALENA T DE CHARLES ANEXO CHUCHIRAS,CHUCZIRAS,SAN JAVIER,CÓRDOBA,140480902,CALLE PUBLICA   CHUCHIRAS P/RUTA A SAN JAVIER
4630,J.DE INF. MAGDALENA T. DE CHARLES ANEXO LAS CHACRAS,JARDIN DE INFANTES MAGDALENA T DE CHARLES ANEXO LAS CHACRAS,LAS CHACRAS,SAN JAVIER,CÓRDOBA,140480903,Pasos de los Antiguos S/N°   POR VILLA LAS ROSAS
4616,J.DE INF. M.T.DE CHARLES ANEXO QUEBRADA DE LOS POZOS,JARDIN DE INFANTES MAGDALENA T DE CHARLES ANEXO QUEBRADA DE LOS POZOS,QUEBRADA DE LOS POZOS,SAN JAVIER,CÓRDOBA,140480901,RUTA NACIONAL N°20   QUEBRADA DE LOS POZOS
4632,J.DE INF. MAHATMA GANDHI,JARDIN DE INFANTES MAHATMA GANDHI,RIO PRIMERO,RIO PRIMERO,CÓRDOBA,140127500,SALTA S/N°  SUR RIO PRIMERO
4633,J.DE INF. MAHATMA GANDHI,JARDIN DE INFANTES MAHATMA GANDHI,CORDOBA,CAPITAL,CÓRDOBA,140213900,CURUPAYTI 3264 LA FRANCE B° LA FRANCE
4634,J.DE INF. MAHATMA GANDHI ANEXO DE CAÑADA DE MACHADO,JARDIN DE INFANTES MAHATMA GANDHI ANEXO DE CAÑADA DE MACHADO,CAÑADA DE MACHADO,RIO PRIMERO,CÓRDOBA,140127502,CALLE Nº 12 S/Nº   CAÑADA DE MACHADO
4635,J.DE INF. MALVINA ROSA QUIROGA,JARDIN DE INFANTES MALVINA ROSA QUIROGA,CORDOBA,CAPITAL,CÓRDOBA,140012300,NICOLAS DE ISASMENDI 3465 YOFRE NORTE BARRIO YOFRE NORTE
4636,J.DE INF. MALVINAS ARGENTINAS,JARDIN DE INFANTES MALVINAS ARGENTINAS,ETRURIA,GENERAL SAN MARTIN,CÓRDOBA,140290700,AV. REPUBLICA ARGENTINA 377 SORIA ETRURIA
4637,J.DE INF. MALVINAS ARGENTINAS (EX DE B° ALMIRANTE BROWN),JARDIN DE INFANTES MALVINAS ARGENTINAS (EX DE B ALMIRANTE BROWN),CORDOBA,CAPITAL,CÓRDOBA,140479600,DAGUERRE 5100 ALMIRANTE BROWN B° ALMIRANTE BROWN (CNO A CAPILLA DE LOS REMEDIOS KM 6)
3910,J. DE INF. MANUEL BELGRANO,JARDIN DE INFANTES MANUEL BELGRANO,LA CALERA,COLON,CÓRDOBA,140534700,LAS ANEMONAS  CUESTA COLORADA BARRIO CUESTA COLORADA - LA CALERA
4638,J.DE INF. MANUEL BELGRANO,JARDIN DE INFANTES MANUEL BELGRANO,VILLA CARLOS PAZ,PUNILLA,CÓRDOBA,140024600,FLORIDA 55 CENTRO VILLA CARLOS PAZ
4639,J.DE INF. MANUEL BELGRANO,JARDIN DE INFANTES MANUEL BELGRANO,VILLA CARLOS PAZ,PUNILLA,CÓRDOBA,140240800,JUAN SEBASTIAN BACH 571 COSTA AZUL VILLA CARLOS PAZ
4640,J.DE INF. MANUEL BELGRANO,JARDIN DE INFANTES MANUEL BELGRANO,MONTE BUEY,MARCOS JUAREZ,CÓRDOBA,140137900,AVELLANEDA 336  MONTE BUEY
4641,J.DE INF. MANUEL BELGRANO,JARDIN DE INFANTES MANUEL BELGRANO,LABOULAYE,PRESIDENTE ROQUE SAENZ PEÑA,CÓRDOBA,140141600,GUILLERMO GRANT 198 PUEYRREDON LABOULAYE
4642,J.DE INF. MANUEL BELGRANO,JARDIN DE INFANTES MANUEL BELGRANO,LAS RABONAS,SAN ALBERTO,CÓRDOBA,140144500,CALLE PUBLICA   LAS RABONAS P/RUTA NAC.Nº 14
4643,J.DE INF. MANUEL BELGRANO,JARDIN DE INFANTES MANUEL BELGRANO,MONTE DE LOS GAUCHOS,RIO CUARTO,CÓRDOBA,140188300,DOMINGO F.SARMIENTO S/Nº   MONTE DE LOS GAUCHOS
4646,J.DE INF. MANUEL BELGRANO,JARDIN DE INFANTES MANUEL BELGRANO,QUILINO,ISCHILIN,CÓRDOBA,140282400,25 DE MAYO 321 CENTRO QUILINO
4647,J.DE INF. MANUEL BELGRANO,JARDIN DE INFANTES MANUEL BELGRANO,OLIVA,TERCERO ARRIBA,CÓRDOBA,140366400,HIPOLITO IRIGOYEN S/Nº  LAS FLORES OLIVA
4648,J.DE INF. MANUEL BELGRANO,JARDIN DE INFANTES MANUEL BELGRANO,RIO CUARTO,RIO CUARTO,CÓRDOBA,140375500,GENERAL PAZ 1316 CENTRO RIO CUARTO
4649,J.DE INF. MANUEL BELGRANO,JARDIN DE INFANTES MANUEL BELGRANO,EL BRETE,CRUZ DEL EJE,CÓRDOBA,140385700,CALLE PUBLICA S/N°   EL BRETE P/CAMINO VIEJO
4650,J.DE INF. MANUEL BELGRANO,JARDIN DE INFANTES MANUEL BELGRANO,VILLA DOLORES,SAN JAVIER,CÓRDOBA,140406100,CALLE PUBLICA S/N  PARQUE VILLA DOLORES
4651,J.DE INF. MANUEL BELGRANO,JARDIN DE INFANTES MANUEL BELGRANO,CALCHIN OESTE,RIO SEGUNDO,CÓRDOBA,140418500,JOSE HERNANDEZ 98  CALCHIN OESTE
4652,J.DE INF. MANUEL BELGRANO,JARDIN DE INFANTES MANUEL BELGRANO,BRINCKMANN,SAN JUSTO,CÓRDOBA,140422800,BV. BELGRANO 835 25 DE MAYO BRINCKMANN
4653,J.DE INF. MANUEL BELGRANO,JARDIN DE INFANTES MANUEL BELGRANO,SAN PEDRO NORTE,TULUMBA,CÓRDOBA,140434200,MANUEL BELGRANO S/N°   SAN PEDRO NORTE
4654,J.DE INF. MANUEL BELGRANO,JARDIN DE INFANTES MANUEL BELGRANO,RIO SEGUNDO,RIO SEGUNDO,CÓRDOBA,140474700,CORDOBA 1445  RIO SEGUNDO
4655,J.DE INF. MANUEL BELGRANO,JARDIN DE INFANTES MANUEL BELGRANO,VILLA NUEVA,GENERAL SAN MARTIN,CÓRDOBA,140474800,9 DE JULIO 980 VILLA DEL PARQUE VILLA NUEVA
4656,J.DE INF. MANUEL BELGRANO ANEXO CUATRO VIENTOS,JARDIN DE INFANTES MANUEL BELGRANO ANEXO CUATRO VIENTOS,CUATRO VIENTOS,RIO CUARTO,CÓRDOBA,140375501,CALLE PUBLICA S/N°   CUATRO VIENTOS P/ VILLA EL CHACAY30 KM AL SO DE RIO CUARTO Y 45 KM DE ACHIRAS
4657,J.DE INF. MANUEL BELGRANO ANEXO LOS ROMEROS,JARDIN DE INFANTES MANUEL BELGRANO ANEXO LOS ROMEROS,LOS ROMEROS,SAN JAVIER,CÓRDOBA,140406101,CALLE PUBLICA   LOS ROMEROS
4658,J.DE INF. MANUEL BELGRANO ANEXO SALADILLO,JARDIN DE INFANTES MANUEL BELGRANO ANEXO SALADILLO,SALADILLO,MARCOS JUAREZ,CÓRDOBA,140137901,AVENIDA 24 DE SETIEMBRE
3911,J. DE INF. MANUEL CALVIÑO,JARDIN DE INFANTES MANUEL CALVIÑO,CORDOBA,CAPITAL,CÓRDOBA,140528300,LA BAILARINA S/N  LOS BOULEVARES ANEXO B° LOS BOULEVARES ANEXO (AL LADO DEL IPEM Nª337 ERNESTO SABATO)
4659,J.DE INF. MANUEL E. PEREZ BULNES,JARDIN DE INFANTES MANUEL E PEREZ BULNES,CORDOBA,CAPITAL,CÓRDOBA,140137700,FRANCISCO DE ARTEAGA ESQ. FORMOSA  LAS VIOLETAS B° LAS VIOLETAS
4660,J.DE INF. MANUEL ESTEBAN PIZARRO,JARDIN DE INFANTES MANUEL ESTEBAN PIZARRO,CORDOBA,CAPITAL,CÓRDOBA,140136100,PASAJE FRANCISCO SICK 4320 LAS PALMAS B° LAS PALMAS
4661,J.DE INF. MANUEL LUCERO,JARDIN DE INFANTES MANUEL LUCERO,CORDOBA,CAPITAL,CÓRDOBA,140051500,MARIANO FRAGUEIRO 2164 ALTA CORDOBA B° ALTA CORDOBA
4662,J.DE INF. MANUEL SOLARES,JARDIN DE INFANTES MANUEL SOLARES,ALTA GRACIA,SANTA MARIA,CÓRDOBA,140267300,ESPAÑA 25 CENTRO ALTA GRACIA
4663,J.DE INF. MANUELA CABRAL DE TERZAGA,JARDIN DE INFANTES MANUELA CABRAL DE TERZAGA,LA POBLACION,SAN JAVIER,CÓRDOBA,140112400,RUTA PROVINCIAL 14   LA POBLACION- El Jardin esta frente a la plaza
4664,J.DE INF. MANUELA GUILLERMINA MALDONADO DE PARTELLI,JARDIN DE INFANTES MANUELA GUILLERMINA MALDONADO DE PARTELLI,LA ESQUINA,RIO CUARTO,CÓRDOBA,140168600,CALLE PUBLICA   LA ESQUINA P/TRES ACEQUIAS
4665,J.DE INF. MARCOS SASTRE,JARDIN DE INFANTES MARCOS SASTRE,CRUZ DEL EJE,CRUZ DEL EJE,CÓRDOBA,140251800,MORENO 1563 SANTA ROSA CRUZ DEL EJE
4666,J.DE INF. MARCOS SASTRE  ANEXO DE EL TROPIEZO,JARDIN DE INFANTES MARCOS SASTRE ANEXO DE EL TROPIEZO,EL TROPIEZO,CRUZ DEL EJE,CÓRDOBA,140251801,CALLE PUBLICA S/N   EL TROPIEZO P/RUTA PROV. N° 75
4667,J.DE INF. MARGARITA MARTINEZ DE SUAREZ,JARDIN DE INFANTES MARGARITA MARTINEZ DE SUAREZ,VILLA GUTIERREZ,ISCHILIN,CÓRDOBA,140555000,CALLE PUBLICA   ISCHILIN
4668,J.DE INF. MARIA C. C. DE ARGUELLO,JARDIN DE INFANTES MARIA C C DE ARGUELLO,DIEGO DE ROJAS,RIO PRIMERO,CÓRDOBA,140423400,DERQUI 686  DIEGO DE ROJAS
4669,J.DE INF. MARIA CECILIA GARRONE DE MARTOCCIA,JARDIN DE INFANTES MARIA CECILIA GARRONE DE MARTOCCIA,WENCESLAO ESCALANTE,UNION,CÓRDOBA,140203700,ITALIA 1326  WENCESLAO ESCALANTE
4670,J.DE INF. MARIA DEL PILAR MERCAU DE CASSANITI,JARDIN DE INFANTES MARIA DEL PILAR MERCAU DE CASSANITI,VICUÑA MACKENNA,RIO CUARTO,CÓRDOBA,140176700,AV. RICARDO RISATTI 315  VICUÑA MACKENA
4671,J.DE INF. MARIA ELENA WALSH,JARDIN DE INFANTES MARIA ELENA WALSH,CHARRAS,JUAREZ CELMAN,CÓRDOBA,140171600,SARMIENTO 112 CENTRO CHARRAS
4672,J.DE INF. MARIA ELENA WALSH,JARDIN DE INFANTES MARIA ELENA WALSH,CORDOBA,CAPITAL,CÓRDOBA,140552000,GUELLY Y OBES 3110 VILLA AZALAIS ESTE B° VILLA AZALAIS ESTE
5066,JARDIN DE INFANTES MARIA ELENA WALSH,JARDIN DE INFANTES MARIA ELENA WALSH,RIO PRIMERO,RIO PRIMERO,CÓRDOBA,140537700,GENERAL PAZ 390 YACUZZI
3912,J. DE INF. MARÍA ELENA WALSH,JARDIN DE INFANTES MARÍA ELENA WALSH,CORDOBA,CAPITAL,CÓRDOBA,140529900,CALLE PUBLICA  HEROES DE MALVINAS BARRIO HEROES DE MALVINAS (EX AMPLIACION VICOR)
4673,J.DE INF. MARIA ESTHER HERRERA DE GONZALEZ ELIZALDE,JARDIN DE INFANTES MARIA ESTHER HERRERA DE GONZALEZ ELIZALDE,LA CUMBRE,PUNILLA,CÓRDOBA,140263700,RIO NEGRO  ARGENTINO LA CUMBRE
4674,J.DE INF. MARIA EUDORA CARRERA DE NECCO,JARDIN DE INFANTES MARIA EUDORA CARRERA DE NECCO,LOMA BOLA,SAN JAVIER,CÓRDOBA,140089900,AV. ADOLFO KRUTTLY   LOMA BOLA
4675,J.DE INF. MARIA EVA DUARTE(EX S/NOM.DE B°JOSE I.DIAZ 3°SEC.,JARDIN DE INFANTES MARIA EVA DUARTE (EX SIN NOMBRE DE B JOSE I DIAZ 3 SEC,CORDOBA,CAPITAL,CÓRDOBA,140479500,CALLE PUBLICA  JOSE IGNACIO DIAZ 3º SECCION Cno. 60 Cuadras Km 3 1/2
4676,J.DE INF. MARIA FLORIDO SANCHEZ,JARDIN DE INFANTES MARIA FLORIDO SANCHEZ,COLONIA ALMADA,TERCERO ARRIBA,CÓRDOBA,140395700,JUAN BAUTISTA ALBERDI 43  COLONIA ALMADA
4678,J.DE INF. MARIA FRENCHIA (EX NICOLAS AVELLANEDA),JARDIN DE INFANTES MARIA FRENCHIA (EX NICOLAS AVELLANEDA),CORONEL MOLDES,RIO CUARTO,CÓRDOBA,140379100,JUAN BUSSO 149 CENTRO CORONEL MOLDES
4677,J.DE INF. MARIA FRENCHIA ANEXO COLONIA LA SARA,JARDIN DE INFANTES MARIA FRENCHIA ANEXO COLONIA LA SARA,LA SARA,RIO CUARTO,CÓRDOBA,140379101,CALLE PUBLICA S/N°   COLONIA LA SARA P/CORONEL MOLDES
4679,J.DE INF. MARIA GUAZZAROTTI DE CERRI,JARDIN DE INFANTES MARIA GUAZZAROTTI DE CERRI,COLONIA SAN PEDRO,SAN JUSTO,CÓRDOBA,140339100,9 DE JULIO   COLONIA SAN PEDRO
4680,J.DE INF. MARIA JOSEFA BUSTOS,JARDIN DE INFANTES MARIA JOSEFA BUSTOS,LA CUMBRE,PUNILLA,CÓRDOBA,140263800,COLON 76 CENTRO LA CUMBRE
4681,J.DE INF. MARIA JOSEFA G. DE BELGRANO Y PERI,JARDIN DE INFANTES MARIA JOSEFA G DE BELGRANO Y PERI,DEAN FUNES,ISCHILIN,CÓRDOBA,140072000,SARMIENTO S/N°  LOS ALGARROBOS DEAN FUNES
4682,J.DE INF. MARIA JOSEFA GONZALEZ CASERO,JARDIN DE INFANTES MARIA JOSEFA GONZALEZ CASERO,PILAR,RIO SEGUNDO,CÓRDOBA,140418400,25 DE MAYO   PILAR
4683,J.DE INF. MARIA SANCHEZ DE MENDEVILLE,JARDIN DE INFANTES MARIA SANCHEZ DE MENDEVILLE,CORDOBA,CAPITAL,CÓRDOBA,140013100,AV. AGRIMENSOR ENRIQUE BODEREAU 7720 VILLA RIVERA INDARTE B° VILLA RIVERA INDARTE
4684,J.DE INF. MARIANO FRAGUEIRO,JARDIN DE INFANTES MARIANO FRAGUEIRO,RIO CEBALLOS,COLON,CÓRDOBA,140044600,3 DE FEBRERO 321 RAMENVILLE RIO CEBALLOS
4685,J.DE INF. MARIANO FRAGUEIRO,JARDIN DE INFANTES MARIANO FRAGUEIRO,LA PARA,RIO PRIMERO,CÓRDOBA,140378700,LAVALLE 305 MARIANO FRAGUEIRO LA PARA
4686,J.DE INF. MARIANO FRAGUEIRO  ANEXO EL TOSTADO,JARDIN DE INFANTES MARIANO FRAGUEIRO ANEXO EL TOSTADO,EL TOSTADO,RIO PRIMERO,CÓRDOBA,140378701,CALLE PUBLICA   EL TOSTADO P/LA PARA
4687,J.DE INF. MARIANO MARULL,JARDIN DE INFANTES MARIANO MARULL,MARULL,SAN JUSTO,CÓRDOBA,140381500,SAENZ PEÑA 554  MARULL
4688,J.DE INF. MARIANO MORENO,JARDIN DE INFANTES MARIANO MORENO,SANTA ROSA DE CALAMUCHITA,CALAMUCHITA,CÓRDOBA,140020900,EL NOGAL 164 CENTRO SANTA ROSA DE CALAMUCHITA ENTRE CORREO ARGENTINO Y RENTAS
4689,J.DE INF. MARIANO MORENO,JARDIN DE INFANTES MARIANO MORENO,CHANCANI,POCHO,CÓRDOBA,140052800,CALLE PUBLICA   P/CAPILLA DEL CARMEN
4690,J.DE INF. MARIANO MORENO,JARDIN DE INFANTES MARIANO MORENO,CAPILLA DEL MONTE,PUNILLA,CÓRDOBA,140067600,L.BERUTTI 29 LA TOMA CAPILLA DEL MONTE
4691,J.DE INF. MARIANO MORENO,JARDIN DE INFANTES MARIANO MORENO,DEAN FUNES,ISCHILIN,CÓRDOBA,140081600,DORREGO 350 OBRAS SANITARIAS DEAN FUNES
4692,J.DE INF. MARIANO MORENO,JARDIN DE INFANTES MARIANO MORENO,RIO CUARTO,RIO CUARTO,CÓRDOBA,140091300,MONTEVIDEO 528 ALBERDI RIO CUARTO
4693,J.DE INF. MARIANO MORENO,JARDIN DE INFANTES MARIANO MORENO,SAN ISIDRO,SANTA MARIA,CÓRDOBA,140107700,CALLE PUBLICA   RUTA PROVINCIAL E 56 VILLA SAN ISIDRO
4694,J.DE INF. MARIANO MORENO,JARDIN DE INFANTES MARIANO MORENO,VILLA CONCEPCION DEL TIO,SAN JUSTO,CÓRDOBA,140151500,9 DE JULIO 140  VILLA CONCEPCION DEL TIO
4695,J.DE INF. MARIANO MORENO,JARDIN DE INFANTES MARIANO MORENO,LAS VARAS,SAN JUSTO,CÓRDOBA,140152500,GABRIELA MISTRAL 390  LAS VARAS
4696,J.DE INF. MARIANO MORENO,JARDIN DE INFANTES MARIANO MORENO,VILLA MARIA,GENERAL SAN MARTIN,CÓRDOBA,140154400,LAMADRID 813 SAN JUSTO VILLA MARIA
4697,J.DE INF. MARIANO MORENO,JARDIN DE INFANTES MARIANO MORENO,OLIVA,TERCERO ARRIBA,CÓRDOBA,140156700,MARIANO MORENO 195 SAGRADO CORAZÓN OLIVA
4698,J.DE INF. MARIANO MORENO,JARDIN DE INFANTES MARIANO MORENO,PASCANAS,UNION,CÓRDOBA,140202200,CARMEN DE RUIBAL 411 BERLIN PASCANAS
4699,J.DE INF. MARIANO MORENO,JARDIN DE INFANTES MARIANO MORENO,LABORDE,UNION,CÓRDOBA,140203400,PUEYRREDON S/N  CENTRO LABORDE
4700,J.DE INF. MARIANO MORENO,JARDIN DE INFANTES MARIANO MORENO,CORDOBA,CAPITAL,CÓRDOBA,140236500,AV. SANTA FE 270 ALBERDI B° ALBERDI
4701,J.DE INF. MARIANO MORENO,JARDIN DE INFANTES MARIANO MORENO,CRUZ CAÑA,SAN JAVIER,CÓRDOBA,140301100,CALLE PUBLICA   RUTA PROVINCIAL 14 KM 171- LA PAZ
4702,J.DE INF. MARIANO MORENO,JARDIN DE INFANTES MARIANO MORENO,COLONIA CAROYA,COLON,CÓRDOBA,140317900,JUSTINIANO CELIZ HEREDIA 650 PUESTO VIEJO COLONIA CAROYA
4703,J.DE INF. MARIANO MORENO,JARDIN DE INFANTES MARIANO MORENO,VILLA DOLORES,SAN JAVIER,CÓRDOBA,140375300,PRESIDENTE PERON 656 JARDIN VILLA DOLORES
4704,J.DE INF. MARIANO MORENO,JARDIN DE INFANTES MARIANO MORENO,MARCOS JUAREZ,MARCOS JUAREZ,CÓRDOBA,140391200,24 DE SEPTIEMBRE 1069 SUR MARCOS JUAREZ P/RUTA PROVINCIAL NRO 12
4705,J.DE INF. MARIANO MORENO,JARDIN DE INFANTES MARIANO MORENO,LA PAQUITA,SAN JUSTO,CÓRDOBA,140408900,ALMIRANTE BROWN S/Nº   LA PAQUITA
4706,J.DE INF. MARIANO MORENO,JARDIN DE INFANTES MARIANO MORENO,INRIVILLE,MARCOS JUAREZ,CÓRDOBA,140415500,MANUEL BELGRANO 161  INRIVILLE
4707,J.DE INF. MARIANO MORENO,JARDIN DE INFANTES MARIANO MORENO,JAMES CRAIK,TERCERO ARRIBA,CÓRDOBA,140492800,PASTEUR S/N   JAMES CRAIK
4708,J.DE INF. MARIANO MORENO ANEXO BAJO CHICO,JARDIN DE INFANTES MARIANO MORENO ANEXO BAJO CHICO,BAJO CHICO,SANTA MARIA,CÓRDOBA,140107702,CALLE PUBLICA
4712,J.DE INF. MARIANO MORENO ANEXO COLONIA SANTA RITA,JARDIN DE INFANTES MARIANO MORENO ANEXO COLONIA SANTA RITA,COLONIA SANTA RITA,UNION,CÓRDOBA,140202202,CALLE PUBLICA S/N   COLONIA SANTA RITA P/PASCANAS
4715,J.DE INF. MARIANO MORENO ANEXO DE CONLARA,JARDIN DE INFANTES MARIANO MORENO ANEXO DE CONLARA,CONLARA,SAN JAVIER,CÓRDOBA,140375301,RUTA S 307   CONLARA
4709,J.DE INF. MARIANO MORENO ANEXO DE LOS MOLINOS,JARDIN DE INFANTES MARIANO MORENO ANEXO DE LOS MOLINOS,LOS MOLINOS,CALAMUCHITA,CÓRDOBA,140107701,CALLE PUBLICA   LOS MOLINOS
4710,J.DE INF. MARIANO MORENO ANEXO DE TINOCO,JARDIN DE INFANTES MARIANO MORENO ANEXO DE TINOCO,TINOCO,COLON,CÓRDOBA,140317901,CALLE PUBLICA   TINOCO
4713,J.DE INF. MARIANO MORENO ANEXO DIQUE DE LOS MOLINOS,JARDIN DE INFANTES MARIANO MORENO ANEXO DIQUE DE LOS MOLINOS,DIQUE LOS MOLINOS,CALAMUCHITA,CÓRDOBA,140020903,VILLA LA MERCED RUTA PROV. 5 KM 62   RUTA PROV. 5 KM 62 VILLA LOS MOLINOS
4714,J.DE INF. MARIANO MORENO ANEXO JUAN GARCIA,JARDIN DE INFANTES MARIANO MORENO ANEXO JUAN GARCIA,JUAN GARCIA,ISCHILIN,CÓRDOBA,140081602,CALLE PUBLICA S/N
4711,J.DE INF. MARIANO MORENO ANEXO SAN IGNACIO,JARDIN DE INFANTES MARIANO MORENO ANEXO SAN IGNACIO,SAN IGNACIO (LOTEO SAN JAVIER),CALAMUCHITA,CÓRDOBA,140020901,CALLE PUBLICA   SAN IGNACIO ZONA RURAL
4716,J.DE INF. MARINA MARIA M. FAVA DE ESTEBAN,JARDIN DE INFANTES MARINA MARIA M FAVA DE ESTEBAN,SAN FRANCISCO,SAN JUSTO,CÓRDOBA,140417500,INDEPENDENCIA (S) 3950 INDEPENDENCIA SAN FRANCISCO
4717,J.DE INF. MARK TWAIN,JARDIN DE INFANTES MARK TWAIN,CORDOBA,CAPITAL,CÓRDOBA,140448800,AVENIDA CARCANO 75 CHATEAU CARRERAS B°CHATEAU CARRERAS
4718,J.DE INF. MARQUES DE SOBREMONTE,JARDIN DE INFANTES MARQUES DE SOBREMONTE,VILLA DEL ROSARIO,RIO SEGUNDO,CÓRDOBA,140211000,SALTA 946 CENTRO VILLA DEL ROSARIO
4719,J.DE INF. MARTA ESTHER CUETO FONTANA,JARDIN DE INFANTES MARTA ESTHER CUETO FONTANA,VILLA FONTANA,RIO PRIMERO,CÓRDOBA,140185500,ALMIRANTE BROWN 315  VILLA FONTANA
4720,J.DE INF. MARTHA A. SALOTTI,JARDIN DE INFANTES MARTHA A SALOTTI,ROSALES,PRESIDENTE ROQUE SAENZ PEÑA,CÓRDOBA,140348800,DR. FLORENTINO LAFOURCADE   ROSALES
4721,J.DE INF. MARTHA ALCIRA SALOTTI,JARDIN DE INFANTES MARTHA ALCIRA SALOTTI,CORDOBA,CAPITAL,CÓRDOBA,140103300,RAYMUNDO MONTENEGRO 2773 LAS MARGARITAS
4722,J.DE INF. MARTHA SALOTTI,JARDIN DE INFANTES MARTHA SALOTTI,MATTALDI,GENERAL ROCA,CÓRDOBA,140215200,SAENZ PEÑA 456 CENTRO MATTALDI
4723,J.DE INF. MARTIN GUEMES,JARDIN DE INFANTES MARTIN GUEMES,GENERAL DEHEZA,JUAREZ CELMAN,CÓRDOBA,140195500,LAPRIDA 567  GENERAL DEHEZA
4724,J.DE INF. MARTIN GUEMES,JARDIN DE INFANTES MARTIN GUEMES,LOS HOYOS,RIO SECO,CÓRDOBA,140208600,CALLE PUBLICA   LOS HOYOS
4725,J.DE INF. MARTIN MIGUEL DE GUEMES,JARDIN DE INFANTES MARTIN MIGUEL DE GUEMES,MALAGUEÑO,SANTA MARIA,CÓRDOBA,140014500,CORDOBA  VILLA SAN NICOLAS VILLA SAN NICOLAS - MALAGUEÑO
4726,J.DE INF. MARTIN MIGUEL DE GUEMES,JARDIN DE INFANTES MARTIN MIGUEL DE GUEMES,MEDIA NARANJA,CRUZ DEL EJE,CÓRDOBA,140386000,CALLE PUBLICA   RUTA PROVINCIAL A 175
4727,J.DE INF. MARYLAND (TIERRA DE MARIA),JARDIN DE INFANTES MARYLAND (TIERRA DE MARIA),VILLA ALLENDE,COLON,CÓRDOBA,140513500,GUEMES  701 VILLA ALLENDE VILLA ALLENDE
4728,J.DE INF. MATEO JOSE LUQUE,JARDIN DE INFANTES MATEO JOSE LUQUE,CORDOBA,CAPITAL,CÓRDOBA,140524100,JACINTO DE ALTOLAGUIRRE 2089 YOFRE NORTE B° YOFRE NORTE
4729,J.DE INF. MATEO S. MOLINA,JARDIN DE INFANTES MATEO S MOLINA,LA FALDA,PUNILLA,CÓRDOBA,140076800,9 DE JULIO 600 VILLA EDEN LA FALDA
4730,J.DE INF. MAURO FERNANDEZ,JARDIN DE INFANTES MAURO FERNANDEZ,CORDOBA,CAPITAL,CÓRDOBA,140308700,ALBARRACIN 4227 RESIDENCIAL SAN ROQUE B° RESIDENCIAL SAN ROQUE
4731,J.DE INF. MEDANO GRANDE,JARDIN DE INFANTES MEDANO GRANDE,ITALO,GENERAL ROCA,CÓRDOBA,140214800,LAVALLE 108  ITALO
4614,J.DE INF. M.E.D.E.A. DEJAD LOS NIÑOS VENIR A MI,JARDIN DE INFANTES MEDEA DEJAD LOS NIÑOS VENIR A MI,CORDOBA,CAPITAL,CÓRDOBA,140421000,TOTORILLA (EX-PASAJE 5) 1565 VILLA EL LIBERTADOR B°VILLA EL LIBERTADOR
4732,J.DE INF. MERCEDES ALLENDE DE CARRANZA PREGOT,JARDIN DE INFANTES MERCEDES ALLENDE DE CARRANZA PREGOT,LAS CALLES,SAN ALBERTO,CÓRDOBA,140144400,EL ALGARROBO   LAS CALLES
4733,J.DE INF. MERCEDES DE SAN MARTIN,JARDIN DE INFANTES MERCEDES DE SAN MARTIN,CRUZ DEL EJE,CRUZ DEL EJE,CÓRDOBA,140247300,AVELLANEDA 228 BARRIO CENTRO CRUZ DEL EJE
4734,J.DE INF. MERCEDES DE SAN MARTIN,JARDIN DE INFANTES MERCEDES DE SAN MARTIN,CORDOBA,CAPITAL,CÓRDOBA,140332100,CARTAGENA 2277 CRISOL SUR
4735,J.DE INF. MERCEDES DE SAN MARTIN ANEXO DE VILLA DOLORES,JARDIN DE INFANTES MERCEDES DE SAN MARTIN ANEXO DE VILLA DOLORES,VILLA DOLORES,SAN JAVIER,CÓRDOBA,140112801,CONSTITUCION NACIONAL 980 LA FERIA VILLA DOLORES
3913,J. DE INF. MERCEDES DEL NIÑO JESUS,JARDIN DE INFANTES MERCEDES DEL NIÑO JESUS,RIO CUARTO,RIO CUARTO,CÓRDOBA,140531100,VICTOR HUGO 885 BANDA NORTE B° BANDA NORTE - RIO CUARTO
4736,J.DE INF. MERCEDES SAN MARTIN,JARDIN DE INFANTES MERCEDES SAN MARTIN,VILLA DOLORES,SAN JAVIER,CÓRDOBA,140112800,ORESTE ZEREGA  ARDILES VILLA DOLORES
4737,J.DE INF. MERCEDES SAN MARTIN DE BALCARCE,JARDIN DE INFANTES MERCEDES SAN MARTIN DE BALCARCE,RIO CUARTO,RIO CUARTO,CÓRDOBA,140091500,ENTRE RIOS 750 ALBERDI RIO CUARTO
4738,J.DE INF. MERCEDES SAN MARTIN DE BALCARCE,JARDIN DE INFANTES MERCEDES SAN MARTIN DE BALCARCE,BERROTARAN,RIO CUARTO,CÓRDOBA,140196700,ROGELIO MARTINEZ 333 CENTRO BERROTARAN
4739,J.DE INF. MERCEDITAS BALCARCE DE SAN MARTIN,JARDIN DE INFANTES MERCEDITAS BALCARCE DE SAN MARTIN,CORDOBA,CAPITAL,CÓRDOBA,140225600,CERRITO 1025 SAN MARTIN B° SAN MARTIN
4740,J.DE INF. MERCEDITAS DE SAN MARTIN,JARDIN DE INFANTES MERCEDITAS DE SAN MARTIN,VILLA CARLOS PAZ,PUNILLA,CÓRDOBA,140079600,AMEGHINO Y BALCARCE  VILLA DEL LAGO VILLA CARLOS PAZ
4741,J.DE INF. MERCEDITAS DE SAN MARTIN,JARDIN DE INFANTES MERCEDITAS DE SAN MARTIN,VILLA HUIDOBRO,GENERAL ROCA,CÓRDOBA,140135100,ROSELLO 344 CENTRO VILLA HUIDOBRO
4742,J.DE INF. MERCEDITAS DE SAN MARTIN,JARDIN DE INFANTES MERCEDITAS DE SAN MARTIN,HUINCA RENANCO,GENERAL ROCA,CÓRDOBA,140157800,ARAGON 466 NORTE HUINCA RENANCO
4743,J.DE INF. MERCEDITAS DE SAN MARTIN,JARDIN DE INFANTES MERCEDITAS DE SAN MARTIN,ALTA GRACIA,SANTA MARIA,CÓRDOBA,140230200,VICEINTENDENTE DR. JORGE NAHAL 214 NORTE ALTA GRACIA
4744,J.DE INF. MERCEDITAS DE SAN MARTIN,JARDIN DE INFANTES MERCEDITAS DE SAN MARTIN,OLIVA,TERCERO ARRIBA,CÓRDOBA,140350400,ALBERDI Y ALVEAR   OLIVA
4745,J.DE INF. MERCEDITAS DE SAN MARTIN,JARDIN DE INFANTES MERCEDITAS DE SAN MARTIN,VILLA ASCASUBI,TERCERO ARRIBA,CÓRDOBA,140351000,JOSE BENARD 161 CENTRO VILLA ASCASUBI
4746,J.DE INF. MERCEDITAS S. MARTIN DE BALCARCE,JARDIN DE INFANTES MERCEDITAS S MARTIN DE BALCARCE,VILLA RIO ICHO CRUZ,PUNILLA,CÓRDOBA,140069800,SAN MARTIN 145 CENTRO VILLA RIO ICHO CRUZ
4747,J.DE INF. MERCEDITAS S. MARTIN DE BALCARCE ANEXO MAYU SUMAJ,JARDIN DE INFANTES MERCEDITAS S MARTIN DE BALCARCE ANEXO MAYU SUMAJ,MAYU SUMAJ,PUNILLA,CÓRDOBA,140069801,LOS ALAMOS 122  MAYU SUMAJ
4748,J.DE INF. MIGUEL ANGEL ZAVALA ORTIZ,JARDIN DE INFANTES MIGUEL ANGEL ZAVALA ORTIZ,CORDOBA,CAPITAL,CÓRDOBA,140456200,AGUSTIN ROQUE ARIAS 3385 AMPLIACION MATIENZO B° AMPLIACION MATIENZO (CIUDAD PARQUE LAS ROSAS)
4749,J.DE INF. MIGUEL OCAMPO,JARDIN DE INFANTES MIGUEL OCAMPO,LA CUMBRE,PUNILLA,CÓRDOBA,140561900,RUTA E 76  CRUZ GRANDE RUTA E 76
4750,J.DE INF. MIGUEL R. DE LA TORRE,JARDIN DE INFANTES MIGUEL R DE LA TORRE,CORDOBA,CAPITAL,CÓRDOBA,140138200,LA GRANJA 3199 ALTO VERDE B° ALTO VERDE
4751,J.DE INF. MISIONEROS SALESIANOS,JARDIN DE INFANTES MISIONEROS SALESIANOS,ALEJANDRO ROCA,JUAREZ CELMAN,CÓRDOBA,140321000,BV. ROCA 610  ALEJANDRO ROCA
4752,J.DE INF. MODELO,JARDIN DE INFANTES MODELO,RIO CUARTO,RIO CUARTO,CÓRDOBA,140088800,LAVALLE 1410 CENTRO RIO CUARTO
4754,J.DE INF. MODELO  ANEXO LAS ALBAHACAS.,JARDIN DE INFANTES MODELO ANEXO LAS ALBAHACAS,LAS ALBAHACAS,RIO CUARTO,CÓRDOBA,140088801,CALLE 11 S/N   LAS ALBAHACAS
4753,J.DE INF. MODELO DE JUEGO Y DEPORTES RACING,JARDIN DE INFANTES MODELO DE JUEGO Y DEPORTES RACING,CORDOBA,CAPITAL,CÓRDOBA,140501500,HERNAN HUBERMAN 1776 NUEVA ITALIA CLUB ATLETICO RACING DE CORDOBA
4755,J.DE INF. MODESTA RODRIGUEZ,JARDIN DE INFANTES MODESTA RODRIGUEZ,CORDOBA,CAPITAL,CÓRDOBA,140516900,MALALCO 7261 U.O.C.R.A. B°U.O.C.R.A.
4756,J.DE INF. MODESTO ACUÑA,JARDIN DE INFANTES MODESTO ACUÑA,RIO TERCERO,TERCERO ARRIBA,CÓRDOBA,140155900,GENERAL PAZ 424 CENTRO RIO TERCERO
4757,J.DE INF. MOISES ALVAREZ,JARDIN DE INFANTES MOISES ALVAREZ,VILLA SARMIENTO,GENERAL ROCA,CÓRDOBA,140135000,CALLE PUBLICA   VILLA SARMIENTO
4758,J.DE INF. MONSEÑOR ENRIQUE ANGELELLI,JARDIN DE INFANTES MONSEÑOR ENRIQUE ANGELELLI,CORDOBA,CAPITAL,CÓRDOBA,140504400,CALLE PUBLICA S/N  CIUDAD OBISPO ANGELELLI B° CIUDAD OBISPO ANGELELLI(CNO.SAN ANTONIO KM 8)
3914,J. DE INF. MONSEÑOR FERMIN LAFITTE,JARDIN DE INFANTES MONSEÑOR FERMIN LAFITTE,CORDOBA,CAPITAL,CÓRDOBA,140528700,FRANCISCO VALLES 2443 LOS PARAISOS B° LOS PARAISOS
4759,J.DE INF. MONSEÑOR N. DE ANDREA,JARDIN DE INFANTES MONSEÑOR N DE ANDREA,CORDOBA,CAPITAL,CÓRDOBA,140244100,ENRIQUE BERDUC 2281 FERROVIARIO MITRE B° FERROVIARIO MITRE
4760,J.DE INF. MYRIAM HAYQUEL DE ANDRES,JARDIN DE INFANTES MYRIAM HAYQUEL DE ANDRES,CORDOBA,CAPITAL,CÓRDOBA,140228000,CNO CHACRA DE LA MERCED KM 9 1/2  VILLA LA MERCED CAMINO A CHACRA DE LA MERCED KM. 9
4761,J.DE INF. NACIONES UNIDAS,JARDIN DE INFANTES NACIONES UNIDAS,CORDOBA,CAPITAL,CÓRDOBA,140555600,MARIA DEL CARMEN FERRER 200 REMEDIOS DE ESCALADA B° REMEDIOS DE ESCALADA
4762,J.DE INF. NARCISO LAPRIDA,JARDIN DE INFANTES NARCISO LAPRIDA,LAGUNA LARGA,RIO SEGUNDO,CÓRDOBA,140027200,LIBERTAD  CENTRO LAGUNA LARGA
4763,J.DE INF. NARCISO LAPRIDA,JARDIN DE INFANTES NARCISO LAPRIDA,CAPILLA DEL CARMEN,RIO SEGUNDO,CÓRDOBA,140463700,AVENIDA 9 DE JULIO   CAPILLA DEL CARMEN
4764,J.DE INF. NICOLAS AVELLANEDA,JARDIN DE INFANTES NICOLAS AVELLANEDA,VILLA DE SOTO,CRUZ DEL EJE,CÓRDOBA,140035200,CORRIENTES ESQ. DEAN FUNES   VILLA DE SOTO
4765,J.DE INF. NICOLAS AVELLANEDA,JARDIN DE INFANTES NICOLAS AVELLANEDA,LA FALDA,PUNILLA,CÓRDOBA,140068400,PROGRESO 399 VILLA SANTA ROSA LA FALDA
4766,J.DE INF. NICOLAS AVELLANEDA,JARDIN DE INFANTES NICOLAS AVELLANEDA,RINCON,RIO SEGUNDO,CÓRDOBA,140118000,9 DE JULIO S/N   RINCON
4767,J.DE INF. NICOLAS AVELLANEDA ANEXO BAÑADO DE SOTO,JARDIN DE INFANTES NICOLAS AVELLANEDA ANEXO BAÑADO DE SOTO,BAÑADO DE SOTO,CRUZ DEL EJE,CÓRDOBA,140035201,CALLE PUBLICA   BAÑADO DE SOTO
4768,J.DE INF. NIÑAS DE AYOHUMA,JARDIN DE INFANTES NIÑAS DE AYOHUMA,CORDOBA,CAPITAL,CÓRDOBA,140355900,RODOLFO DE ALZAGA 7373 ARGUELLO NORTE B° ARGUELLO NORTE
4769,J.DE INF. NIÑAS DE AYOHUMA,JARDIN DE INFANTES NIÑAS DE AYOHUMA,MORRISON,UNION,CÓRDOBA,140499600,JUAN BAUTISTA ALBERDI 486 SUR MORRISON
4770,J.DE INF. NIÑOS DEPORTISTAS,JARDIN DE INFANTES NIÑOS DEPORTISTAS,CORDOBA,CAPITAL,CÓRDOBA,140505900,JUAN HIPOLITO VIEYTES 550 ALTO ALBERDI B° ALTO ALBERDI
4771,J.DE INF. NOGAL HISTORICO,JARDIN DE INFANTES NOGAL HISTORICO,SALDAN,COLON,CÓRDOBA,140468600,25 DE MAYO 109 CENTRO SALDAN
4772,J.DE INF. NUESTRA SEÑORA,JARDIN DE INFANTES NUESTRA SEÑORA,CORDOBA,CAPITAL,CÓRDOBA,140422700,INCA MANCO 3450 JARDIN ESPINOSA Bº JARDIN ESPINOSA
4773,J.DE INF. NUESTRA SEÑORA DE FATIMA,JARDIN DE INFANTES NUESTRA SEÑORA DE FATIMA,CORDOBA,CAPITAL,CÓRDOBA,140421200,AV RUFINO VARELA ORTIZ 2600 MATIENZO B° MATIENZO
4774,J.DE INF. NUESTRA SEÑORA DE ITATI,JARDIN DE INFANTES NUESTRA SEÑORA DE ITATI,CORDOBA,CAPITAL,CÓRDOBA,140516100,ANGEL ROFFO 1950 VILLA PAEZ B°VILLA PAEZ
4775,J.DE INF. NUESTRA SEÑORA DE LA MISERICORDIA,JARDIN DE INFANTES NUESTRA SEÑORA DE LA MISERICORDIA,ALTA GRACIA,SANTA MARIA,CÓRDOBA,140515000,PADRE DOMINGO VIERA 151 POLUYAN ALTA GRACIA (MANZANA JESUITICA)
4776,J.DE INF. NUESTRA SEÑORA DE LAS MERCEDES,JARDIN DE INFANTES NUESTRA SEÑORA DE LAS MERCEDES,UNQUILLO,COLON,CÓRDOBA,140421700,AZOPARDO 200 CENTRO UNQUILLO
4777,J.DE INF. NUESTRA SEÑORA DE LORETO,JARDIN DE INFANTES NUESTRA SEÑORA DE LORETO,CORDOBA,CAPITAL,CÓRDOBA,140421400,GILARDO GILARDI 1666 LOS NARANJOS Bº LOS NARANJOS
5058,J.DE INF.NUESTRA SEÑORA DE LOURDES,JARDIN DE INFANTES NUESTRA SEÑORA DE LOURDES,LA CUMBRE,PUNILLA,CÓRDOBA,140539800,LUCRECIA DE VILLALBA 258 SAN GERONIMO LA CUMBRE
3915,J. DE INF. NUESTRA SEÑORA DE NIEVA,JARDIN DE INFANTES NUESTRA SEÑORA DE NIEVA,CORDOBA,CAPITAL,CÓRDOBA,140572200,AYACUCHO 442 GUEMES B° GUEMES
4778,J.DE INF. NUESTRA SEÑORA del HUERTO,JARDIN DE INFANTES NUESTRA SEÑORA del HUERTO,JESUS MARIA,COLON,CÓRDOBA,140574900,PASEO DEL HUERTO 159 CENTRO JESUS MARIA
4779,J.DE INF. NUEVA LATINOAMERICA,JARDIN DE INFANTES NUEVA LATINOAMERICA,VILLA CARLOS PAZ,PUNILLA,CÓRDOBA,140539600,AVENIDA CARCANO 1900 LOS INQUILINOS VILLA CARLOS PAZ
3916,J. DE INF. NUEVO MILENIO,JARDIN DE INFANTES NUEVO MILENIO,UNQUILLO,COLON,CÓRDOBA,140529400,CRUCERO GENERAL BELGRANO 3126 LOS TALITAS UNQUILLO
4780,J.DE INF. NUEVO SIGLO,JARDIN DE INFANTES NUEVO SIGLO,CORDOBA,CAPITAL,CÓRDOBA,140481400,25 DE MAYO 1040 GENERAL PAZ B° GENERAL PAZ
4781,J.DE INF. OBISPO ESQUIU,JARDIN DE INFANTES OBISPO ESQUIU,CORDOBA,CAPITAL,CÓRDOBA,140095100,AV.ARTURO CAPDEVILA 9500 VILLA ESQUIU
4782,J.DE INF. OBISPO OLEGARIO CORREA,JARDIN DE INFANTES OBISPO OLEGARIO CORREA,VILLA TULUMBA,TULUMBA,CÓRDOBA,140370200,9 DE JULIO   VILLA  TULUMBA
4783,J.DE INF. OLEGARIO VICTOR ANDRADE,JARDIN DE INFANTES OLEGARIO VICTOR ANDRADE,CORDOBA,CAPITAL,CÓRDOBA,140007100,AV. RANCAGUA ESQ. CALLE 1  VILLA RETIRO B° VILLA RETIRO RUTA 111 P/CNO. A SGO DEL ESTERO(KM. 7 1/2)
4784,J.DE INF. PABLO A. PIZZURNO,JARDIN DE INFANTES PABLO A PIZZURNO,CRUZ DEL EJE,CRUZ DEL EJE,CÓRDOBA,140288000,SOLDADO ROMERO 1139 PRESIDENTE PERON CRUZ DEL EJE
4785,J.DE INF. PABLO A. PIZZURNO,JARDIN DE INFANTES PABLO A PIZZURNO,SAN ANTONIO DE LITIN,UNION,CÓRDOBA,140313300,LIBERTAD 795  SAN ANTONIO DE LITIN
4787,J.DE INF. PABLO A.PIZZURNO ANEXO CNIA.CORRAL DEL BAJO,JARDIN DE INFANTES PABLO A PIZZURNO ANEXO CNIA CORRAL DEL BAJO,COLONIA CORRAL DEL BAJO,UNION,CÓRDOBA,140313301,CALLE PUBLICA S/N   COLONIA CORRAL DEL BAJO P/SAN ANTONIO DE LITIN
4786,J.DE INF. PABLO A. PIZZURNO ANEXO COLONIA EL DESCANSO,JARDIN DE INFANTES PABLO A PIZZURNO ANEXO COLONIA EL DESCANSO,COLONIA EL DESCANSO,UNION,CÓRDOBA,140313302,CALLE PUBLICA S/N   COLONIA EL DESCANSO P/SAN ANTONIO DE LITIN
4788,J.DE INF. PABLO NERUDA,JARDIN DE INFANTES PABLO NERUDA,CORDOBA,CAPITAL,CÓRDOBA,140503800,FRAY JOSE LEON TORRES 535 29 DE MAYO B° 29 DE MAYO (CIUDAD DE LOS CUARTETOS)
4789,J.DE INF. PABLO NERUDA (EX ESC.S/NOMBRE DE Bº CABILDO),JARDIN DE INFANTES PABLO NERUDA (EX ESCUELA SIN NOMBRE DE B CABILDO),CORDOBA,CAPITAL,CÓRDOBA,140474600,COLORADO ESQ.USHUAIA  CABILDO B° CABILDO
4790,J.DE INF. PABLO PIZZURNO,JARDIN DE INFANTES PABLO PIZZURNO,VILLA PARQUE SANTA ANA,SANTA MARIA,CÓRDOBA,140014000,CALLE 4   VILLA PARQUE SANTA ANA
4791,J.DE INF. PADRE B. DE LAS CASAS ANEXO DE LA HIGUERA,JARDIN DE INFANTES PADRE B DE LAS CASAS ANEXO DE LA HIGUERA,LA HIGUERA,CRUZ DEL EJE,CÓRDOBA,140255301,CALLE PUBLICA   LA HIGUERA P/DIAGONAL MONUMENTO DE LA MADRE
4792,J.DE INF. PADRE BARTOLOME DE LAS CASAS,JARDIN DE INFANTES PADRE BARTOLOME DE LAS CASAS,VILLA DE SOTO,CRUZ DEL EJE,CÓRDOBA,140255300,AVDA. 25 DE MAYO 31 CENTRO VILLA DE SOTO
4793,J.DE INF. PADRE BARTOLOME DE LAS CASAS ANEXO ZURI POZO,JARDIN DE INFANTES PADRE BARTOLOME DE LAS CASAS ANEXO ZURI POZO,ZURI POZO,CRUZ DEL EJE,CÓRDOBA,140255302,CALLE PUBLICA   ZURI POZO
4794,J.DE INF. PADRE CLARET,JARDIN DE INFANTES PADRE CLARET,CORDOBA,CAPITAL,CÓRDOBA,140532300,AVENIDA LA CORDILLERA 4950 PADRE CLARET BARRIO PADRE CLARET
4795,J.DE INF. PADRE DIEGO DE TORRES,JARDIN DE INFANTES PADRE DIEGO DE TORRES,CORDOBA,CAPITAL,CÓRDOBA,140407800,NONDOLMA 1660 GUAYAQUIL Bº GUAYAQUIL
4796,J.DE INF. PADRE ELADIO DIEZ(EX.J.DE INF.S/N.DE B°9 DE JULIO),JARDIN DE INFANTES PADRE ELADIO DIEZ (EX JARDIN DE INFANTES SIN NOMBRE DE B 9 DE JULIO),LA CALERA,COLON,CÓRDOBA,140488700,RECONQUISTA ESQ. SARMIENTO  9 DE JULIO LA CALERA
5059,J.DE INF.PADRE HUMBERTO MARIANI,JARDIN DE INFANTES PADRE HUMBERTO MARIANI,VILLA ALLENDE,COLON,CÓRDOBA,140552700,SAN JUAN 2050 VILLA ALLENDE LOMAS SUR VILLA ALLENDE - COLON
3917,J. DE INF. PADRE JUAN BURON,JARDIN DE INFANTES PADRE JUAN BURON,CORDOBA,CAPITAL,CÓRDOBA,140269100,AV. AVIADOR MIRA 2658 VILLA ADELA B°VILLA ADELA
4797,J.DE INF. PADRE SEBASTIAN RAGGI,JARDIN DE INFANTES PADRE SEBASTIAN RAGGI,CORDOBA,CAPITAL,CÓRDOBA,140502100,BUCHARDO 1675 PUEYRREDON B° PUEYRREDON
4798,J.DE INF. PANAMERICANA,JARDIN DE INFANTES PANAMERICANA,CORDOBA,CAPITAL,CÓRDOBA,140076000,SOTO 919 ACOSTA B° ACOSTA
4824,J.DE INF. PQUIAL. DEL NIÑO DIOS,JARDIN DE INFANTES PARROQUIAL DEL NIÑO DIOS,VILLA CARLOS PAZ,PUNILLA,CÓRDOBA,140073100,ASUNCION 440 LA QUINTA VILLA CARLOS PAZ
5060,J.DE INF.PARROQUIAL MONTECRISTO,JARDIN DE INFANTES PARROQUIAL MONTECRISTO,MONTECRISTO,RIO PRIMERO,CÓRDOBA,140540700,SARMIENTO 1057 MALVINAS ARGENTINAS MONTECRISTO
4799,J.DE INF. PARROQUIAL PIO XII,JARDIN DE INFANTES PARROQUIAL PIO XII,COSQUIN,PUNILLA,CÓRDOBA,140514700,OBISPO BUSTOS 816 CENTRO B°CENTRO - COSQUIN
3918,J. DE INF. PARROQUIAL SAN FRANCISCO DE ASIS,JARDIN DE INFANTES PARROQUIAL SAN FRANCISCO DE ASIS,CORDOBA,CAPITAL,CÓRDOBA,140525400,JOSE ANTONIO GUARDADO 184 LAS FLORES B° LAS FLORES (AL LADO DE PQUIA. SAN FCO. DE ASIS)
4825,J.DE INF. PQUIAL. SAN JOSE,JARDIN DE INFANTES PARROQUIAL SAN JOSE,CORDOBA,CAPITAL,CÓRDOBA,140493600,VELEZ 274 ALTO ALBERDI B° ALTO ALBERDI
4800,J.DE INF. PATRICIA STOKOE (EX DE B° 16 DE NOVIEMBRE),JARDIN DE INFANTES PATRICIA STOKOE (EX DE B 16 DE NOVIEMBRE),CORDOBA,CAPITAL,CÓRDOBA,140479400,CALLE PUBLICA S/N°  16 DE NOVIEMBRE B° 16 DE NOVIEMBRE
4801,J.DE INF. PATRICIAS ARGENTINAS,JARDIN DE INFANTES PATRICIAS ARGENTINAS,MARCOS JUAREZ,MARCOS JUAREZ,CÓRDOBA,140071600,TUCUMAN 31 CENTRO MARCOS JUAREZ
4802,J.DE INF. PATRICIAS MENDOCINAS,JARDIN DE INFANTES PATRICIAS MENDOCINAS,CORDOBA,CAPITAL,CÓRDOBA,140225400,FORESTIERI 5100 VILLA EL LIBERTADOR B° VILLA EL LIBERTADOR
4803,J.DE INF. PAULA ALBARRACIN,JARDIN DE INFANTES PAULA ALBARRACIN,MELO,PRESIDENTE ROQUE SAENZ PEÑA,CÓRDOBA,140084600,RODOLFO IGUERABIDE  CENTRO MELO
4804,J.DE INF. PAULA ALBARRACIN,JARDIN DE INFANTES PAULA ALBARRACIN,VILLA MARIA,GENERAL SAN MARTIN,CÓRDOBA,140205800,JUAREZ CELMAN 685 LA CALERA VILLA MARIA
4805,J.DE INF. PAULA ALBARRACIN,JARDIN DE INFANTES PAULA ALBARRACIN,CORDOBA,CAPITAL,CÓRDOBA,140345800,JOSE MATEO MOLINA 431 COLINAS DE VELEZ SARSFIELD B° COLINAS DE VELEZ SARSFIELD
4806,J.DE INF. PAULA ALBARRACIN DE SARMIENTO,JARDIN DE INFANTES PAULA ALBARRACIN DE SARMIENTO,CHARBONIER,PUNILLA,CÓRDOBA,140043700,RUTA NACIONAL 38   CHARBONIER P/RUTA NAC.N°38
4807,J.DE INF. PAULA ALBARRACIN DE SARMIENTO,JARDIN DE INFANTES PAULA ALBARRACIN DE SARMIENTO,CORDOBA,CAPITAL,CÓRDOBA,140234800,AVENIDA PABLO NERUDA 120 VILLA AZALAIS OESTE B° VILLA AZALAIS OESTE
4808,J.DE INF. PAULA ALBARRACIN DE SARMIENTO,JARDIN DE INFANTES PAULA ALBARRACIN DE SARMIENTO,IDIAZABAL,UNION,CÓRDOBA,140354600,JUAN JOSE PASO  S/N   IDIAZABAL
4809,J.DE INF. PAULA ALBARRACIN DE SARMIENTO,JARDIN DE INFANTES PAULA ALBARRACIN DE SARMIENTO,HUINCA RENANCO,GENERAL ROCA,CÓRDOBA,140363700,NEUQUEN 495  HUINCA RENANCO
4810,J.DE INF. PAULA MONTAL,JARDIN DE INFANTES PAULA MONTAL,CORDOBA,CAPITAL,CÓRDOBA,140549400,PORTO Y MARIÑO 556 VILLA URQUIZA B°VILLA URQUIZA
4811,J.DE INF. PAULINO FRANCES,JARDIN DE INFANTES PAULINO FRANCES,CORDOBA,CAPITAL,CÓRDOBA,140510800,BARTOLOME DE LA CORTE S/N  AMPLIACION FERREYRA B° AMPLIACION FERREYRA
4813,J.DE INF. PEDRO N. ARIAS,JARDIN DE INFANTES PEDRO N ARIAS,DEAN FUNES,ISCHILIN,CÓRDOBA,140559800,CORDOBA 87 CENTRO DEAN FUNEs
4814,J.DE INF. PEDRO RUIZ DE GARIBAY,JARDIN DE INFANTES PEDRO RUIZ DE GARIBAY,CORDOBA,CAPITAL,CÓRDOBA,140016100,GUANDACOL 1850 EMPALME Avenida Amadeo Sabattini (Ruta 9) a proximadamente 7 cuadras
4815,J.DE INF. PEREGRINOS DE LA PAZ,JARDIN DE INFANTES PEREGRINOS DE LA PAZ,CORDOBA,CAPITAL,CÓRDOBA,140505700,CALLE PUBLICA  CIUDAD JUAN PABLO II CIUDAD JUAN PABLO II
4816,J.DE INF. PERIODISTA REMIGIO LUPO,JARDIN DE INFANTES PERIODISTA REMIGIO LUPO,SAMPACHO,RIO CUARTO,CÓRDOBA,140060500,LAVALLE Y SAN MARTIN  CENTRO SAMPACHO
4817,J.DE INF. PERITO FRANCISCO MORENO,JARDIN DE INFANTES PERITO FRANCISCO MORENO,ALCIRA,RIO CUARTO,CÓRDOBA,140388600,DEAN FUNES 463 VILLA CRISTINA ALCIRA
4818,J.DE INF. PETER PAN,JARDIN DE INFANTES PETER PAN,CORDOBA,CAPITAL,CÓRDOBA,140425700,LUCIANO DE FIGUEROA 144 MARQUES DE SOBREMONTE B° MARQUES DE SOBREMONTE
4819,J.DE INF. PIO LEON,JARDIN DE INFANTES PIO LEON,COLONIA CAROYA,COLON,CÓRDOBA,140422000,AVENIDA 28 DE JULIO 345  COLONIA CAROYA
4820,J.DE INF. PIO X,JARDIN DE INFANTES PIO X,CORDOBA,CAPITAL,CÓRDOBA,140575400,9 DE JULIO 1050 ALBERDI B° ALBERDI
3919,J. DE INF. PIO XII,JARDIN DE INFANTES PIO XII,DESPEÑADEROS,SANTA MARIA,CÓRDOBA,140573100,PADRE BUTELER 229 CENTRO DESPEÑADEROS
4821,J.DE INF. POLICIA FEDERAL ARGENTINA,JARDIN DE INFANTES POLICIA FEDERAL ARGENTINA,MINA CLAVERO,SAN ALBERTO,CÓRDOBA,140417100,LOS CEIBOS Y LA CALENA  SANTA ANA MINA CLAVERO
4822,J.DE INF. POLO GODOY ROJO,JARDIN DE INFANTES POLO GODOY ROJO,JUAREZ CELMAN,COLON,CÓRDOBA,140501800,CALLE PUBLICA S/N (MANZANA 42 LOTE 5)  CIUDAD DE LOS NIÑOS JAUREZ CELMAN
4823,J.DE INF. PONCIANO VIVANCO,JARDIN DE INFANTES PONCIANO VIVANCO,BELL VILLE,UNION,CÓRDOBA,140033100,AMEGHINO 155 CENTRO BELL VILLE
4826,J.DE INF. PRESBITERO ANTONIO SAENZ,JARDIN DE INFANTES PRESBITERO ANTONIO SAENZ,LOS CALLEJONES,SAN ALBERTO,CÓRDOBA,140038800,CALLE PUBLICA  LOS CALLEJONES
4812,J.DE INF. PBRO. JUAN VICENTE BRIZUELA,JARDIN DE INFANTES PRESBITERO JUAN VICENTE BRIZUELA,VILLA DOLORES,SAN JAVIER,CÓRDOBA,140514000,ITALIA 251 CENTRO
4865,J.DE INF. PTE.DR.ARTURO UMBERTO ILLIA,JARDIN DE INFANTES PRESIDENTE DOCTOR ARTURO UMBERTO ILLIA,CORDOBA,CAPITAL,CÓRDOBA,140117100,TOTORAL S/N°  RESIDENCIAL SANTA ROSA B° RESIDENCIAL SANTA ROSA(AV.VELEZ SARSFIELD AL 5000)
4827,J.DE INF. PRESIDENTE HIPOLITO YRIGOYEN,JARDIN DE INFANTES PRESIDENTE HIPOLITO YRIGOYEN,SAN FRANCISCO,SAN JUSTO,CÓRDOBA,140092300,BELGRANO 880 ITURRASPE SAN FRANCISCO
4828,J.DE INF. PRESIDENTE KENNEDY,JARDIN DE INFANTES PRESIDENTE KENNEDY,CORDOBA,CAPITAL,CÓRDOBA,140211900,ITALIA 2247 VILLA CABRERA B° VILLA CABRERA
4829,J.DE INF. PRESIDENTE MITRE,JARDIN DE INFANTES PRESIDENTE MITRE,RIO TERCERO,TERCERO ARRIBA,CÓRDOBA,140121100,ESTANISLAO DEL CAMPO  1086 HEROES DE MALVINAS RIO TERCERO
4830,J.DE INF. PRESIDENTE RIVADAVIA,JARDIN DE INFANTES PRESIDENTE RIVADAVIA,CORDOBA,CAPITAL,CÓRDOBA,140335100,AGUSTIN GARZON 1563 SAN VICENTE B° SAN VICENTE
4831,J.DE INF. PRESIDENTE ROCA,JARDIN DE INFANTES PRESIDENTE ROCA,CARRILOBO,RIO SEGUNDO,CÓRDOBA,140026100,MARIANO MORENO 861  CARRILOBO
4862,J.DE INF. PTE. ROQUE SAENZ PEÑA,JARDIN DE INFANTES PRESIDENTE ROQUE SAENZ PEÑA,SAN MARCOS SIERRA,CRUZ DEL EJE,CÓRDOBA,140036600,LOS CHAÑARES 410 CENTRO SAN MARCOS SIERRA
4863,J.DE INF. PTE. ROQUE SAENZ PEÑA,JARDIN DE INFANTES PRESIDENTE ROQUE SAENZ PEÑA,LABOULAYE,PRESIDENTE ROQUE SAENZ PEÑA,CÓRDOBA,140200400,AV. QUINTANA 130 BELGRANO LABOULAYE
4864,J.DE INF. PTE. ROQUE SAENZ PEÑA ANEXO EL RINCON,JARDIN DE INFANTES PRESIDENTE ROQUE SAENZ PEÑA ANEXO EL RINCON,EL RINCON,CRUZ DEL EJE,CÓRDOBA,140036601,CALLE PUBLICA
4832,J.DE INF. PRESIDENTE SARMIENTO,JARDIN DE INFANTES PRESIDENTE SARMIENTO,CORDOBA,CAPITAL,CÓRDOBA,140246100,AVENIDA ROQUE SAENZ PE? 1211 COFICO
4833,J.DE INF. PRESIDENTE SARMIENTO,JARDIN DE INFANTES PRESIDENTE SARMIENTO,VILLA CARLOS PAZ,PUNILLA,CÓRDOBA,140287400,ANIBAL TROILO S/N°  OBRERO VILLA CARLOS PAZ
4834,J.DE INF. PRESIDENTE SARMIENTO  ANEXO DE B° SAN IGNACIO,JARDIN DE INFANTES PRESIDENTE SARMIENTO ANEXO DE B SAN IGNACIO,VILLA CARLOS PAZ,PUNILLA,CÓRDOBA,140287401,IGUALDAD 189 SAN IGNACIO VILLA CARLOS PAZ
4835,J.DE INF. PRESIDENTE YRIGOYEN,JARDIN DE INFANTES PRESIDENTE YRIGOYEN,ALTA GRACIA,SANTA MARIA,CÓRDOBA,140023100,RAFAEL LOZADA Y SAAVEDRA  GENERAL BUSTOS ALTA GRACIA
4836,J.DE INF. PRESIDENTE YRIGOYEN,JARDIN DE INFANTES PRESIDENTE YRIGOYEN,CORDOBA,CAPITAL,CÓRDOBA,140397700,AV.CASTRO BARROS 842 SAN MARTIN B° SAN MARTIN
4837,J.DE INF. PRESIDENTE YRIGOYEN ANEXO SAN CLEMENTE,JARDIN DE INFANTES PRESIDENTE YRIGOYEN ANEXO SAN CLEMENTE,SAN CLEMENTE,SANTA MARIA,CÓRDOBA,140023101,CALLE PUBLICA  S/Nº
4838,J.DE INF. PRIMER GOBIERNO PATRIO,JARDIN DE INFANTES PRIMER GOBIERNO PATRIO,RIO SEGUNDO,RIO SEGUNDO,CÓRDOBA,140242600,SAN MARTIN 910 CENTRO RIO SEGUNDO
4839,J.DE INF. PRIMER TENIENTE ALBERTO LUIS MORANDINI,JARDIN DE INFANTES PRIMER TENIENTE ALBERTO LUIS MORANDINI,JESUS MARIA,COLON,CÓRDOBA,140368500,CHILE 215 SAN JOSE OBRERO JESUS MARIA
4840,J.DE INF. PRIMER TENIENTE AVILA,JARDIN DE INFANTES PRIMER TENIENTE AVILA,CORDOBA,CAPITAL,CÓRDOBA,140137600,ALTO ALEGRE 1079 PARQUE REPUBLICA
4841,J.DE INF. PRIMERA JUNTA,JARDIN DE INFANTES PRIMERA JUNTA,VILLA RUMIPAL,CALAMUCHITA,CÓRDOBA,140023600,AMADEO SABATTINI 143  VILLA RUMIPAL
4842,J.DE INF. PRIMERA JUNTA,JARDIN DE INFANTES PRIMERA JUNTA,SAN FRANCISCO,SAN JUSTO,CÓRDOBA,140092700,ENTRE RIOS 2505 GENERAL ROCA SAN FRANCISCO
4843,J.DE INF. PRIMERA JUNTA,JARDIN DE INFANTES PRIMERA JUNTA,CORDOBA,CAPITAL,CÓRDOBA,140129400,GOBERNADOR ORTIZ DE OCAMPO 4445 VILLA CENTENARIO B° VILLA CENTENARIO(A 3 CUADRAS DE AV. CORDILLERA)
4844,J.DE INF. PRIMERA JUNTA,JARDIN DE INFANTES PRIMERA JUNTA,COLONIA SAN BARTOLOME,SAN JUSTO,CÓRDOBA,140360300,BARTOLOME MARTINA 660  COLONIA SAN BARTOLOME
4845,J.DE INF. PRIMERA JUNTA ANEXO EL CORCOVADO,JARDIN DE INFANTES PRIMERA JUNTA ANEXO EL CORCOVADO,EL CORCOVADO EL TORREON,CALAMUCHITA,CÓRDOBA,140023601,LOS ROBLES S/Nº  EL CORCOVADO EL CORCOVADO
5067,JARDIN DE INFANTES PROA LA CALERA,JARDIN DE INFANTES PROA LA CALERA,LA CALERA,COLON,CÓRDOBA,140563300,RIO RECONQUISTA 755 9 DE JULIO LA CALERA
4847,J.DE INF. PROF. MIGUEL LUCIANI,JARDIN DE INFANTES PROFESOR MIGUEL LUCIANI,CORDOBA,CAPITAL,CÓRDOBA,140221700,AVENIDA 11 DE SETIEMBRE 4460 RAMON J. CARCANO B° RAMON J. CARCANO
4848,J.DE INF. PROF.LUZ VIEIRA MENDEZ,JARDIN DE INFANTES PROFESORA LUZ VIEIRA MENDEZ,CORDOBA,CAPITAL,CÓRDOBA,140002600,JUAN CAVERO 1280 PUEYRREDON BARRIO PUEYRREDON
4846,J.DE INF. PROF. MARINA RAVIOLI,JARDIN DE INFANTES PROFESORA MARINA RAVIOLI,CORDOBA,CAPITAL,CÓRDOBA,140120900,27 DE FEBRERO 2540 GENERAL BELGRANO B° GENERAL BELGRANO AL LADO LA PLAZA  MANUEL BELGRANO
4849,J.DE INF. PROVINCIA DE BUENOS AIRES,JARDIN DE INFANTES PROVINCIA DE BUENOS AIRES,QUILINO,ISCHILIN,CÓRDOBA,140063600,MARIANO MORENO 290 JARDIN QUILINO
4850,J.DE INF. PROVINCIA DE CATAMARCA,JARDIN DE INFANTES PROVINCIA DE CATAMARCA,CORDOBA,CAPITAL,CÓRDOBA,140155000,AV. VELEZ SARSFIELD 3500 LAS FLORES B° LAS FLORES
4851,J.DE INF. PROVINCIA DE CORRIENTES,JARDIN DE INFANTES PROVINCIA DE CORRIENTES,CORDOBA,CAPITAL,CÓRDOBA,140211800,JUAN LAFINUR 2574 ESCOBAR B° ESCOBAR
4852,J.DE INF. PROVINCIA DE ENTRE RIOS,JARDIN DE INFANTES PROVINCIA DE ENTRE RIOS,CORDOBA,CAPITAL,CÓRDOBA,140271900,TRAFALGAR 875 ALTA CORDOBA B° ALTA CORDOBA
4853,J.DE INF. PROVINCIA DE FORMOSA,JARDIN DE INFANTES PROVINCIA DE FORMOSA,CORDOBA,CAPITAL,CÓRDOBA,140417700,RODRIGUEZ PEÑA 1548 ALTA CORDOBA B° ALTA CORDOBA
4854,J.DE INF. PROVINCIA DE JUJUY,JARDIN DE INFANTES PROVINCIA DE JUJUY,CRUZ DEL EJE,CRUZ DEL EJE,CÓRDOBA,140251700,1ro DE MAYO  CENTRO CRUZ DEL EJE
4855,J.DE INF. PROVINCIA DE MISIONES,JARDIN DE INFANTES PROVINCIA DE MISIONES,CORDOBA,CAPITAL,CÓRDOBA,140224800,BARBADOS 3190 VICOR B° VICOR - JUNTO A LA ESCUELA BENITO SORIA
4856,J.DE INF. PROVINCIA DE MISIONES,JARDIN DE INFANTES PROVINCIA DE MISIONES,CORDOBA,CAPITAL,CÓRDOBA,140417600,LULLIO S/N°  ANA MARIA ZUMARAN B° ANA MARIA ZUMARAN
4857,J.DE INF. PROVINCIA DE SANTA CRUZ,JARDIN DE INFANTES PROVINCIA DE SANTA CRUZ,RIO CUARTO,RIO CUARTO,CÓRDOBA,140088500,URUGUAY 102 BANDA NORTE RIO CUARTO
4858,J.DE INF. PROVINCIA DE SANTIAGO DEL ESTERO,JARDIN DE INFANTES PROVINCIA DE SANTIAGO DEL ESTERO,ISLA VERDE,MARCOS JUAREZ,CÓRDOBA,140219000,SARMIENTO 600 CENTRO ISLA VERDE
4859,J.DE INF. PROVINCIA DEL NEUQUEN,JARDIN DE INFANTES PROVINCIA DEL NEUQUEN,BELL VILLE,UNION,CÓRDOBA,140300800,ORTIZ HERRERA 647 ESTACION BELL VILLE
4860,J.DE INF. PROVINCIA LA RIOJA,JARDIN DE INFANTES PROVINCIA LA RIOJA,CORDOBA,CAPITAL,CÓRDOBA,140291800,JUNIN 3400 SAN VICENTE B° SAN VICENTE
4861,J.DE INF. PROVINCIA SANTIAGO DEL ESTERO ANEXO CNIA.BARGE,JARDIN DE INFANTES PROVINCIA SANTIAGO DEL ESTERO ANEXO CNIA BARGE,COLONIA BARGE,MARCOS JUAREZ,CÓRDOBA,140219001,CALLE PUBLICA S/N    COLONIA BARGE
4866,J.DE INF. PUERTAS DEL SOL,JARDIN DE INFANTES PUERTAS DEL SOL,ONCATIVO,RIO SEGUNDO,CÓRDOBA,140422100,BUENOS AIRES 750  ONCATIVO
4867,J.DE INF. RABINDRANATH TAGORE,JARDIN DE INFANTES RABINDRANATH TAGORE,CORDOBA,CAPITAL,CÓRDOBA,140002000,OCARINA 1613 VILLA CLAUDINA B° VILLA CLAUDINA
4868,J.DE INF. RAFAEL NUÑEZ,JARDIN DE INFANTES RAFAEL NUÑEZ,SAN FRANCISCO,SAN JUSTO,CÓRDOBA,140110200,BOULEVARD SAENZ PEÑA 1649 CATEDRAL SAN FRANCISCO
4869,J.DE INF. RAFAEL OBLIGADO,JARDIN DE INFANTES RAFAEL OBLIGADO,EMBALSE,CALAMUCHITA,CÓRDOBA,140248100,CALLE PUBLICA  HOTELES CAMINO A HOTELES U.T.E.
4870,J.DE INF. RAUL ANGEL FERREYRA,JARDIN DE INFANTES RAUL ANGEL FERREYRA,CORDOBA,CAPITAL,CÓRDOBA,140126300,CALLE PUBLICA S/N°  S.E.P. B° S.E.P.(FRENTE A LA GLORIETA DEL SEP))
4872,J.DE INF. RECONQUISTA,JARDIN DE INFANTES RECONQUISTA,ALTOS DE CHIPION,SAN JUSTO,CÓRDOBA,140133300,SARMIENTO 531  ALTOS DE CHIPION
4873,J.DE INF. RECONQUISTA,JARDIN DE INFANTES RECONQUISTA,VILLA DEL ROSARIO,RIO SEGUNDO,CÓRDOBA,140158600,OBISPO FERREYRA 1111  VILLA DEL ROSARIO
4874,J.DE INF. RECONQUISTA  ANEXO  DE CNIA.MONTE GRANDE,JARDIN DE INFANTES RECONQUISTA ANEXO DE COLONIA MONTE GRANDE,COLONIA MONTE GRANDE,SAN JUSTO,CÓRDOBA,140133301,CALLE PUBLICA   COLONIA MONTE GRANDE P/ALTOS DE CHIPION
4875,J.DE INF. RECTOR AVANZI,JARDIN DE INFANTES RECTOR AVANZI,ALTA GRACIA,SANTA MARIA,CÓRDOBA,140488100,INTENDENTE MOLINARI S/N 1526 PARQUE DEL VIRREY ALTA GRACIA
4876,J.DE INF. RECTOR AVANZI ANEXO FALDA DEL CARMEN,JARDIN DE INFANTES RECTOR AVANZI ANEXO FALDA DEL CARMEN,FALDA DEL CARMEN,SANTA MARIA,CÓRDOBA,140488101,CALLE PUBLICA S/N°   FALDA DEL CARMEN
4877,J.DE INF. REMEDIOS ESCALADA DE S. MARTIN,JARDIN DE INFANTES REMEDIOS ESCALADA DE S MARTIN,CAPILLA DEL MONTE,PUNILLA,CÓRDOBA,140067400,DIAGONAL BUENOS AIRES 438 CENTRO CAPILLA DEL MONTE
4878,J.DE INF. REMEDIOS ESCALADA DE SAN MARTIN,JARDIN DE INFANTES REMEDIOS ESCALADA DE SAN MARTIN,LAS VARILLAS,SAN JUSTO,CÓRDOBA,140042700,JUAN BAUTISTA ALBERDI 271 INDEPENDENCIA LAS VARILLAS
4879,J.DE INF. REMEDIOS ESCALADA DE SAN MARTIN,JARDIN DE INFANTES REMEDIOS ESCALADA DE SAN MARTIN,SUCO,RIO CUARTO,CÓRDOBA,140060600,LIBERTAD Y SAN MARTIN   SUCO
4880,J.DE INF. REMEDIOS ESCALADA DE SAN MARTIN,JARDIN DE INFANTES REMEDIOS ESCALADA DE SAN MARTIN,PEDRO E. VIVAS,RIO PRIMERO,CÓRDOBA,140130600,MARTIN MIGUEL DE GUEMES S/N°   PEDRO E. VIVAS
4881,J.DE INF. REMEDIOS ESCALADA DE SAN MARTIN,JARDIN DE INFANTES REMEDIOS ESCALADA DE SAN MARTIN,NOETINGER,UNION,CÓRDOBA,140172900,SARMIENTO 152 CENTRO NOETINGER
4882,J.DE INF. REMEDIOS ESCALADA DE SAN MARTIN,JARDIN DE INFANTES REMEDIOS ESCALADA DE SAN MARTIN,RIO TERCERO,TERCERO ARRIBA,CÓRDOBA,140210000,25 DE FEBRERO 171 CENTRO RIO TERCERO
4883,J.DE INF. REMEDIOS ESCALADA DE SAN MARTIN,JARDIN DE INFANTES REMEDIOS ESCALADA DE SAN MARTIN,VILLA ALLENDE,COLON,CÓRDOBA,140265100,URQUIZA 151 CENTRO VILLA ALLENDE
4884,J.DE INF. REMEDIOS ESCALADA DE SAN MARTIN,JARDIN DE INFANTES REMEDIOS ESCALADA DE SAN MARTIN,CORRAL DE BUSTOS,MARCOS JUAREZ,CÓRDOBA,140266500,RECONQUISTA 340  CORRAL DE BUSTOS
4885,J.DE INF. REMEDIOS ESCALADA DE SAN MARTIN,JARDIN DE INFANTES REMEDIOS ESCALADA DE SAN MARTIN,TIO PUJIO,GENERAL SAN MARTIN,CÓRDOBA,140278000,INTENDENTE SCHIAVI 61  TIO PUJIO
4886,J.DE INF. REMEDIOS ESCALADA DE SAN MARTIN,JARDIN DE INFANTES REMEDIOS ESCALADA DE SAN MARTIN,ALMAFUERTE,TERCERO ARRIBA,CÓRDOBA,140305600,CORRIENTES 410 MARIANO MORENO ALMAFUERTE
4887,J.DE INF. REMEDIOS ESCALADA DE SAN MARTIN,JARDIN DE INFANTES REMEDIOS ESCALADA DE SAN MARTIN,ARIAS,MARCOS JUAREZ,CÓRDOBA,140382500,AV. ESPAÑA 777  ARIAS
4888,J.DE INF. RENE FAVALORO (EX DE B° MIRIZZI),JARDIN DE INFANTES RENE FAVALORO (EX DE B MIRIZZI),CORDOBA,CAPITAL,CÓRDOBA,140479100,AVENIDA VIÑA DEL MAR  MIRIZZI AVENIDA VELEZ SARSFIELD AL 4900
4889,J.DE INF. REPUBLICA ARGENTINA,JARDIN DE INFANTES REPUBLICA ARGENTINA,CORDOBA,CAPITAL,CÓRDOBA,140049200,URITORCO 3700 AMEGHINO SUR B° AMEGHINO SUR - ALTURA URITORCO AL 3700
4890,J.DE INF. REPUBLICA DE CHILE,JARDIN DE INFANTES REPUBLICA DE CHILE,CORDOBA,CAPITAL,CÓRDOBA,140095200,MANUEL ALVAREZ DE LAS CASAS 230 AYACUCHO B° AYACUCHO(A LA DERECHA ESPACIO VERDE)
4891,J.DE INF. REPUBLICA DE COSTA RICA,JARDIN DE INFANTES REPUBLICA DE COSTA RICA,CORDOBA,CAPITAL,CÓRDOBA,140418000,CALLE PUBLICA S/N°  25 DE MAYO B° 25 DE MAYO ( RUTA 9 SUR KM 8 1/2)
4892,J.DE INF. REPUBLICA DE ECUADOR,JARDIN DE INFANTES REPUBLICA DE ECUADOR,CORDOBA,CAPITAL,CÓRDOBA,140496900,PEDRO ACUÑA ESQ.MARIANO SANTIBAÑEZ  RESIDENCIAL SAN ROQUE
5061,J.DE INF.REPUBLICA DE ITALIA,JARDIN DE INFANTES REPUBLICA DE ITALIA,COLONIA CAROYA,COLON,CÓRDOBA,140531800,VALENTIN BRAIDA 311  COLONIA CAROYA
4893,J.DE INF. REPUBLICA DE LA INDIA,JARDIN DE INFANTES REPUBLICA DE LA INDIA,CORDOBA,CAPITAL,CÓRDOBA,140002100,CAMINO A MONTE CRISTO KM 5  VILLA CLAUDINA B°VILLA CLAUDINA (CNO. A MONTECRISTO KM.5)
4894,J.DE INF. REPUBLICA DE PANAMA,JARDIN DE INFANTES REPUBLICA DE PANAMA,CORDOBA,CAPITAL,CÓRDOBA,140241300,MARIANO MANSILLA 1025 COLINAS DEL CERRO
4895,J.DE INF. REPUBLICA DE SIRIA,JARDIN DE INFANTES REPUBLICA DE SIRIA,CORDOBA,CAPITAL,CÓRDOBA,140212700,DOCTOR VIRGILIO MOYANO 830 RESIDENCIAL VELEZ SARSFIELD B° RESIDENCIAL VELEZ SARSFIELD
4896,J.DE INF. REPUBLICA DE VENEZUELA,JARDIN DE INFANTES REPUBLICA DE VENEZUELA,CORDOBA,CAPITAL,CÓRDOBA,140096500,BOYERO 511 CHATEAU CARRERAS
4897,J.DE INF. REPUBLICA DEL LIBANO,JARDIN DE INFANTES REPUBLICA DEL LIBANO,CORDOBA,CAPITAL,CÓRDOBA,140094600,BARROS PAZOS 3970 URCA B° URCA
4898,J.DE INF. REPUBLICA DEL PARAGUAY,JARDIN DE INFANTES REPUBLICA DEL PARAGUAY,VILLA MARIA,GENERAL SAN MARTIN,CÓRDOBA,140361200,CHILE 549 CENTRO VILLA MARIA
4899,J.DE INF. REPUBLICA DEL PARAGUAY ANEXO PJE.LAS 4 ESQUINAS,JARDIN DE INFANTES REPUBLICA DEL PARAGUAY ANEXO PJE LAS 4 ESQUINAS,LAS 4 ESQUINAS,GENERAL SAN MARTIN,CÓRDOBA,140361201,Ruta Nacional 158   PARAJE LAS 4 ESQUINAS P/VILLA MARIA
4900,J.DE INF. REPUBLICA DEL PERU,JARDIN DE INFANTES REPUBLICA DEL PERU,CORDOBA,CAPITAL,CÓRDOBA,140136500,VIEYTES SUR 1568 LOS NARANJOS FRENTE AL INSTITUTO JESUS MARIA
4901,J.DE INF. REPUBLICA DEL URUGUAY,JARDIN DE INFANTES REPUBLICA DEL URUGUAY,RIO CUARTO,RIO CUARTO,CÓRDOBA,140153700,SAN LUIS 348 BANDA NORTE RIO CUARTO
4902,J.DE INF. REPUBLICA ITALIANA,JARDIN DE INFANTES REPUBLICA ITALIANA,ALTA GRACIA,SANTA MARIA,CÓRDOBA,140082100,MAESTRO JESÚS SEGUNDO GUTIERREZ  LALAHENES ALTA GRACIA
4871,J.DE INF. RDO. PADRE G. VERGONJEANNE,JARDIN DE INFANTES REVERENDO PADRE G VERGONJEANNE,VILLA ALLENDE,COLON,CÓRDOBA,140199000,LEANDRO N. ALEM 150 VILLA ALLENDE PARQUE VILLA ALLENDE(frente al cgio.primario Vergonjeanne
4903,J.DE INF. REYES CATOLICOS,JARDIN DE INFANTES REYES CATOLICOS,PAMPAYASTA SUR,TERCERO ARRIBA,CÓRDOBA,140416700,MARTIN DE GUEMES 133  PAMPAYASTA SUR
4904,J.DE INF. RICARDO GUIRALDES,JARDIN DE INFANTES RICARDO GUIRALDES,CORDOBA,CAPITAL,CÓRDOBA,140001500,GAVILAN 139 YAPEYU B° YAPEYU
4905,J.DE INF. RICARDO GUTIERREZ,JARDIN DE INFANTES RICARDO GUTIERREZ,TRANSITO,SAN JUSTO,CÓRDOBA,140115200,PROFESOR LUCIANI 105 CENTRO TRANSITO
4906,J.DE INF. RICARDO GUTIERREZ,JARDIN DE INFANTES RICARDO GUTIERREZ,ELENA,RIO CUARTO,CÓRDOBA,140384600,ALBERDI Y SALTA  ESCUELA ELENA
3920,J. DE INF. RICARDO GUTIERREZ ANEXO PLAZA BRUNO,JARDIN DE INFANTES RICARDO GUTIERREZ ANEXO PLAZA BRUNO,PLAZA BRUNO,SAN JUSTO,CÓRDOBA,140115202,CALLE PUBLICA S/N°   PLAZA BRUNO
4907,J.DE INF. RICARDO NASSIF,JARDIN DE INFANTES RICARDO NASSIF,CORDOBA,CAPITAL,CÓRDOBA,140241200,LUCIANO PIQUET 6200 IPV ARGUELLO NORTE B° IPV ARGUELLO NORTE
4908,J.DE INF. RICARDO PALMA,JARDIN DE INFANTES RICARDO PALMA,CORDOBA,CAPITAL,CÓRDOBA,140206000,D ALEMBERT 5621 VILLA BELGRANO
4909,J.DE INF. RICARDO ROJAS,JARDIN DE INFANTES RICARDO ROJAS,CORDOBA,CAPITAL,CÓRDOBA,140228400,AV. ALFONSINA STORNI 840 PARQUE LICEO 2DA. SECCION B° PARQUE LICEO 2DA. SECCION
4910,J.DE INF. RIO NEGRO,JARDIN DE INFANTES RIO NEGRO,SAN FRANCISCO,SAN JUSTO,CÓRDOBA,140111300,SAENZ PEÑA  CONSOLATA SAN FRANCISCO
4911,J.DE INF. RITA LATALLADA DE VICTORIA,JARDIN DE INFANTES RITA LATALLADA DE VICTORIA,CORDOBA,CAPITAL,CÓRDOBA,140041600,FERDINAND DE LESSEPS 250 CENTRO AMERICA B° CENTRO AMERICA (DETRAS DEL CPC)
4912,J.DE INF. RIVERA INDARTE,JARDIN DE INFANTES RIVERA INDARTE,CALCHIN,RIO SEGUNDO,CÓRDOBA,140325700,GENERAL PAZ   ESTACION CALCHIN
4913,J.DE INF. RODOLFO SENET,JARDIN DE INFANTES RODOLFO SENET,ESQUINA DEL ALAMBRE,ISCHILIN,CÓRDOBA,140063200,RUTA PROVINCIAL 75   ESQUINA DEL ALAMBRE
4914,J.DE INF. ROMA,JARDIN DE INFANTES ROMA,CORDOBA,CAPITAL,CÓRDOBA,140308800,GUILLERMO REYNA 2595 ALTO ALBERDI B° ALTO ALBERDI
4915,J.DE INF. ROQUE SAENZ PEÑA,JARDIN DE INFANTES ROQUE SAENZ PEÑA,CORDOBA,CAPITAL,CÓRDOBA,140266000,AV. VELEZ SARSFIELD 1002 GUEMES B° GUEMES
4916,J.DE INF. ROQUE SAENZ PEÑA,JARDIN DE INFANTES ROQUE SAENZ PEÑA,GENERAL ROCA,MARCOS JUAREZ,CÓRDOBA,140314300,BV. AVELLANEDA 458 NORTE GENERAL ROCA
4917,J.DE INF. ROQUE SAENZ PEÑA,JARDIN DE INFANTES ROQUE SAENZ PEÑA,VILLA AMANCAY,CALAMUCHITA,CÓRDOBA,140419600,CAMIARE   VILLA AMANCAY
4918,J.DE INF. ROSARIO VERA PEÑALOZA,JARDIN DE INFANTES ROSARIO VERA PEÑALOZA,LA LAGUNA,GENERAL SAN MARTIN,CÓRDOBA,140018700,PASAJE GENERAL ROCA 422  LA LAGUNA
4919,J.DE INF. ROSARIO VERA PEÑALOZA,JARDIN DE INFANTES ROSARIO VERA PEÑALOZA,LABOULAYE,PRESIDENTE ROQUE SAENZ PEÑA,CÓRDOBA,140086200,ESPAÑA 267 CENTRO LABOULAYE
4920,J.DE INF. ROSARIO VERA PEÑALOZA,JARDIN DE INFANTES ROSARIO VERA PEÑALOZA,CORDOBA,CAPITAL,CÓRDOBA,140136000,JOSE FIERRO 3847 LOS GRANADOS B° LOS GRANADOS
4921,J.DE INF. ROSARIO VERA PEÑALOZA,JARDIN DE INFANTES ROSARIO VERA PEÑALOZA,CORDOBA,CAPITAL,CÓRDOBA,140243300,RIVERA INDARTE 489 CENTRO B° CENTRO
4922,J.DE INF. ROSARIO VERA PEÑALOZA,JARDIN DE INFANTES ROSARIO VERA PEÑALOZA,UCACHA,JUAREZ CELMAN,CÓRDOBA,140171500,JOSE MARIA PAZ 94 NORTE UCACHA
4923,J.DE INF. ROSARIO VERA PEÑALOZA,JARDIN DE INFANTES ROSARIO VERA PEÑALOZA,ALEJO LEDESMA,MARCOS JUAREZ,CÓRDOBA,140213300,HIPOLITO IRIGOYEN 460 CENTRO ALEJO LEDESMA
4924,J.DE INF. ROSARIO VERA PEÑALOZA,JARDIN DE INFANTES ROSARIO VERA PEÑALOZA,LOS HORNILLOS,SAN JAVIER,CÓRDOBA,140220200,GRAL.SAN MARTIN   LOS HORNILLOS
4927,J.DE INF. ROSARIO VERA PEÑALOZA,JARDIN DE INFANTES ROSARIO VERA PEÑALOZA,COSQUIN,PUNILLA,CÓRDOBA,140262800,ONOGRE MARIMONESQ. INGALINELLA  ALTO MIERES COSQUIN
4928,J.DE INF. ROSARIO VERA PEÑALOZA,JARDIN DE INFANTES ROSARIO VERA PEÑALOZA,PIQUILLIN,RIO PRIMERO,CÓRDOBA,140274700,GRAL.PAZ S/N°   PIQUILLIN
4929,J.DE INF. ROSARIO VERA PEÑALOZA,JARDIN DE INFANTES ROSARIO VERA PEÑALOZA,SANTA EUFEMIA,JUAREZ CELMAN,CÓRDOBA,140334700,SARMIENTO 626  SANTA EUFEMIA
4930,J.DE INF. ROSARIO VERA PEÑALOZA,JARDIN DE INFANTES ROSARIO VERA PEÑALOZA,BENJAMIN GOULD,UNION,CÓRDOBA,140420200,AV. FUERZA AEREA ARGENTINA 412 CENTRO BENJAMIN GOULD
4931,J.DE INF. ROSARIO VERA PEÑALOZA,JARDIN DE INFANTES ROSARIO VERA PEÑALOZA,ANA ZUMARAN,UNION,CÓRDOBA,140552200,CALLE PUBLICA S/N   ANA ZUMARAN
4932,J.DE INF. ROSARIO VERA PEÑALOZA,JARDIN DE INFANTES ROSARIO VERA PEÑALOZA,COLONIA ITALIANA,MARCOS JUAREZ,CÓRDOBA,140552300,RIO CUARTO  CENTRO COLONIA ITALIANA
4933,J.DE INF. ROSARIO VERA PEÑALOZA,JARDIN DE INFANTES ROSARIO VERA PEÑALOZA,VILLA BERNA,CALAMUCHITA,CÓRDOBA,140556800,CALLE PUBLICA   VILLA BERNA - CAMINO PROVINCIAL A CUMBRECITA
4934,J.DE INF. ROSARIO VERA PEÑALOZA,JARDIN DE INFANTES ROSARIO VERA PEÑALOZA,RIO CUARTO,RIO CUARTO,CÓRDOBA,149000500,GENERAL PAZ 1141 CENTRO RIO CUARTO - A UNA CUADRA DEL CONCEJO DELIBERANTE
4935,J.DE INF. ROSARIO VERA PEÑALOZA ANEXO DE COMECHINGONES,JARDIN DE INFANTES ROSARIO VERA PEÑALOZA ANEXO DE COMECHINGONES,PUEBLO COMECHINGONES,RIO PRIMERO,CÓRDOBA,140274701,SARMIENTO ESQ.25 DE MAYO   COMECHINGONES /RIO PRIMERO
4936,J.DE INF. ROSARITO VERA PEÑALOZA,JARDIN DE INFANTES ROSARITO VERA PEÑALOZA,CORDOBA,CAPITAL,CÓRDOBA,140511600,VIRACOCHA 6933 QUINTAS DE ARGUELLO B° QUINTAS DE ARGUELLO
4958,J.DE INF. SAGRADO CORAZON,JARDIN DE INFANTES SAGRADO CORAZON,SAN FRANCISCO,SAN JUSTO,CÓRDOBA,140303400,CARCANO 744 PARQUE SAN FRANCISCO
4959,J.DE INF. SAGRADO CORAZON,JARDIN DE INFANTES SAGRADO CORAZON,VILLA GENERAL BELGRANO,CALAMUCHITA,CÓRDOBA,140538800,SELVA NEGRA 127 CENTRO PLAZA JOSE HERNANDEZ
4960,J.DE INF. SAGRADO CORAZON,JARDIN DE INFANTES SAGRADO CORAZON,VILLA DOLORES,SAN JAVIER,CÓRDOBA,140574500,HORMAECHE 375 JARDIN VILLA DOLORES
4961,J.DE INF. SAN AGUSTIN,JARDIN DE INFANTES SAN AGUSTIN,CORDOBA,CAPITAL,CÓRDOBA,140511700,PROVINCIAS VASCONGADAS 2410 COLON Bº COLON
4962,J.DE INF. SAN ANTONIO,JARDIN DE INFANTES SAN ANTONIO,VILLA MARIA,GENERAL SAN MARTIN,CÓRDOBA,140422500,AV. AMADEO SABATTINI 141 CENTRO VILLA MARIA
4963,J.DE INF. SAN BUENAVENTURA,JARDIN DE INFANTES SAN BUENAVENTURA,CORDOBA,CAPITAL,CÓRDOBA,140463500,AV. DON BOSCO 5001 LAS PALMAS B° LAS PALMAS
4964,J.DE INF. SAN BUENAVENTURA,JARDIN DE INFANTES SAN BUENAVENTURA,RIO CUARTO,RIO CUARTO,CÓRDOBA,140541800,SAN MARTIN 250 CENTRO RIO CUARTO
4965,J.DE INF. SAN JERONIMO,JARDIN DE INFANTES SAN JERONIMO,CORDOBA,CAPITAL,CÓRDOBA,140501400,LA RIOJA 2054 ALTO ALBERDI B° ALTO ALBERDI
3921,J. DE INF. SAN JOSE,JARDIN DE INFANTES SAN JOSE,VILLA DEL ROSARIO,RIO SEGUNDO,CÓRDOBA,140534100,SAN MARTIN 485  VILLA DEL ROSARIO - RIO SEGUNDO
3922,J. DE INF. SAN JOSE,JARDIN DE INFANTES SAN JOSE,CORDOBA,CAPITAL,CÓRDOBA,140583300,CASEROS 3055 ALTO ALBERDI B° ALTOALBERDI
4966,J.DE INF. SAN JOSE,JARDIN DE INFANTES SAN JOSE,VILLA ALLENDE,COLON,CÓRDOBA,140459100,GUEMES ESQ. SAN FERNANDO  CENTRO VILLA ALLENDE
4967,J.DE INF. SAN JOSE,JARDIN DE INFANTES SAN JOSE,BELL VILLE,UNION,CÓRDOBA,140524200,BV. FIGUEROA ALCORTA 40 CENTRO BELL VILLE
4968,J.DE INF. SAN JOSE,JARDIN DE INFANTES SAN JOSE,CORDOBA,CAPITAL,CÓRDOBA,140561500,INDEPENDENCIA 302 CENTRO B° CENTRO
4969,J.DE INF. SAN JOSE DE CALASANZ,JARDIN DE INFANTES SAN JOSE DE CALASANZ,CORDOBA,CAPITAL,CÓRDOBA,140423900,CALLE 28 ENTRE 15 Y 7  INAUDI
4970,J.DE INF. SAN JOSE OBRERO,JARDIN DE INFANTES SAN JOSE OBRERO,CORDOBA,CAPITAL,CÓRDOBA,140516400,ARANI S/N°  VILLA EL LIBERTADOR B° VILLA EL LIBERTADOR
4971,J.DE INF. SAN JOSE S.R.L.,JARDIN DE INFANTES SAN JOSE SRL,CORDOBA,CAPITAL,CÓRDOBA,140563700,SOL DE MAYO 726 ALTO ALBERDI B° ALTO ALBERDI
4972,J.DE INF. SAN JUAN DE LA CRUZ,JARDIN DE INFANTES SAN JUAN DE LA CRUZ,RIO CUARTO,RIO CUARTO,CÓRDOBA,140574100,PRESIDENTE PERON (OESTE) 1321 B°HIPODROMO RIO CUARTO
4973,J.DE INF. SAN LUIS GONZAGA,JARDIN DE INFANTES SAN LUIS GONZAGA,RIO SEGUNDO,RIO SEGUNDO,CÓRDOBA,140457600,URUGUAY ESQUINA MEXICO  FRANCISCO MARTINEZ RIO SEGUNDO
4974,J.DE INF. SAN MARTIN,JARDIN DE INFANTES SAN MARTIN,SAMPACHO,RIO CUARTO,CÓRDOBA,140060400,9 DE JULIO 553 CENTRO SAMPACHO
4975,J.DE INF. SAN PABLO APOSTOL,JARDIN DE INFANTES SAN PABLO APOSTOL,CORDOBA,CAPITAL,CÓRDOBA,140500900,CASTILLA 2681 COLON B° COLON
4976,J.DE INF. SAN PEDRO APOSTOL,JARDIN DE INFANTES SAN PEDRO APOSTOL,CORDOBA,CAPITAL,CÓRDOBA,140434900,AV. DEL PIAMONTE S/N°  CHATEAU CARRERAS B°CHATEAU CARRERAS
4977,J.DE INF. SAN RAMON NONATO,JARDIN DE INFANTES SAN RAMON NONATO,CORDOBA,CAPITAL,CÓRDOBA,140504100,AV. PATRIA 282 ALTOS GRAL PAZ B° ALTOS GRAL PAZ
4978,J.DE INF. SAN ROQUE,JARDIN DE INFANTES SAN ROQUE,RIO SEGUNDO,RIO SEGUNDO,CÓRDOBA,140020200,DESTACAMENTO ALMIRANTE BROWN 1398 SAN ROQUE RIO SEGUNDO
4979,J.DE INF. SAN ROQUE,JARDIN DE INFANTES SAN ROQUE,CORDOBA,CAPITAL,CÓRDOBA,140498000,MARIANO USANDIVARAS 2080 VILLA CORINA B°VILLA CORINA
4980,J.DE INF. SAN VICENTE DE PAUL,JARDIN DE INFANTES SAN VICENTE DE PAUL,ALTA GRACIA,SANTA MARIA,CÓRDOBA,140003800,SRTA. EMA CEBALLOS 492 CORDOBA ALTA GRACIA
4981,J.DE INF. SANTA ANA,JARDIN DE INFANTES SANTA ANA,CORDOBA,CAPITAL,CÓRDOBA,140533400,RICARDO ROJAS 7253 ARGUELLO B° ARGUELLO
4982,J.DE INF. SANTA CLARA DE ASIS,JARDIN DE INFANTES SANTA CLARA DE ASIS,SALSIPUEDES,COLON,CÓRDOBA,140575600,JUAN XXIII  498 EL BOSQUE SALSIPUEDES
4983,J.DE INF. SANTA EUFRASIA,JARDIN DE INFANTES SANTA EUFRASIA,RIO CUARTO,RIO CUARTO,CÓRDOBA,140501300,MARIA OLGUIN 953 CENTRO RIO CUARTO
4984,J.DE INF. SANTA TERESITA DEL NIÑO JESUS,JARDIN DE INFANTES SANTA TERESITA DEL NIÑO JESUS,FREYRE,SAN JUSTO,CÓRDOBA,140435200,ALVEAR 535 CTRCUNVALACION FREYRE
4985,J.DE INF. SANTIAGO DE LAS CARRERAS,JARDIN DE INFANTES SANTIAGO DE LAS CARRERAS,CORDOBA,CAPITAL,CÓRDOBA,140127100,DAVID LUQUE 149 GENERAL PAZ B° GENERAL PAZ
4986,J.DE INF. SANTIAGO DE LINIERS,JARDIN DE INFANTES SANTIAGO DE LINIERS,ALTA GRACIA,SANTA MARIA,CÓRDOBA,140048000,ESMERALDA 279 PATEUR ALTA GRACIA
4987,J.DE INF. SANTIAGO DE LINIERS ANEXO VALLE BUENA ESPERANZA,JARDIN DE INFANTES SANTIAGO DE LINIERS ANEXO VALLE BUENA ESPERANZA,VILLA BUENA ESPERANZA,SANTA MARIA,CÓRDOBA,140048001,CALLE PUBLICA S/N°   VALLE BUENA ESPERANZA
4988,J.DE INF. SANTISIMA TRINIDAD,JARDIN DE INFANTES SANTISIMA TRINIDAD,CORDOBA,CAPITAL,CÓRDOBA,140556600,BLAMEY LAFORE 1248 SAN RAFAEL B° SAN RAFAEL
4989,J.DE INF. SANTO CRISTO,JARDIN DE INFANTES SANTO CRISTO,CORDOBA,CAPITAL,CÓRDOBA,140422600,DOMINGO FUNES 1180 OBSERVATORIO B°OBSERVATORIO
4990,J.DE INF. SANTO DOMINGO DE GUZMAN,JARDIN DE INFANTES SANTO DOMINGO DE GUZMAN,CORDOBA,CAPITAL,CÓRDOBA,140421500,AV DOMINGO ZIPOLI 915 ESCOBAR B°ESCOBAR
4991,J.DE INF. SANTOS ANGELES CUSTODIOS,JARDIN DE INFANTES SANTOS ANGELES CUSTODIOS,RIO CUARTO,RIO CUARTO,CÓRDOBA,140541600,EDUARDO JENNER 510 BANDA NORTE RIO CUARTO
4992,J.DE INF. SARA ALICIA GUTIERREZ,JARDIN DE INFANTES SARA ALICIA GUTIERREZ,PUNTA DEL AGUA,TERCERO ARRIBA,CÓRDOBA,140256200,SRTA SARA ALICIA GUTIERREZ   PUNTA DEL AGUA
4993,J.DE INF. SARA CHAMBERLAIN DE ECCLESTON,JARDIN DE INFANTES SARA CHAMBERLAIN DE ECCLESTON,COLONIA BISMARCK,UNION,CÓRDOBA,140203600,SAN MARTIN 643 CENTRO COLONIA BISMARCK
4994,J.DE INF. SARGENTO CABRAL,JARDIN DE INFANTES SARGENTO CABRAL,CORDOBA,CAPITAL,CÓRDOBA,140007700,PEDRO DE LEDESMA 1755 PARQUE MONTECRISTO BARRIO PARQUE MONTECRISTO
4995,J.DE INF. SARGENTO CABRAL,JARDIN DE INFANTES SARGENTO CABRAL,LA PUERTA,COLON,CÓRDOBA,140082400,CALLE PUBLICA S/N   LA PUERTA P/RUTA PROVINCIAL A 74- KM 40
4996,J.DE INF. SARGENTO CABRAL,JARDIN DE INFANTES SARGENTO CABRAL,ARIAS,MARCOS JUAREZ,CÓRDOBA,140213200,AVENIDA RIVADAVIA 1271 GUINDADO ARIAS
4997,J.DE INF. SATURNINA R. DE ZAVALIA,JARDIN DE INFANTES SATURNINA R DE ZAVALIA,SANTA CATALINA,RIO CUARTO,CÓRDOBA,140168400,INGENIERO FEDERICO CARULLA   STA. CATALINA (P/HOLMBERG)
4998,J.DE INF. SEMANA DE MAYO,JARDIN DE INFANTES SEMANA DE MAYO,COLAZO,RIO SEGUNDO,CÓRDOBA,140032600,ADALGISA 405  COLAZO
4999,J.DE INF. SENADOR NICOLAS PEDERNERA,JARDIN DE INFANTES SENADOR NICOLAS PEDERNERA,CRUZ DEL EJE,CRUZ DEL EJE,CÓRDOBA,140030900,JUAN DE GARAY  FATIMA CRUZ DEL EJE
5000,J.DE INF. SILVIO PELLICO,JARDIN DE INFANTES SILVIO PELLICO,SILVIO PELLICO,GENERAL SAN MARTIN,CÓRDOBA,140087200,AV. BELGRANO ESQ. SOL NACIENTE  CENTRO SILVIO PELLICO
5001,J.DE INF. SIMON BOLIVAR,JARDIN DE INFANTES SIMON BOLIVAR,CORDOBA,CAPITAL,CÓRDOBA,140271700,TUCUMAN 2947 ALTA CORDOBA Bº ALTA CORDOBA
5002,J.DE INF. SIN NOMBRE (EX ANEXO 25 DE MAYO),JARDIN DE INFANTES SIN NOMBRE (EX ANEXO 25 DE MAYO),BRINCKMANN,SAN JUSTO,CÓRDOBA,140552100,FELIX STRADELLA 1903 JARDIN BRINCKMAN
4937,J.DE INF. S/N (EX ANEXO FRENCH Y BERUTTI),JARDIN DE INFANTES SIN NOMBRE (EX ANEXO FRENCH Y BERUTTI),POTRERO DEL ESTADO,SANTA MARIA,CÓRDOBA,140556900,CNO. LOS MOLINOS RUTA 36 KM 17   CNO. LOS MOLINOS RUTA 36 KM 17
5003,J.DE INF. SIN NOMBRE (EX ANEXO GRUPO DE ARTILLERIA AEROTRANSPORTADA 4),JARDIN DE INFANTES SIN NOMBRE (EX ANEXO GRUPO DE ARTILLERIA AEROTRANSPORTADA 4),COLONIA LOS ALGARROBOS,COLON,CÓRDOBA,140552600,CALLE PUBLICA   COLONIA LOS ALGARROBOS p/COLONIA TIROLESA - COLON
5004,J.DE INF. SIN NOMBRE (EX ANEXO JOAQUIN VICTOR GONZALEZ),JARDIN DE INFANTES SIN NOMBRE (EX ANEXO JOAQUIN VICTOR GONZALEZ),POTRERO DE GARAY,SANTA MARIA,CÓRDOBA,140552400,CALLE PUBLICA S/N°   POTRERO DE GARAY - SANTA MARIA
5005,J.DE INF. SIN NOMBRE (EX ANEXO LIBERTADOR GENERAL SAN MARTIN),JARDIN DE INFANTES SIN NOMBRE (EX ANEXO LIBERTADOR GENERAL SAN MARTIN),LA ARCADIA,SANTA MARIA,CÓRDOBA,140557000,CALLE PUBLICA S/N    LA ARCADIA P/CAMINO A LA CARBONADA
5006,J.DE INF. SIN NOMBRE (EX ANEXO LOS INMIGRANTES),JARDIN DE INFANTES SIN NOMBRE (EX ANEXO LOS INMIGRANTES),COLONIA CAROYA,COLON,CÓRDOBA,140561700,CALLE 34 o MAXIMILIANO D'OLIVO  TRONCO POZO COLONIA CAROYA
5007,J.DE INF. SIN NOMBRE (EX GENERAL SAN MARTIN ANEXO),JARDIN DE INFANTES SIN NOMBRE (EX GENERAL SAN MARTIN ANEXO),POZO NUEVO,SOBREMONTE,CÓRDOBA,140555100,CALLE PUBLICA   SOBREMONTE
4938,J.DE INF. S/N (EX RICARDO GUTIERREZ ANEXO),JARDIN DE INFANTES SIN NOMBRE (EX RICARDO GUTIERREZ ANEXO),VILLA DEL TRANSITO,SAN JUSTO,CÓRDOBA,140554900,PAULA ALBARRACIN DE SARMIENTO S/N°   VILLA DEL TRANSITO
4939,J.DE INF. S/N COMUNA DE SAN ROQUE,JARDIN DE INFANTES SIN NOMBRE COMUNA DE SAN ROQUE,SAN ROQUE,PUNILLA,CÓRDOBA,140561600,PADRE ASILI   SAN ROQUE  P/RUTA E 55
4940,J.DE INF. S/N DE ALEJANDRO ROCA,JARDIN DE INFANTES SIN NOMBRE DE ALEJANDRO ROCA,ALEJANDRO ROCA,JUAREZ CELMAN,CÓRDOBA,140574600,COLON  387 BELGRANO ALEJANDRO ROCA
4941,J.DE INF. S/N DE AVELLANEDA,JARDIN DE INFANTES SIN NOMBRE DE AVELLANEDA,AVELLANEDA,ISCHILIN,CÓRDOBA,140580800,CALLE PUBLICA S/N°   AVELLANEDA
5062,J.DE INF.S/N DE B° LOS GIGANTES ANEXO,JARDIN DE INFANTES SIN NOMBRE DE B LOS GIGANTES ANEXO,CORDOBA,CAPITAL,CÓRDOBA,140572400,JUAN CASACUBERTA  3500 AMPLIACION LOS GIGANTES ANEXO B° AMPLIACION LOS GIGANTES ANEXO
4942,J.DE INF. S/N DE B° PORTON DE PIEDRA,JARDIN DE INFANTES SIN NOMBRE DE B PORTON DE PIEDRA,SALDAN,COLON,CÓRDOBA,140577900,SAN JERONIMO 650 PORTON DE PIEDRA SALDAN(Frente a la plaza de los Héroes de Malvinas)
4955,J.DE INF. S/NOMBRE de BARRIO SAN FELIPE,JARDIN DE INFANTES SIN NOMBRE de BARRIO SAN FELIPE,CORDOBA,CAPITAL,CÓRDOBA,140540200,PEDRO DE BUSTAMENTE  SAN FELIPE BARRIO SAN FELIPE
4943,J.DE INF. S/N de B°IRUPE,JARDIN DE INFANTES SIN NOMBRE de BIRUPE,CORDOBA,CAPITAL,CÓRDOBA,140578800,NIZA S/N  IRUPE B° IRUPE
4944,J.DE INF. S/N DE DESPEÑADEROS,JARDIN DE INFANTES SIN NOMBRE DE DESPEÑADEROS,DESPEÑADEROS,SANTA MARIA,CÓRDOBA,140578000,ARGENTINA S/N  ANEXO SAN RAFAEL DESPEÑADEROS
5063,J.DE INF.S/N DE EL ALGODONAL,JARDIN DE INFANTES SIN NOMBRE DE EL ALGODONAL,AGUA DE ORO,COLON,CÓRDOBA,140572700,CALLE PUBLICA S/N   EL ALGODONAL P/AGUA DE ORO
4945,J.DE INF. S/N DE ESTANCIA VIEJA,JARDIN DE INFANTES SIN NOMBRE DE ESTANCIA VIEJA,ESTANCIA VIEJA,PUNILLA,CÓRDOBA,140580700,JUAN JOSE PASO S/N°   ESTANCIA VIEJA
5008,J.DE INF. SIN NOMBRE DE GUANACO MUERTO,JARDIN DE INFANTES SIN NOMBRE DE GUANACO MUERTO,GUANACO MUERTO,CRUZ DEL EJE,CÓRDOBA,140564000,RUTA PROVINCIAL  A 75   GUANACO MUERTO
4956,J.DE INF. S/NOMBRE DE GUTEMBERG,JARDIN DE INFANTES SIN NOMBRE DE GUTEMBERG,GUTEMBERG,RIO SECO,CÓRDOBA,140564500,DOMINGO FAUSTINO SARMIENTO S/N   GUTEMBERG
4946,J.DE INF. S/N DE LA CALERA,JARDIN DE INFANTES SIN NOMBRE DE LA CALERA,LA CALERA,COLON,CÓRDOBA,140556700,PIEDRAS BLANCAS S/N°  EL DIQUECITO EL DIQUECITO/LA CALERA
4947,J.DE INF. S/N DE LAS CALERAS,JARDIN DE INFANTES SIN NOMBRE DE LAS CALERAS,LAS CALERAS,CALAMUCHITA,CÓRDOBA,140567200,OSCAR DOMINGUEZ   Salón comunal
4948,J.DE INF. S/N DE LAS HIGUERAS,JARDIN DE INFANTES SIN NOMBRE DE LAS HIGUERAS,LAS HIGUERAS,RIO CUARTO,CÓRDOBA,140580900,ROSARIO VERA PEÑALOZA  688  LAS HIGUERAS
4957,J.DE INF. S/NOMBRE DE MEDIA LUNA SUD,JARDIN DE INFANTES SIN NOMBRE DE MEDIA LUNA SUD,MEDIA LUNA SUR,RIO PRIMERO,CÓRDOBA,140563100,CALLE PUBLICA   MEDIA LUNA SUD - 10 KM AL SUR DEL PEAJE
4949,J.DE INF. S/N DE MI GRANJA,JARDIN DE INFANTES SIN NOMBRE DE MI GRANJA,MI GRANJA,COLON,CÓRDOBA,140517100,JESUS IGLESIAS S/N°(MZG LOTE 23)   ENTRE MALVINAS ARGENTINAS Y MONTE CRISTO
4950,J.DE INF. S/N DE PAJAS BLANCAS,JARDIN DE INFANTES SIN NOMBRE DE PAJAS BLANCAS,PAJAS BLANCAS,COLON,CÓRDOBA,140575800,RUTA E53 KM 22  PAJAS BLANCAS PAJAS BLANCAS
5064,J.DE INF.S/N DE PUESTO DE CASTRO,JARDIN DE INFANTES SIN NOMBRE DE PUESTO DE CASTRO,PUESTO DE CASTRO,RIO SECO,CÓRDOBA,140571300,DOMINGO FAUSTINO SARMIENTO S/N°   PUESTO DE CASTRO
4951,J.DE INF. S/N DE TALA CAÑADA,JARDIN DE INFANTES SIN NOMBRE DE TALA CAÑADA,TALA CAÑADA,POCHO,CÓRDOBA,140580600,RUTA PROVINCIAL N°15   TALA CAÑADA
4952,J.DE INF. S/N de VICUÑA MACKENNA,JARDIN DE INFANTES SIN NOMBRE de VICUÑA MACKENNA,VICUÑA MACKENNA,RIO CUARTO,CÓRDOBA,140567900,GREGORIO RAMIREZ  1091 RAFUCHO VICUÑA MACKENNA
4953,J.DE INF. S/N DE VILLA CIUDAD PARQUE DE LOS REARTES,JARDIN DE INFANTES SIN NOMBRE DE VILLA CIUDAD PARQUE DE LOS REARTES,VILLA CIUDAD PARQUE DE LOS REARTES(3° SECCION),CALAMUCHITA,CÓRDOBA,140581500,SAN JUAN 348   VILLA CIUDAD PARQUE LOS REARTES
4954,J.DE INF. S/N. DE VILLA LA BOLSA,JARDIN DE INFANTES SIN NOMBRE DE VILLA LA BOLSA,VILLA LA BOLSA,SANTA MARIA,CÓRDOBA,140577400,SARMIENTO 68 CERRITO DE LA BOLSA VILLA LA BOLSA
5009,J.DE INF. SOLDADO HERMINDO LUNA,JARDIN DE INFANTES SOLDADO HERMINDO LUNA,VILLA DOLORES,SAN JAVIER,CÓRDOBA,140221000,INDEPENDENCIA 790 9 DE JULIO VILLA DOLORES
5010,J.DE INF. SOR MARIA ANTONIA DE PAZ Y FIGUEROA,JARDIN DE INFANTES SOR MARIA ANTONIA DE PAZ Y FIGUEROA,CORDOBA,CAPITAL,CÓRDOBA,140422200,NICOLAS DE ISASMENDI 2862 YOFRE NORTE B° YOFRE NORTE - Plaza Dr.Manuel Belgrano
5011,J.DE INF. SUBOF. PPAL. RAMON GUMERCINDO ACOSTA,JARDIN DE INFANTES SUBOF PPAL RAMON GUMERCINDO ACOSTA,COLONIA CAROYA,COLON,CÓRDOBA,140318000,CALLE 144 ESQ. RUTA 9  ESTACION CAROYA RUTA NACIONAL N? 9 KM 748 - ESTACION CAROYA
5012,J.DE INF. SYRIA POLETTI,JARDIN DE INFANTES SYRIA POLETTI,CORDOBA,CAPITAL,CÓRDOBA,140492200,OBISPO ECHENIQUE ALTAMIRA 3105 IPONA B° IPONA - JOSE JAVIER DIAZ AL 500
5013,J.DE INF. TAMBOR DE TACUARI,JARDIN DE INFANTES TAMBOR DE TACUARI,ALICIA,SAN JUSTO,CÓRDOBA,140099100,BV. MITRE 742  ALICIA
5014,J.DE INF. TAMBORCITO DE TACUARI,JARDIN DE INFANTES TAMBORCITO DE TACUARI,CORDOBA,CAPITAL,CÓRDOBA,140337500,MIGUEL VERA 7793 ARGUELLO B° ARGUELLO
5015,J.DE INF. TENIENTE BENJAMIN MATIENZO,JARDIN DE INFANTES TENIENTE BENJAMIN MATIENZO,SANTA MARIA DE PUNILLA (ESTACION SANTA MARIA),PUNILLA,CÓRDOBA,140078600,PASAJE BERTOLOTTI  TILLARD SANTA MARIA DE PUNILLA
5016,J.DE INF. TENIENTE BENJAMIN MATIENZO,JARDIN DE INFANTES TENIENTE BENJAMIN MATIENZO,CORDOBA,CAPITAL,CÓRDOBA,140393900,AV. SAGRADA FAMILIA 1555 BAJO PALERMO
5025,J.DE INF. TTE.CNEL.IBARZABAL,JARDIN DE INFANTES TENIENTE CORONELIBARZABAL,LA CALERA,COLON,CÓRDOBA,140468700,RONDEAU 814  INDUSTRIAL LA CALERA
5019,J.DE INF. TTE. GRAL. EDUARDO RACEDO,JARDIN DE INFANTES TENIENTE GENERAL EDUARDO RACEDO,RIO CUARTO,RIO CUARTO,CÓRDOBA,140089000,ARTUROM. BAS 1696 PROGRESO RIO CUARTO
5020,J.DE INF. TTE. GRAL. JUAN CARLOS SANCHEZ,JARDIN DE INFANTES TENIENTE GENERAL JUAN CARLOS SANCHEZ,CANTERAS EL SAUCE,COLON,CÓRDOBA,140198800,CALLE PUBLICA   CANTERAS EL SAUCE
5021,J.DE INF. TTE. GRAL. JULIO A. ROCA,JARDIN DE INFANTES TENIENTE GENERAL JULIO A ROCA,RIO CUARTO,RIO CUARTO,CÓRDOBA,140214100,VELEZ SARDFIELD 945 SANTA ROSA RIO CUARTO
5022,J.DE INF. TTE. GRAL. JULIO A. ROCA,JARDIN DE INFANTES TENIENTE GENERAL JULIO A ROCA,SAN FRANCISCO,SAN JUSTO,CÓRDOBA,140319400,FLORENCIO SANCHEZ 693 SARMIENTO SAN FRANCISCO
5023,J.DE INF. TTE. GRAL. PABLO RICCHIERI,JARDIN DE INFANTES TENIENTE GENERAL PABLO RICCHIERI,CORDOBA,CAPITAL,CÓRDOBA,140407400,TALACASTO 5669 VILLA BUSTOS B° VILLA BUSTOS
5024,J.DE INF. TTE. GRAL. PEDRO E. ARAMBURU,JARDIN DE INFANTES TENIENTE GENERAL PEDRO E ARAMBURU,CORDOBA,CAPITAL,CÓRDOBA,140288800,JOSE GARIBALDI 710 ALTO GENERAL PAZ B° ALTOS GENERAL PAZ(CERCA DEL HOSP.CORDOBA)
5017,J.DE INF. TOMAS HERNAN CORTEZ,JARDIN DE INFANTES TOMAS HERNAN CORTEZ,LAS ENCRUCIJADAS,SAN JAVIER,CÓRDOBA,140359600,CALLE PUBLICA   LAS ENCRUCIJADAS
5018,J.DE INF. TRANSITO DE MARIA,JARDIN DE INFANTES TRANSITO DE MARIA,VILLA CURA BROCHERO,SAN ALBERTO,CÓRDOBA,140514300,IRINEO ALTAMIRANO 60 CENTRO
5028,J.DE INF. ULISES ELIAN MORELLO,JARDIN DE INFANTES ULISES ELIAN MORELLO,OBISPO TREJO,RIO PRIMERO,CÓRDOBA,140055000,RIVADAVIA 761  OBISPO TREJO
5029,J.DE INF. ULISES ELIAN MORELLO ANEXO ATAHONA,JARDIN DE INFANTES ULISES ELIAN MORELLO ANEXO ATAHONA,ATAHONA,RIO PRIMERO,CÓRDOBA,140055003,CALLE PUBLICA S/N    ATAHONA
5030,J.DE INF. ULISES ELIAN MORELLO ANEXO CHALACEA,JARDIN DE INFANTES ULISES ELIAN MORELLO ANEXO CHALACEA,CHALACEA,RIO PRIMERO,CÓRDOBA,140055001,CALLE PUBLICA S/N    CHALACEA
5031,J.DE INF. ULISES ELIAN MORELLO ANEXO LA POSTA,JARDIN DE INFANTES ULISES ELIAN MORELLO ANEXO LA POSTA,LA POSTA,RIO PRIMERO,CÓRDOBA,140055002,CALLE PUBLICA S/N
5026,J.DE INF. U.N.E.S.C.O.,JARDIN DE INFANTES UNESCO,CORDOBA,CAPITAL,CÓRDOBA,140006800,RUTA 9  NORTE KM  13 Y 1/2  GUIÑAZU RUTA NAC N° 9 (NORTE)P/KM 13-B° GUIÑAZU
5027,J.DE INF. U.N.E.S.C.O. ANEXO VILLA ALICIA RISLER,JARDIN DE INFANTES UNESCO ANEXO VILLA ALICIA RISLER,CORDOBA,CAPITAL,CÓRDOBA,140006801,LA RANCHERA 271 VILLA ALICIA RISLER B° VILLA ALICIA RISLER
5032,J.DE INF. UNION PANAMERICANA,JARDIN DE INFANTES UNION PANAMERICANA,VILLA DOLORES,SAN JAVIER,CÓRDOBA,140374600,AV. ARTURO ILLIA 232 CENTRO VILLA DOLORES
5033,J.DE INF. UNION PANAMERICANA ANEXO LA CORTADERA,JARDIN DE INFANTES UNION PANAMERICANA ANEXO LA CORTADERA,LA CORTADERA,SAN ALBERTO,CÓRDOBA,140374601,CALLE PUBLICA S/N°   LA CORTADERA
5034,J.DE INF. VICEGOBERNADOR ATILIO LOPEZ DE Bº CIUDAD EVITA,JARDIN DE INFANTES VICEGOBERNADOR ATILIO LOPEZ DE B CIUDAD EVITA,CORDOBA,CAPITAL,CÓRDOBA,140498700,CALLE PUBLICA  CIUDAD EVITA
5035,J.DE INF. VICENTE FIDEL LOPEZ,JARDIN DE INFANTES VICENTE FIDEL LOPEZ,CORDOBA,CAPITAL,CÓRDOBA,140076900,AV. DEL TRABAJO 1452 ALEM B° ALEM
5036,J.DE INF. VICENTE LOPEZ Y PLANES,JARDIN DE INFANTES VICENTE LOPEZ Y PLANES,CAMINIAGA,SOBREMONTE,CÓRDOBA,140084200,AVENIDA SAN MARTIN   CAMINIAGA
5037,J.DE INF. VICENTE LOPEZ Y PLANES,JARDIN DE INFANTES VICENTE LOPEZ Y PLANES,BALNEARIA,SAN JUSTO,CÓRDOBA,140192900,25 DE MAYO 247  BALNEARIA
5038,J.DE INF. VICENTE LOPEZ Y PLANES,JARDIN DE INFANTES VICENTE LOPEZ Y PLANES,PUEBLO ITALIANO,UNION,CÓRDOBA,140273500,BUENOS AIRES 474 CENTRO PUEBLO ITALIANO
5039,J.DE INF. VICENTE LOPEZ Y PLANES,JARDIN DE INFANTES VICENTE LOPEZ Y PLANES,ANIZACATE,SANTA MARIA,CÓRDOBA,140318800,RUTA E56   ANISACATE
5040,J.DE INF. VICENTE LOPEZ Y PLANES ANEXO BARRIO PARQUE LA LILA,JARDIN DE INFANTES VICENTE LOPEZ Y PLANES ANEXO BARRIO PARQUE LA LILA,ANIZACATE,SANTA MARIA,CÓRDOBA,140318801,EL VALLE S/N°  PARQUE LA LILA ANISACATE (CENTRO CULTURAL MUNICIPAL)
5041,J.DE INF. VICENTE LOPEZ Y PLANES ANEXO CNIA.FRONTERA NORTE,JARDIN DE INFANTES VICENTE LOPEZ Y PLANES ANEXO CNIA FRONTERA NORTE,COLONIA FRONTERA NORTE,SAN JUSTO,CÓRDOBA,140192901,RUTA 3 S/N°   COLONIA FRONTERA NORTE  P/BALNEARIA
5042,J.DE INF. VICTOR MERCANTE,JARDIN DE INFANTES VICTOR MERCANTE,ALTA GRACIA,SANTA MARIA,CÓRDOBA,140003200,ANATOLE FRANCE 360 NORTE ALTA GRACIA
5043,J.DE INF. VICTOR MERCANTE,JARDIN DE INFANTES VICTOR MERCANTE,AGUA DE ORO,COLON,CÓRDOBA,140165600,CALLE PUBLICA S/N   EL ALGODONAL P/AGUA DE ORO
5044,J.DE INF. VICTOR MERCANTE,JARDIN DE INFANTES VICTOR MERCANTE,RIO SEGUNDO,RIO SEGUNDO,CÓRDOBA,140242000,BUENOS AIRES 820 BELGRANO RIO SEGUNDO
5045,J.DE INF. VICTOR MERCANTE,JARDIN DE INFANTES VICTOR MERCANTE,SAN JOSE DE LAS SALINAS,TULUMBA,CÓRDOBA,140451400,ONCATIVO   SAN JOSE DE LAS SALINAS
5047,J.DE INF. VICTOR MERCANTE ANEXO CERRO AZUL,JARDIN DE INFANTES VICTOR MERCANTE ANEXO CERRO AZUL,VILLA CERRO AZUL,COLON,CÓRDOBA,140165602,CALLE 3 - CASA 28  LAS CHILCAS VILLA CERRO AZUL
5046,J.DE INF. VICTOR MERCANTE ANEXO ISLA DE SAN ANTONIO,JARDIN DE INFANTES VICTOR MERCANTE ANEXO ISLA DE SAN ANTONIO,ISLA DE SAN ANTONIO,TULUMBA,CÓRDOBA,140451401,CAMINO PROVINCIAL   ISLA DE SAN ANTONIO P/QUILINO
5048,J.DE INF. VILLA EUCARISTICA,JARDIN DE INFANTES VILLA EUCARISTICA,CORDOBA,CAPITAL,CÓRDOBA,140464500,CAMINO SAN CARLOS K 5 1/2 MADRE SACRAMENTO  VILLA EUCARISTICA CNO. A SAN CARLOS KM 51/2
5049,J.DE INF. VOLUNTARIADO ARGENTINO,JARDIN DE INFANTES VOLUNTARIADO ARGENTINO,CORDOBA,CAPITAL,CÓRDOBA,140505600,PUBLICA  CIUDAD VILLA RETIRO ANEXO RUTA PROV.112
5050,J.DE INF. WILLIAN C. MORRIS,JARDIN DE INFANTES WILLIAN C MORRIS,CORDOBA,CAPITAL,CÓRDOBA,140330900,SAN JOSE DE CALASANZ 142 ALTO ALBERDI B° ALTO ALBERDI
5051,J.DE INF. WILLIAN HENRY PARTRIDGE,JARDIN DE INFANTES WILLIAN HENRY PARTRIDGE,LEONES,MARCOS JUAREZ,CÓRDOBA,140146200,INTENDENTE ZANOTTI 818 ENSANCHE OESTE LEONES RUTA NAC.N° 9- KM 464
5052,J.DE INF. ZENON LOPEZ,JARDIN DE INFANTES ZENON LOPEZ,PILAR,RIO SEGUNDO,CÓRDOBA,140035800,AV. GENERAL PAZ O 1340  PILAR
5053,J.DE INF. ZOILA ACUÑA DE MARIN MAROTO,JARDIN DE INFANTES ZOILA ACUÑA DE MARIN MAROTO,RIO TERCERO,TERCERO ARRIBA,CÓRDOBA,140121600,VIRREY DE VERTIZ 2134 MONTE GRANDE RIO TERCERO
5054,J.DE INF. ZORAIDA LAMAS,JARDIN DE INFANTES ZORAIDA LAMAS,LOS REARTES,CALAMUCHITA,CÓRDOBA,140488800,AV. SAN MARTIN s/nª   LOS REARTES
5055,J.DE INF. ZULEMA ERONDINA LAKOVIC,JARDIN DE INFANTES ZULEMA ERONDINA LAKOVIC,MORTEROS,SAN JUSTO,CÓRDOBA,140373400,ENRIQUE GALLO ESQ. SAENZ PEÑA  MALVINAS MORTEROS
5068,JARDIN DE NIÑOS MUSICOS,JARDIN DE NIÑOS MUSICOS,CORDOBA,CAPITAL,CÓRDOBA,140423000,ITUZAINGO  658 NUEVA CORDOBA B°NUEVA CORDOBA
5069,JARDIN MATERNAL MUNICIPAL MAFALDA,JARDIN MATERNAL MUNICIPAL MAFALDA,CORDOBA,CAPITAL,CÓRDOBA,140522000,MANUEL SOLA 4697 LAS VIOLETAS B° LAS VIOLETAS
5070,JARDIN MATERNAL MUNICIPAL SUEÑO DE COLORES,JARDIN MATERNAL MUNICIPAL SUEÑO DE COLORES,CORDOBA,CAPITAL,CÓRDOBA,140522800,FRAY BRACCO  1020 PUEYRREDON PUEYRREDON
5071,JARDIN MATERNAL RAYITO DE SOL UNRC,JARDIN MATERNAL RAYITO DE SOL UNRC,RIO CUARTO,RIO CUARTO,CÓRDOBA,140581800,"RUTA NACIONAL 36, KM 601  UNRC RIO CUARTO"
5072,JARDIN MUNICIPAL ARCO IRIS,JARDIN MUNICIPAL ARCO IRIS,CORDOBA,CAPITAL,CÓRDOBA,140519700,ICHO CRUZ 453 VILLA EL LIBERTADOR B° VILLA EL LIBERTADOR
5073,JARDIN MUNICIPAL ARROZ con LECHE,JARDIN MUNICIPAL ARROZ con LECHE,CORDOBA,CAPITAL,CÓRDOBA,140539200,COLORADO 6500 CABILDO B° CABILDO
5074,JARDIN MUNICIPAL AYUDA MUTUA,JARDIN MUNICIPAL AYUDA MUTUA,CORDOBA,CAPITAL,CÓRDOBA,140519800,MARCELO T. DE ALVEAR 1234 BELLA VISTA B° BELLA VISTA
5075,JARDIN MUNICIPAL BICHITO DE LUZ,JARDIN MUNICIPAL BICHITO DE LUZ,CORDOBA,CAPITAL,CÓRDOBA,140519900,MARIA R. VALLE 264 REMEDIOS DE ESCALADA B° REMEDIOS DE ESCALADA
5076,JARDIN MUNICIPAL CAPERUCITA ROJA,JARDIN MUNICIPAL CAPERUCITA ROJA,CORDOBA,CAPITAL,CÓRDOBA,140520200,SARAVIA 1455 GENERAL BUSTOS B° GENERAL BUSTOS
5077,JARDIN MUNICIPAL CAPULLITOS,JARDIN MUNICIPAL CAPULLITOS,CORDOBA,CAPITAL,CÓRDOBA,140520300,TABAUCUE S/N°  VILLA CORNU B°VILLA CORNU
5078,JARDIN MUNICIPAL CASITA DEL HORNERO,JARDIN MUNICIPAL CASITA DEL HORNERO,CORDOBA,CAPITAL,CÓRDOBA,140520100,AV.RANCAGUA 2864 VILLA CORINA B° VILLA CORINA
5079,JARDIN MUNICIPAL CLEMENTE,JARDIN MUNICIPAL CLEMENTE,CORDOBA,CAPITAL,CÓRDOBA,140520400,BIELSA S/N°  EJERCITO ARGENTINO B°EJERCITO ARGENTINO
5080,JARDIN MUNICIPAL COLORIN COLORADO,JARDIN MUNICIPAL COLORIN COLORADO,CORDOBA,CAPITAL,CÓRDOBA,140520500,COQUENA ESQ. HUARPES  VILLA 9 DE JULIO B°VILLA 9 DE JULIO
5081,JARDIN MUNICIPAL CUSI HUAHITAS,JARDIN MUNICIPAL CUSI HUAHITAS,CORDOBA,CAPITAL,CÓRDOBA,140520600,JERONIMO DE HELGUERA 5440 CORONEL OLMEDO B° CORONEL OLMEDO
5082,JARDIN MUNICIPAL DEODORO,JARDIN MUNICIPAL DEODORO,CORDOBA,CAPITAL,CÓRDOBA,140571500,ARTIGAS 150 ALBERDI B° ALBERDI
5083,JARDIN MUNICIPAL Dr.LUIS LEZAMA,JARDIN MUNICIPAL DOCTOR LUIS LEZAMA,CORDOBA,CAPITAL,CÓRDOBA,140521900,SILVIO PETTIROSSI 3437 ESTACION FLORES B° ESTACION FLORES
5084,JARDIN MUNICIPAL EL BARRILETE,JARDIN MUNICIPAL EL BARRILETE,CORDOBA,CAPITAL,CÓRDOBA,140520700,MATRA S/N°  U.O.C.R.A. B°U.O.C.R.A.
5085,JARDIN MUNICIPAL EL PRINCIPITO,JARDIN MUNICIPAL EL PRINCIPITO,CORDOBA,CAPITAL,CÓRDOBA,140520800,MARCOS INFANTE 550 PANAMERICANO B° PANAMERICANO
5086,JARDIN MUNICIPAL FRUTILLITAS,JARDIN MUNICIPAL FRUTILLITAS,CORDOBA,CAPITAL,CÓRDOBA,140520900,BUFFA ESQ.MERCADILLO  SANTA CECILIA
5087,JARDIN MUNICIPAL GARABATOS,JARDIN MUNICIPAL GARABATOS,CORDOBA,CAPITAL,CÓRDOBA,140521000,FERMIN MARTIN S/N°  IPV ARGUELLO NORTE B° IPV ARGUELLO NORTE
5088,JARDIN MUNICIPAL HIJITUS,JARDIN MUNICIPAL HIJITUS,CORDOBA,CAPITAL,CÓRDOBA,140521200,PASAJE PATAGONIA 3360 LA FRATERNIDAD B°LA FRATERNIDAD
5089,JARDIN MUNICIPAL HORMIGUITA VIAJERA,JARDIN MUNICIPAL HORMIGUITA VIAJERA,CORDOBA,CAPITAL,CÓRDOBA,140521300,JUAN DE MORALES ESQ.IGUALDAD  VILLA ALBERDI B° VILLA ALBERDI
5090,JARDIN MUNICIPAL IGNACIO GARZON,JARDIN MUNICIPAL IGNACIO GARZON,CORDOBA,CAPITAL,CÓRDOBA,140521500,ENTRE RIOS 665 CENTRO B° CENTRO
5091,JARDIN MUNICIPAL JEROMITO,JARDIN MUNICIPAL JEROMITO,CORDOBA,CAPITAL,CÓRDOBA,140521400,Pje. FHOTERINGHAM 605 GUEMES B° GUEMES
5092,JARDIN MUNICIPAL JUAN FELIX CAFFERATA,JARDIN MUNICIPAL JUAN FELIX CAFFERATA,CORDOBA,CAPITAL,CÓRDOBA,140520000,PRINGLES 1440 PUEYRREDON B°PUEYRREDON
5093,JARDIN MUNICIPAL JULIA SAURY,JARDIN MUNICIPAL JULIA SAURY,CORDOBA,CAPITAL,CÓRDOBA,140521600,LOS QUEBRACHOS 147 LOS SAUCES
5094,JARDIN MUNICIPAL LARGUIRUCHO,JARDIN MUNICIPAL LARGUIRUCHO,CORDOBA,CAPITAL,CÓRDOBA,140521700,MANUEL ASTRADA 1334 SUAREZ B° SUAREZ
5095,JARDIN MUNICIPAL LOS SIETE CABRITOS,JARDIN MUNICIPAL LOS SIETE CABRITOS,CORDOBA,CAPITAL,CÓRDOBA,140521800,MONTEVIDEO 740 OBSERVATORIO B°OBSERVATORIO
5096,JARDIN MUNICIPAL MIGUEL OLIVER,JARDIN MUNICIPAL MIGUEL OLIVER,CORDOBA,CAPITAL,CÓRDOBA,140522100,COMPTON 5740 LOS EUCALIPTUS LOS EUCALIPTUS
5097,JARDIN MUNICIPAL PADRE A. MARTINEZ,JARDIN MUNICIPAL PADRE A MARTINEZ,CORDOBA,CAPITAL,CÓRDOBA,140522200,AVENIDA VUCETICH ESQ. LUMIERE  ITUZAINGO
5098,JARDIN MUNICIPAL PALACIOS HIDALGO,JARDIN MUNICIPAL PALACIOS HIDALGO,CORDOBA,CAPITAL,CÓRDOBA,140522300,JOSE MARIA ECHAURI 5200 NICOLAS AVELLANEDA NICOLAS AVELLANEDA(frente a la plaza)
5099,JARDIN MUNICIPAL PETETE,JARDIN MUNICIPAL PETETE,CORDOBA,CAPITAL,CÓRDOBA,140522400,LARTIGAU LESPADA 2980 POETA LUGONES
5100,JARDIN MUNICIPAL PORTAL DE BELEN,JARDIN MUNICIPAL PORTAL DE BELEN,CORDOBA,CAPITAL,CÓRDOBA,140522500,MARTIN CARTECHINI 425 MALDONADO B° MALDONADO
5101,JARDIN MUNICIPAL PRIMO GARCIA ELORRIO,JARDIN MUNICIPAL PRIMO GARCIA ELORRIO,CORDOBA,CAPITAL,CÓRDOBA,140521100,FELIX DE ZUÑIGA 4464 SAN ROQUE
5102,JARDIN MUNICIPAL RAYITO DE SOL,JARDIN MUNICIPAL RAYITO DE SOL,CORDOBA,CAPITAL,CÓRDOBA,140522600,JUAN GAONA 1365 LOS PLATANOS B° LOS PLATANOS
5103,JARDIN MUNICIPAL RUIDITOS,JARDIN MUNICIPAL RUIDITOS,CORDOBA,CAPITAL,CÓRDOBA,140522700,JULIAN LAGUNA 2660 SAN JORGE
5104,JARDIN MUNICIPAL TERNURITAS,JARDIN MUNICIPAL TERNURITAS,CORDOBA,CAPITAL,CÓRDOBA,140522900,CHIRINO DE POSADAS 4627 JOSE IGNACIO DIAZ 3º SECCION B°JOSE IGNACIO DIAZ 3º SECCION
5105,JARDIN MUNICIPAL TRAPITO,JARDIN MUNICIPAL TRAPITO,CORDOBA,CAPITAL,CÓRDOBA,140523000,AV. VILLA DEL MAR 5060 MIRIZZI
5106,JARDIN MUNICIPAL TRAVESURAS,JARDIN MUNICIPAL TRAVESURAS,CORDOBA,CAPITAL,CÓRDOBA,140523100,MULUCHES  VILLA ALLENDE PARQUE
5107,JARDIN MUNICIPAL TRINIDAD MORENO,JARDIN MUNICIPAL TRINIDAD MORENO,CORDOBA,CAPITAL,CÓRDOBA,140523200,GORRITI 2153 URQUIZA
5108,JERONIMO CORTES,JERONIMO CORTES,GUASAPAMPA,MINAS,CÓRDOBA,140175600,CALLE PUBLICA   GUASAPAMPA
5109,JERONIMO LUIS DE CABRERA,JERONIMO LUIS DE CABRERA,LAS CALLES,SAN ALBERTO,CÓRDOBA,140350100,LUISA MATOS PACHECO s/N°   PARAJE EL HUAICO P/CNO. VECINAL A RUTA Nº14
5110,JOAQUIN VICTOR GONZALEZ,JOAQUIN VICTOR GONZALEZ,LA POSTA,RIO PRIMERO,CÓRDOBA,140055200,JOAQUIN VICTOR GONZALEZ  LA POSTA RIO PRIMERO
5111,JOAQUIN VICTOR GONZALEZ,JOAQUIN VICTOR GONZALEZ,PICHANAS,CRUZ DEL EJE,CÓRDOBA,140167000,CALLE PUBLICA S/N°   PICHANAS P/PASO VIEJO -CRUZ DEL EJE
5112,JOAQUIN VICTOR GONZALEZ,JOAQUIN VICTOR GONZALEZ,MONTE LEÑA,UNION,CÓRDOBA,140173000,CALLE PUBLICA S/N   MONTE LEÑA
5113,JOAQUIN VICTOR GONZALEZ,JOAQUIN VICTOR GONZALEZ,LA ESTRECHURA,TOTORAL,CÓRDOBA,140481900,CALLE PUBLICA S/N    LA ESTRECHURA P/RUTA NAC.Nº9 KM 820
5114,JOHN F. KENNEDY,JOHN F KENNEDY,NO FIGURA EN TABLA,GENERAL SAN MARTIN,CÓRDOBA,140058700,CALLE PUBLICA S/N   CAMPO BERTOTTO P/TIO PUJIO
5115,JOHN KENNEDY,JOHN KENNEDY,COLONIA FRONTERA SUR,SAN JUSTO,CÓRDOBA,140191600,Ruta Pcial Nª3   COLONIA FRONTERA SUR P/ BALNEARIA (27 KM)
5116,JONAS SALK,JONAS SALK,COLONIA SAN JOSE DE AGUAS COLORADAS,RIO SEGUNDO,CÓRDOBA,140024000,CALLE PUBLICA S/N    CNIA.SAN JOSE DE AGUAS COLORADAS P/CARRILOBO
5117,JONAS SALK,JONAS SALK,PLAYA GRANDE,SAN JUSTO,CÓRDOBA,140207000,CALLE PUBLICA S/N°   COLONIA PLAYA GRANDE P/MARULL
5118,JONAS SALK,JONAS SALK,COLONIA SANTA CATALINA,GENERAL ROCA,CÓRDOBA,140215600,CALLE PUBLICA S/N    COLONIA SANTA CATALINA  P/JOVITA
5119,JORGE LUIS BORGES,JORGE LUIS BORGES,PIEDRITA BLANCA,MINAS,CÓRDOBA,140138600,CALLE PUBLICA   PIEDRITA BLANCA P/SERREZUELA
5120,JORGE LUIS BORGES,JORGE LUIS BORGES,CORDOBA,CAPITAL,CÓRDOBA,140162400,BARRANCAS DEL PARANA 3193 QUINTAS DE SAN JORGE B° QUINTAS DE SAN JORGE
5121,JORGE NEWBERY,JORGE NEWBERY,SAGRADA FAMILIA,RIO PRIMERO,CÓRDOBA,140009400,CALLE PUBLICA   SAGRADA FAMILIA P/RIO PRIMERO
5122,JOSE DE MAYO,JOSE DE MAYO,VILLA VISO,POCHO,CÓRDOBA,140033800,CALLE PUBLICA  SIN IDENTIFICAR VILLA VISO P/RUTA PROV. N?15
5123,JOSE DE SAN MARTIN,JOSE DE SAN MARTIN,PUNTA DEL AGUA,RIO CUARTO,CÓRDOBA,140060000,RUTA E 86   PUNTA DE AGUA P/ADELIA MARIA
5124,JOSE DE SAN MARTIN,JOSE DE SAN MARTIN,PUNTA DEL AGUA,RIO PRIMERO,CÓRDOBA,140183900,CALLE PUBLICA  S/N°   PUNTA DEL AGUA
5125,JOSE DE SAN MARTIN,JOSE DE SAN MARTIN,COLONIA EL CARMEN,RIO CUARTO,CÓRDOBA,140113200,RUTA 30 KM 69   COLONIA EL CARMEN
5126,JOSE DE SAN MARTIN,JOSE DE SAN MARTIN,LAGUNA SECA,RIO CUARTO,CÓRDOBA,140113300,CALLE PUBLICA S/N°   COLONIA LAGUNA SECA P/SAMPACHO
5127,JOSE DE SAN MARTIN,JOSE DE SAN MARTIN,COLONIA LA CARMENCITA,RIO CUARTO,CÓRDOBA,140179300,CALLE PUBLICA   COLONIA LA CARMENCITA  P/LA TOSQUITA
5128,JOSE DE SAN MARTIN,JOSE DE SAN MARTIN,ATAHONA,RIO PRIMERO,CÓRDOBA,140183800,CALLE PUBLICA S/N    ATAHONA
5131,JOSE DE SAN MARTIN,JOSE DE SAN MARTIN,COLONIA COCHA,SANTA MARIA,CÓRDOBA,140230900,CALLE PUBLICA S/N    COLONIA COCHA P/ ONCATIVO
5132,JOSE DE SAN MARTIN,JOSE DE SAN MARTIN,COLONIA LA CELESTINA,RIO CUARTO,CÓRDOBA,140278900,CALLE PUBLICA S/N   COLONIA LA CELESTINA P/CORONEL MOLDES
5133,JOSE DE SAN MARTIN,JOSE DE SAN MARTIN,COLONIA LA MERCANTIL,RIO CUARTO,CÓRDOBA,140279200,CALLE PUBLICA S/N°   COLONIA LA MERCANTIL P/ADELIA MARIA
5134,JOSE DE SAN MARTIN,JOSE DE SAN MARTIN,HUASCHA,ISCHILIN,CÓRDOBA,140281700,CALLE PUBLICA S/N°   HUASCHA P/ OLIVARES DE SAN NICOLAS
5135,JOSE DE SAN MARTIN,JOSE DE SAN MARTIN,COSTA ALEGRE,RIO SEGUNDO,CÓRDOBA,140327200,CALLE PUBLICA S/N    COSTA ALEGRE P/VILLA DEL ROSARIO
5136,JOSE DE SAN MARTIN,JOSE DE SAN MARTIN,LA GILDA,RIO CUARTO,CÓRDOBA,140371800,CALLE PUBLICA S/N°   LA GILDA
5137,JOSE DE SAN MARTIN,JOSE DE SAN MARTIN,LA AGUADA,RIO CUARTO,CÓRDOBA,140376600,CALLE PUBLICA   LA AGUADA
5138,JOSE GABRIEL BROCHERO,JOSE GABRIEL BROCHERO,CASA BLANCA,POCHO,CÓRDOBA,140033900,CAMINO VECINAL   CASA BLANCA
5139,JOSE GABRIEL BROCHERO,JOSE GABRIEL BROCHERO,LAS LAGUNITAS,CALAMUCHITA,CÓRDOBA,140182600,CALLE PUBLICA S/N°   LAS LAGUNITAS P/RIO DE LOS SAUCES
5140,JOSE GABRIEL CONDORCANQUI TUPAC AMARU II,JOSE GABRIEL CONDORCANQUI TUPAC AMARU II,CORDOBA,CAPITAL,CÓRDOBA,140532700,TRINIDAD GUEVARA 3600 AMPLIACION LOS GIGANTES ANEXO B° AMPLIACION LOS GIGANTES ANEXO
5141,JOSE HERNANDEZ,JOSE HERNANDEZ,LAS ACHIRAS,SAN JAVIER,CÓRDOBA,140112100,CALLE PUBLICA S/N°   LAS ACHIRAS
5142,JOSE HERNANDEZ,JOSE HERNANDEZ,COSTA DEL CARMEN,RIO SEGUNDO,CÓRDOBA,140117800,CALLE PUBLICA S/N    COSTA DEL CARMEN P/CAPILLA DEL CARMEN
5143,JOSE HERNANDEZ,JOSE HERNANDEZ,EL RINCON,CRUZ DEL EJE,CÓRDOBA,140255900,CALLE PUBLICA S/N°   EL RINCON P/SAN MARCOS SIERRAS
5144,JOSE HERNANDEZ,JOSE HERNANDEZ,LOS TRONCOS,RIO PRIMERO,CÓRDOBA,140275200,CALLE PUBLICA S/N°   PARAJE LOS TRONCOS P/ PIQUILLIN
5145,JOSE HERNANDEZ,JOSE HERNANDEZ,CAMPO CALLERIO,SAN JUSTO,CÓRDOBA,140360700,CALLE PUBLICA S/N    CAMPO CALLERIO P/ LAS VARILLAS
5146,JOSE INGENIEROS,JOSE INGENIEROS,COLONIA LOS CEIBOS,GENERAL ROCA,CÓRDOBA,140134100,Ruta Provincial N° 4 p/ Buchardo   COLONIA LOS CEIBOS P/HIPOLITO BOUCHARD
5147,JOSE INGENIEROS,JOSE INGENIEROS,RARA FORTUNA,MINAS,CÓRDOBA,140139100,CALLE PUBLICA S/N   RARA FORTUNA
5148,JOSE INGENIEROS,JOSE INGENIEROS,TINTITACO,TOTORAL,CÓRDOBA,140190300,CALLE PUBLICA S/N   TINTITACO P/KILOMETRO 364---A 13 KN DE CAÑADA DE LUQUE POR SOBRE CAMINO QUE VA A LOS MISTOLES
5149,JOSE INGENIEROS,JOSE INGENIEROS,LOS ROMEROS,SAN JAVIER,CÓRDOBA,140219300,CALLE PUBLICA   LOS ROMEROS
5150,JOSE M. ESTRADA,JOSE M ESTRADA,LAS ASTILLAS,TOTORAL,CÓRDOBA,140065700,CALLE PUBLICA S/N    LAS ASTILLAS
5151,JOSE MANUEL ESTRADA,JOSE MANUEL ESTRADA,CAMPO EL POLVORIN,RIO SEGUNDO,CÓRDOBA,140024100,CALLE PUBLICA S/N    CAMPO EL POLVORIN P/ CARRILOBO
5152,JOSE MANUEL ESTRADA,JOSE MANUEL ESTRADA,LA MESILLA,CRUZ DEL EJE,CÓRDOBA,140031100,CALLE PUBLICA S/N°   LA MESILLA P/LA HIGUERA
5153,JOSE MANUEL ESTRADA,JOSE MANUEL ESTRADA,LOS QUEBRACHITOS,POCHO,CÓRDOBA,140053500,CALLE PUBLICA   LOS QUEBRACHITOS
5154,JOSE MANUEL ESTRADA,JOSE MANUEL ESTRADA,QUEBRACHO LADEADO,SAN JAVIER,CÓRDOBA,140090600,CALLE PUBLICA   RUTA PROVINCIAL N 14
5155,JOSE MANUEL ESTRADA,JOSE MANUEL ESTRADA,COLONIA SAN EUGENIO,PRESIDENTE ROQUE SAENZ PEÑA,CÓRDOBA,140143400,CALLE PUBLICA   COLONIA SAN EUGENIO P/GRAL.LEVALLE
5156,JOSE MANUEL ESTRADA,JOSE MANUEL ESTRADA,CAÑA CRUZ,RIO SECO,CÓRDOBA,140208800,CALLE PUBLICA S/N    CAÑA CRUZ P/VILLA DE MARIA DE RIO SECO-RUTA 9 NORTE
5157,JOSE MANUEL ESTRADA,JOSE MANUEL ESTRADA,EL ESPINILLO,CALAMUCHITA,CÓRDOBA,140237100,CALLE PUBLICA   EL ESPINILLO P/LA CRUZ
5158,JOSE MANUEL ESTRADA,JOSE MANUEL ESTRADA,PIEDRAS AMONTONADAS,CRUZ DEL EJE,CÓRDOBA,140371100,CALLE PUBLICA   PIEDRAS AMONTONADAS
5159,JOSE MANUEL ESTRADA,JOSE MANUEL ESTRADA,CAMPO SANTA FLORINDA,MARCOS JUAREZ,CÓRDOBA,140404400,CALLE PUBLICA S/N    CAMPO SANTA FLORINDA
5160,JOSE MANUEL ESTRADA,JOSE MANUEL ESTRADA,ESQUINA,RIO PRIMERO,CÓRDOBA,140414100,MALVINAS ARGENTINAS   ESQUINA
5161,JOSE MARIA PAZ,JOSE MARIA PAZ,LOS ALVAREZ,RIO PRIMERO,CÓRDOBA,140016300,"RUTA PROVINCIAL N° 10    Zona rural, distante 9 km al sur de Villa Santa Rosa"
5162,JOSE MARIA PAZ,JOSE MARIA PAZ,BAJO DE CORRALES,SAN ALBERTO,CÓRDOBA,140051400,CALLE PUBLICA   BAJO DE CORRALES P/ RUTA PROV. Nº15
5163,JOSE MARIA PAZ,JOSE MARIA PAZ,POZO DEL TIGRE,SOBREMONTE,CÓRDOBA,140083500,CALLE PUBLICA S/N    POZO DEL TIGRE P/SAN FRANCISCO DEL CHAÑAR
5164,JOSE MARIA PAZ,JOSE MARIA PAZ,PAVIN,JUAREZ CELMAN,CÓRDOBA,140109100,CALLE PUBLICA S/N    COLONIA PAVIN  P/HUANCHILLA
5165,JOSE MARIA PAZ,JOSE MARIA PAZ,COTAGAITA,SAN JUSTO,CÓRDOBA,140133500,CALLE PUBLICA   COTAGAITA P/BRINKMANN S/RUTA PROV. Nº 17
5166,JOSE MARIA PAZ,JOSE MARIA PAZ,MOGOTES ASPEROS,MINAS,CÓRDOBA,140139400,CALLE PUBLICA   MOGOTES ASPEROS P/OJO DE AGUA
5167,JOSE MARIA PAZ,JOSE MARIA PAZ,CAMPO MARENGO,TERCERO ARRIBA,CÓRDOBA,140144900,CALLE PUBLICA S/N    CAMPO MARENGO P/PAMPAYASTA NORTE
5168,JOSE MARIA PAZ,JOSE MARIA PAZ,NO FIGURA EN TABLA,GENERAL SAN MARTIN,CÓRDOBA,140376700,CALLE PUBLICA S/N   COLONIA MONTE DE LOS LAZOS P/VILLA MARIA
5169,JOSE MARIA PAZ,JOSE MARIA PAZ,CORDOBA,CAPITAL,CÓRDOBA,140517000,MARIANO USANDIVARAS 2250 PATRICIOS B° PATRICIOS(A 100 METROS DE AV. ARTURO CAPDEVILA)
5170,JOSE MARMOL,JOSE MARMOL,ISLA DE SAN ANTONIO,TULUMBA,CÓRDOBA,140068200,CAMINO PROVINCIAL   ISLA DE SAN ANTONIO
5171,JOSE MARMOL,JOSE MARMOL,RIO SECO,CRUZ DEL EJE,CÓRDOBA,140167200,CALLE PUBLICA S/N°   RIO SECO
5172,JOSE MARMOL,JOSE MARMOL,EL PARADOR DE LA MONTAÑA,CALAMUCHITA,CÓRDOBA,140183300,CALLE PUBLICA   EL PARADOR DE LA MONTAÑA
5173,JOSE MARMOL,JOSE MARMOL,SAGRADA FAMILIA,POCHO,CÓRDOBA,140254900,CALLE PUBLICA S/N° (CAMINO VECINAL)   SAGRADA FAMILIA
5174,JOSE MARMOL,JOSE MARMOL,NO FIGURA EN TABLA,MARCOS JUAREZ,CÓRDOBA,140404700,CALLE PUBLICA S/N   COLONIA ISLA VERDE P/ISLA VERDE
5175,JOSE MARTI,JOSE MARTI,LOS POZOS,TULUMBA,CÓRDOBA,140217600,CALLE PUBLICA S/N   LOS POZOS P/SAN JOSE DE LA DORMIDA
5176,JOSE MIÑO,JOSE MIÑO,CAMPO NATA,MARCOS JUAREZ,CÓRDOBA,140218300,CALLE PUBLICA S/N    CAMPO NATA P/ISLA VERDE
5177,JOSE PUJOL (EX NAC. Nº 401),JOSE PUJOL (EX NACIONAL 401),NO FIGURA EN TABLA,MARCOS JUAREZ,CÓRDOBA,140404900,CALLE PUBLICA S/N   ESTANCIA LAS CORTADERAS - COLONIA ISLA VERDE P/ISLA VERDE
5178,JUAN BAUTISTA ALBERDI,JUAN BAUTISTA ALBERDI,JUAN BAUTISTA ALBERDI,SAN ALBERTO,CÓRDOBA,140051100,CALLE PUBLICA   JUAN BAUTISTA ALBERDI
5179,JUAN BAUTISTA ALBERDI,JUAN BAUTISTA ALBERDI,LOS COMETIERRA,TOTORAL,CÓRDOBA,140064600,CALLE PUBLICA S/N    PARAJE LOS COMETIERRA
5180,JUAN BAUTISTA ALBERDI,JUAN BAUTISTA ALBERDI,LOS POTREROS,TERCERO ARRIBA,CÓRDOBA,140209700,CALLE PUBLICA   LOS POTREROS P/RÍO TERCERO
5181,JUAN BAUTISTA ALBERDI,JUAN BAUTISTA ALBERDI,CRUZ DE CAÑA,CRUZ DEL EJE,CÓRDOBA,140253100,CALLE PUBLICA   CRUZ DE CAÑA
5182,JUAN BAUTISTA AZOPARDO,JUAN BAUTISTA AZOPARDO,LAS MASITAS,TULUMBA,CÓRDOBA,140408600,CALLE PUBLICA S/N    LAS MASITAS OESTE P/LAS ARRIAS
5183,JUAN BAUTISTA BUSTOS,JUAN BAUTISTA BUSTOS,COLONIA NUEVA FRANCIA,SAN JUSTO,CÓRDOBA,140149600,CALLE PUBLICA   COLONIA NUEVA FRANCIA
5184,JUAN BAUTISTA CABRAL,JUAN BAUTISTA CABRAL,SAN CLEMENTE,SANTA MARIA,CÓRDOBA,140107300,CALLE PUBLICA S/N   SAN CLEMENTE
5185,JUAN BAUTISTA CABRAL,JUAN BAUTISTA CABRAL,CAMPO MINETTI,RIO SEGUNDO,CÓRDOBA,140325800,CALLE PUBLICA S/N°   CAMPO MINETTI P/CALCHIN
5186,JUAN BIALET MASSE,JUAN BIALET MASSE,CAMPO ANCHORENA,JUAREZ CELMAN,CÓRDOBA,140170600,CALLE PUBLICA S/N°   CAMPO ANCHORENA . P/UCACHA
5187,JUAN ENRIQUE PESTALOZZI,JUAN ENRIQUE PESTALOZZI,CAMPO LOS PORTEÑOS,SAN JUSTO,CÓRDOBA,140191500,CALLE PUBLICA S/N    CAMPO LOS PORTEÑOS P/LA FRANCIA
5188,JUAN GREGORIO DE LAS HERAS,JUAN GREGORIO DE LAS HERAS,PACHANGO,SAN ALBERTO,CÓRDOBA,140051300,CALLE PUBLICA   PACHANGO
5189,JUAN IGNACIO GORRITI,JUAN IGNACIO GORRITI,EL DURAZNAL,CRUZ DEL EJE,CÓRDOBA,140383100,CALLE PUBLICA S/N   EL DURAZNAL P/LA BATEA
5190,JUAN JOSE CASTELLI,JUAN JOSE CASTELLI,LAS AVERIAS,RIO PRIMERO,CÓRDOBA,140185300,CALLE PUBLICA S/N    PARAJE LAS AVERIAS
5191,JUAN JOSE CASTELLI,JUAN JOSE CASTELLI,TALAINI,MINAS,CÓRDOBA,140375100,CALLE PUBLICA   TALAINI P/SAN CARLOS MINAS
5192,JUAN JOSE PASO,JUAN JOSE PASO,FALDA DEL CAÑETE,SANTA MARIA,CÓRDOBA,140014600,RUTA PROVINCIAL C45   FALDA DEL CAÑETE P/ MALAGUE?
5193,JUAN JOSE PASO,JUAN JOSE PASO,LA ARABIA,SANTA MARIA,CÓRDOBA,140105700,CALLE PUBLICA   CNO.A CAPILLA DE LOS REMEDIOS P/TOLEDO (KM 20)
5194,JUAN JOSE PASO,JUAN JOSE PASO,COLONIA NUEVA SAMPACHO,RIO CUARTO,CÓRDOBA,140113500,CALLE PUBLICA   COLONIA NUEVA SAMPACHO P/SAMPACHO
5195,JUAN JOSE PASO,JUAN JOSE PASO,ARROYO DE ALVAREZ NRO 2,RIO SEGUNDO,CÓRDOBA,140116000,CALLE PUBLICA S/N    ARROYO DE ALVAREZ N°2 P/ESTACION CALCHIN
5196,JUAN JOSE PASO,JUAN JOSE PASO,EL MANANTIAL,SAN JAVIER,CÓRDOBA,140157000,RUTA NACIONAL NACIONAL 148   EL MANANTIAL
5197,JUAN JOSE PASO,JUAN JOSE PASO,CAMPO 25 DE MAYO,SAN JUSTO,CÓRDOBA,140360600,CALLE PUBLICA S/N    CAMPO 25 DE MAYO P/LAS VARILLAS
5198,JUAN JOSE PASO,JUAN JOSE PASO,LOS CHARCOS,CRUZ DEL EJE,CÓRDOBA,140383400,CALLE PUBLICA   LOS CHARCOS
5199,JUAN LARREA,JUAN LARREA,BELLA VISTA,CRUZ DEL EJE,CÓRDOBA,140029900,CALLE PUBLICA S/N°   BELLA VISTA (CNO. VECINAL) P/VILLA DE SOTO
5200,JUAN LAVALLE,JUAN LAVALLE,CAMPO LA CHANTADA,JUAREZ CELMAN,CÓRDOBA,140101500,PUBLICA S/N°   CAMPO LA CHANTADA P/UCACHA
5201,JUAN MANTOVANI,JUAN MANTOVANI,ALTO DE LOS QUEBRACHOS,CRUZ DEL EJE,CÓRDOBA,140196900,TUCUMAN 170  ALTO DE LOS QUEBRACHOS P/RUTA PROV. A 75
5202,JUAN MARIA GUTIERREZ,JUAN MARIA GUTIERREZ,CAMPO BAUDILLO,SAN JUSTO,CÓRDOBA,140151600,CALLE PUBLICA S/N    CAMPO BAUDILIO P/S.M.LASPIUR
5203,JUAN MARTIN DE PUEYRREDON,JUAN MARTIN DE PUEYRREDON,SALGUERO,PRESIDENTE ROQUE SAENZ PEÑA,CÓRDOBA,140085300,CALLE PUBLICA S/N°   SALGUERO
5204,JUAN MARTIN RECALDE,JUAN MARTIN RECALDE,PALOMA POZO,CRUZ DEL EJE,CÓRDOBA,140035300,RUTA NACIONAL Nº 38 KM 882   PALOMA POZO
5205,JUAN PASCUAL PRINGLES,JUAN PASCUAL PRINGLES,CAPILLA VIEJA,CALAMUCHITA,CÓRDOBA,140006200,CALLE PUBLICA S/N°   CAPILLA VIEJA (RESID. DEL I.O.S.E.)
5206,JUAN PASCUAL PRINGLES,JUAN PASCUAL PRINGLES,EL VOLCAN,SAN ALBERTO,CÓRDOBA,140270400,CALLE PUBLICA S/N°   EL VOLCAN P/AMBUL
5207,JUAN XXIII,JUAN XXIII,COLONIA EL DORADO,UNION,CÓRDOBA,140052400,CALLE PUBLICA S/N   COLONIA EL DORADO
5208,JUAN XXIII,JUAN XXIII,COLONIA LAS PALMERAS,SAN JUSTO,CÓRDOBA,140099500,CALLE PUBLICA S/N   COLONIA LAS PALMERAS P/ ALICIA
5209,JUAN XXIII,JUAN XXIII,LA BARRANCA,RIO SECO,CÓRDOBA,140209000,CALLE PUBLICA S/N    LA BARRANCA P/RUTA NAC.N° 9-KM.909 NORTE
5210,JUANA AZURDUY DE PADILLA,JUANA AZURDUY DE PADILLA,LOS PATAYES,CRUZ DEL EJE,CÓRDOBA,140036300,CALLE PUBLICA S/N°   LOS PATAYES P/CNO. A MOLINARI
5211,JUANA AZURDUY DE PADILLA,JUANA AZURDUY DE PADILLA,BAÑADO DE PAJA,SAN ALBERTO,CÓRDOBA,140037800,CALLE PUBLICA S/N   BAÑADO DE PAJA
5212,JUANA AZURDUY DE PADILLA,JUANA AZURDUY DE PADILLA,COLONIA LA TRINCHERA,SAN JUSTO,CÓRDOBA,140206600,CALLE PUBLICA S/N°   COLONIA LA TRINCHERA P/BALNEARIA
5213,JUANA AZURDUY DE PADILLA,JUANA AZURDUY DE PADILLA,LABORDE,UNION,CÓRDOBA,140390200,PUBLICA S/N   COLONIA LABORDE P/LABORDE
5214,JUANA MANSO (EX NAC.Nº460),JUANA MANSO (EX NACIONAL 460),VILLA SANTA RITA,CALAMUCHITA,CÓRDOBA,140079900,CALLE PUBLICA S/N°   VILLA SANTA RITA P/SAN AGUSTIN
5215,JUANA MANUELA GORRITI,JUANA MANUELA GORRITI,ORATORIO DE PERALTA,RIO SEGUNDO,CÓRDOBA,140164500,CALLE PUBLICA S/N°   ORATORIO DE PERALTA P/SANTIAGO TEMPLE
5216,JULIAN ROGELIO BRACAMONTE,JULIAN ROGELIO BRACAMONTE,SAN BERNARDO,ISCHILIN,CÓRDOBA,140081200,CALLE PUBLICA S/N    SAN BERNARDO P/VILLA COLIMBA A DEAN FUNES
5217,JULIO ARGENTINO ROCA,JULIO ARGENTINO ROCA,CAMPO COSTA,UNION,CÓRDOBA,140148200,CALLE PUBLICA S/N    CAMPO COSTA P/CANALS
5218,JULIO GONZALEZ,JULIO GONZALEZ,CORDOBA,CAPITAL,CÓRDOBA,140361300,EL CRESPIN  3747 GENERAL ARENALES B° GENERAL ARENALES
5219,JUSTA MONTENEGRO DE PATIÑO,JUSTA MONTENEGRO DE PATIÑO,LA PENCA,RIO SECO,CÓRDOBA,140418800,CALLE PUBLICA S/N°   LA PENCA P/ RUTA 9 KM 909
5220,JUSTO JOSE DE URQUIZA,JUSTO JOSE DE URQUIZA,COSME SUR,SANTA MARIA,CÓRDOBA,140004400,CALLE PUBLICA S/N   COSME SUD N 3 POR CAMINO 60 CUADRAS. POR PILAR POR DESP.
5221,JUSTO JOSE DE URQUIZA,JUSTO JOSE DE URQUIZA,COSTA DEL TAMBO,RIO CUARTO,CÓRDOBA,140199200,CALLE PUBLICA S/N°   COSTA DEL TAMBO P/VILLA EL CHACAY
5222,JUSTO VIRGILIO RECLA,JUSTO VIRGILIO RECLA,LA CANTERA,ISCHILIN,CÓRDOBA,140080300,CALLE PUBLICA S/N°   LAS CANTERAS P/LOS POZOS
5223,KUMELEN,KUMELEN,CORDOBA,CAPITAL,CÓRDOBA,140535300,RONDEAU 798 NUEVA CORDOBA B°NUEVA CORDOBA
5224,KUMELEN ESCUELA,KUMELEN ESCUELA,CORDOBA,CAPITAL,CÓRDOBA,140546000,CALLEJON ARIAS S/N°  SAN CARLOS B° SAN CARLOS (CNO. SAN CARLOS KM 8 1/2- 400 MTS. A LA DERECHA)
5225,KUMELEN ESCUELA SAN CARLOS,KUMELEN ESCUELA SAN CARLOS,CORDOBA,CAPITAL,CÓRDOBA,140566200,CALLEJON ARIAS S/N°  SAN CARLOS B° SAN CARLOS (CNO. SAN CARLOS KM 8 1/2)
5226,KUMELEN SAN CARLOS,KUMELEN SAN CARLOS,CORDOBA,CAPITAL,CÓRDOBA,140563900,CALLEJON ARIAS S/N  SAN CARLOS B° SAN CARLOS(CNO A SAN CARLOS KM8 1/2)
5227,LA SANTISIMA TRINIDAD,LA SANTISIMA TRINIDAD,HERNANDO,TERCERO ARRIBA,CÓRDOBA,140438800,COLON 108 CENTRO HERNANDO - FRENTE A LA PLAZA
5228,LEANDRO N. ALEM,LEANDRO N ALEM,LOS VALLECITOS,CALAMUCHITA,CÓRDOBA,140012500,PUBLICA S/N   PARAJE LOS VALLECITOS P/LA CRUZ( A LUTTI + 25 KM)
5229,LEANDRO N. ALEM,LEANDRO N ALEM,COLONIA MAUNIER SUR,SAN JUSTO,CÓRDOBA,140132600,CALLE PUBLICA S/N    COLONIA MAUNIER SUR
5230,LEON PALLIERE,LEON PALLIERE,SIERRA DE PAREDES,MINAS,CÓRDOBA,140163300,CALLE PUBLICA S/N   SIERRA DE PAREDES P/SAN CARLOS MINAS
5231,LEOPOLDO DIAZ,LEOPOLDO DIAZ,LA ESTANCIA,RIO SECO,CÓRDOBA,140418700,CALLE PUBLICA S/N   LA ESTANCIA
5232,LEOPOLDO LUGONES,LEOPOLDO LUGONES,LAS JARILLAS,POCHO,CÓRDOBA,140053300,CALLE PUBLICA S/N   LAS JARILLAS
5233,LEOPOLDO LUGONES,LEOPOLDO LUGONES,LA REPRESA,RIO SEGUNDO,CÓRDOBA,140165200,CALLE PUBLICA S/N°   LA REPRESA P/LOS CHAÑARITOS
5234,LEOPOLDO LUGONES,LEOPOLDO LUGONES,LAS ENSENADAS,RIO CUARTO,CÓRDOBA,140168300,CALLE PUBLICA S/N°   LAS ENSENADAS P/RUTA 35 KM 695
5235,LEOPOLDO LUGONES,LEOPOLDO LUGONES,LUTTI,CALAMUCHITA,CÓRDOBA,140237300,CALLE PUBLICA S/N   LUTTI P/LA CRUZ
5236,LEOPOLDO LUGONES,LEOPOLDO LUGONES,COLONIA LA LOLA,UNION,CÓRDOBA,140273400,CALLE PUBLICA S/N   COLONIA LA LOLA P/ALDEA SANTA MARIA
5237,LEOPOLDO LUGONES,LEOPOLDO LUGONES,COLONIA ADELA,RIO SEGUNDO,CÓRDOBA,140325900,CALLE PUBLICA S/N    COLONIA ADELA P/EST. CALCHIN
5238,LEOPOLDO LUGONES,LEOPOLDO LUGONES,AGUA HEDIONDA,TULUMBA,CÓRDOBA,140370000,CALLE PUBLICA   AGUA HEDIONDA
5239,LEOPOLDO LUGONES,LEOPOLDO LUGONES,LOS ESCALONES,CRUZ DEL EJE,CÓRDOBA,140383500,CALLE PUBLICA S/N°   LOS ESCALONES
5240,LEOPOLDO LUGONES,LEOPOLDO LUGONES,CANDELARIA NORTE,RIO SECO,CÓRDOBA,140394500,SANTIAGO DEL ESTERO (S/N)   CANDELARIA NORTE
5241,LIBERTAD,LIBERTAD,COLONIA SANTA RITA,GENERAL SAN MARTIN,CÓRDOBA,140086600,CALLE PUBLICA S/N    COLONIA SANTA RITA POR TIO PUJIO
5242,LIBERTADOR GRAL. SAN MARTIN,LIBERTADOR GENERAL SAN MARTIN,BARRANCA COLORADA,RIO PRIMERO,CÓRDOBA,140275400,CALLE PUBLICA S/N°   BARRANCA COLORADA
5243,LIBERTADOR JORGE WASHINGTON,LIBERTADOR JORGE WASHINGTON,COLONIA MAUNIER NORTE,SAN JUSTO,CÓRDOBA,140132500,CALLE PUBLICA S/N°  ZONA RURAL COLONIA MAUNIER NORTE P/MORTEROS
5244,LIBERTADOR SAN MARTIN,LIBERTADOR SAN MARTIN,LOS POZOS,ISCHILIN,CÓRDOBA,140081000,CALLE PUBLICA   LOS POZOS
5245,LIBERTADOR SIMON BOLIVAR,LIBERTADOR SIMON BOLIVAR,COLONIA GORHS,SAN JUSTO,CÓRDOBA,140025000,CALLE PUBLICA S/Nº   COLONIA GORCHS P/PORTEÑA
5246,LICEO MILITAR GENERAL PAZ,LICEO MILITAR GENERAL PAZ,CORDOBA,CAPITAL,CÓRDOBA,149000200,AV. JUAN B. JUSTO 5858 PARQUE LICEO 1RA. SECCION B° PARQUE LICEO 1RA. SECCION
5247,LORENZO SUAREZ DE FIGUEROA,LORENZO SUAREZ DE FIGUEROA,NO FIGURA EN TABLA,GENERAL SAN MARTIN,CÓRDOBA,140131900,CALLE PUBLICA   CAMPO LA EMILIA P/VILLA NUEVA
5248,LOS SAGRADOS CORAZONES,LOS SAGRADOS CORAZONES,VILLA HUIDOBRO,GENERAL ROCA,CÓRDOBA,140567600,SANTA MARIA JOSEFA ROSSELLO 250 CENTRO VILLA HUIDOBRO
5249,LUCILA QUEVEDO GATICA DE ROQUE,LUCILA QUEVEDO GATICA DE ROQUE,EL HUAYCO,SAN ALBERTO,CÓRDOBA,140419200,CALLE PUBLICA   EL HUAYCO
5250,LUCIO CORREA MORALES,LUCIO CORREA MORALES,PUESTO DE CEJAS,TULUMBA,CÓRDOBA,140133900,CALLE PUBLICA S/N    PUESTO DE CEJASO P/ S.JOSE DE LA DORMIDA
5251,LUCIO V. MANSILLA,LUCIO V MANSILLA,COLONIA ORCAVI,RIO CUARTO,CÓRDOBA,140059500,CALLE PUBLICA   COLONIA ORCOVI-P/SAN BASILIO
5252,LUCIO VICTORIO MANSILLA,LUCIO VICTORIO MANSILLA,CAMPO LA ADELA,GENERAL ROCA,CÓRDOBA,140134400,CALLE PUBLICA S/N°   CAMPO LA ADELA P/BUCHARDO
5253,LUIS BRAILE,LUIS BRAILE,COLONIA ITURRASPE,SAN JUSTO,CÓRDOBA,140028500,CALLE PUBLICA S/N    COLONIA ITURRASPE(O) P/FREYRE
5254,LUIS DE TEJEDA,LUIS DE TEJEDA,LOMA DE LOS INDIOS,SAN JUSTO,CÓRDOBA,140207100,CALLE PUBLICA   COLONIA LOMA DE LOS INDIOS P/BALNEARIA
5255,LUIS GORJON ALVAREZ,LUIS GORJON ALVAREZ,RODEITO,SOBREMONTE,CÓRDOBA,140402900,CALLE PUBLICA   EL RODEITO POR SAN FRANCISCO DEL CHAÑAR
5256,LUIS MARIA CAMPOS,LUIS MARIA CAMPOS,COLONIA LA VERDE,UNION,CÓRDOBA,140276400,CALLE PUBLICA S/N   COLONIA LA VERDE
5257,LUIS MARIA DRAGO,LUIS MARIA DRAGO,COLONIA SANTA RITA,SAN JUSTO,CÓRDOBA,140028600,CALLE PUBLICA S/N    COLONIA SANTA RITA
5258,LUIS PASTEUR,LUIS PASTEUR,COLONIA LAVARELLO,SAN JUSTO,CÓRDOBA,140025600,CALLE PUBLICA   COLONIA LAVARELLO P/PORTEÑA
5259,LUIS PASTEUR,LUIS PASTEUR,SALSACATE,POCHO,CÓRDOBA,140034100,CALLE PUBLICA   CUCHIYACO P/SALSACATE
5260,LUIS PASTEUR,LUIS PASTEUR,LAS ABRAS,CRUZ DEL EJE,CÓRDOBA,140166700,CALLE PUBLICA   LAS ABRAS P/SERREZUELA
5261,LUIS PIEDRABUENA,LUIS PIEDRABUENA,COLONIA GARIBALDI,MARCOS JUAREZ,CÓRDOBA,140103500,CALLE PUBLICA S/N   COLONIA GARIBALDI P/GRAL.ROCA
5262,LUIS RAVERA,LUIS RAVERA,CAMPO SAN JUAN,JUAREZ CELMAN,CÓRDOBA,140312300,CALLE PUBLICA S/N°   CAMPO SAN JUAN P/UCACHA
5263,LUZ VIEIRA MENDEZ,LUZ VIEIRA MENDEZ,SANTO DOMINGO,CRUZ DEL EJE,CÓRDOBA,140197400,RUTA PROV A75   SANTO DOMINGO P/RUTA PCIAL N° 75
5264,LUZ VIEIRA MENDEZ,LUZ VIEIRA MENDEZ,CORDOBA,CAPITAL,CÓRDOBA,140345400,AVIADOR KINGSLEY 1500 RESIDENCIAL SAN ROQUE
5265,LUZ VIEIRA MENDEZ ANEXO B° CUPANI,LUZ VIEIRA MENDEZ ANEXO B CUPANI,CORDOBA,CAPITAL,CÓRDOBA,140345403,ISSAC ALBENIZ  1452 CUPANI B° CUPANI
5266,LUZ VIEIRA MENDEZ ANEXO CPC RUTA 20,LUZ VIEIRA MENDEZ ANEXO CPC RUTA 20,CORDOBA,CAPITAL,CÓRDOBA,140345404,AV. FUERZA AEREA  4000 VILLA ADELA B° VILLA ADELA
5267,LUZ VIEIRA MENDEZ ANEXO VILLA LA TELA,LUZ VIEIRA MENDEZ ANEXO VILLA LA TELA,CORDOBA,CAPITAL,CÓRDOBA,140345402,AVIADOR ALMOMACID ZAAR  VILLA LA TELA B° VILLA LA TELA
5268,MAESTRO ANICETO DE LA VEGA,MAESTRO ANICETO DE LA VEGA,QUEBRACHO SOLO,SAN ALBERTO,CÓRDOBA,140038300,CALLE PUBLICA S/N   QUEBRACHO SOLO
5269,MAESTRO EDELMIRO B. MAIDANA,MAESTRO EDELMIRO B MAIDANA,MOLINARI (COSQUIN),PUNILLA,CÓRDOBA,140076400,Ruta Nacional 38 km 40  SAN JORGE MOLINARI
5270,MAESTRO MANUEL GREGORIO OLIVA,MAESTRO MANUEL GREGORIO OLIVA,CORDOBA,CAPITAL,CÓRDOBA,140241100,TOMASSINI ESQ. REVELLO 6951 MERCANTIL B° MERCANTIL
5271,MAIPU,MAIPU,COLONIA GENERAL DEHEZA,SAN JUSTO,CÓRDOBA,140114500,CALLE PUBLICA S/N°   CNIA. GRAL DEHEZA P/SACANTA
5272,MALVINAS ARGENTINAS,MALVINAS ARGENTINAS,LA LAGUNILLA,RIO SEGUNDO,CÓRDOBA,140082500,CALLE PUBLICA S/N    LAGUNILLA P/PILAR
5273,MANUEL ALBERTI,MANUEL ALBERTI,EL SALTO,SAN JAVIER,CÓRDOBA,140156800,CALLE PUBLICA   EL SALTO
5274,MANUEL BELGRANO,MANUEL BELGRANO,TRES POZOS SUD,SANTA MARIA,CÓRDOBA,140004500,CALLE PUBLICA   TRES POZOS SUD P/PILAR
5275,MANUEL BELGRANO,MANUEL BELGRANO,CAMPO LOS TRES ARBOLES,RIO SEGUNDO,CÓRDOBA,140019500,CALLE PUBLICA   CAMPO LOS TRES ARBOLES P/ LAGUNA LARGA
5276,MANUEL BELGRANO,MANUEL BELGRANO,PIEDRA BLANCAS,CRUZ DEL EJE,CÓRDOBA,140031600,CALLE PUBLICA S/N°   PIEDRAS BLANCAS -CNO VECINAL P/LA HIGUERA
5277,MANUEL BELGRANO,MANUEL BELGRANO,CAMPO MARTOLINO,RIO SEGUNDO,CÓRDOBA,140032400,CALLE PUBLICA S/N    CAMPO MARTOLINO P/COLAZO
5278,MANUEL BELGRANO,MANUEL BELGRANO,TALA CAÑADA,POCHO,CÓRDOBA,140034000,CALLE PUBLICA   TALA CAÑADA P/RUTA PROV. N° 28
5279,MANUEL BELGRANO,MANUEL BELGRANO,NINTE,TOTORAL,CÓRDOBA,140065000,CALLE PUBLICA S/N°   PARAJE NINTES DE CANDELARIA SUD
5280,MANUEL BELGRANO,MANUEL BELGRANO,PACHECO DE MELO,JUAREZ CELMAN,CÓRDOBA,140108700,12 DE OCTUBRE S/N   PACHECO DE MELO
5281,MANUEL BELGRANO,MANUEL BELGRANO,COLONIA MARIA ANGELINA,JUAREZ CELMAN,CÓRDOBA,140170700,CALLE PUBLICA S/N°   COLONIA MARIA ANGELINA P/BENGOLEA
5282,MANUEL BELGRANO,MANUEL BELGRANO,COLONIA EL ACEQUION,UNION,CÓRDOBA,140172300,CALLE PUBLICA S/N    COLONIA EL ACEQUION
5283,MANUEL BELGRANO,MANUEL BELGRANO,PLAZA DE MERCEDES,RIO PRIMERO,CÓRDOBA,140185100,CHACON DE CUESTAS   PLAZA DE MERCEDES
5284,MANUEL BELGRANO,MANUEL BELGRANO,ATOS PAMPA,CALAMUCHITA,CÓRDOBA,140231800,CALLE PUBLICA S/N°  ZONA RURAL ATOS PAMPA - A 17 KM DE VILLA ALPINA Y 18 KM DE VILLA GRAL. BELGRANO
5285,MANUEL BELGRANO,MANUEL BELGRANO,POZO DEL TIGRE,COLON,CÓRDOBA,140311100,CALLE PUBLICA   POZO DEL TIGRE
5286,MANUEL BELGRANO,MANUEL BELGRANO,CAMPO EL ZORRO,MARCOS JUAREZ,CÓRDOBA,140399900,CALLE PUBLICA S/N    CAMPO EL ZORRO P/ARIAS
5287,MANUEL BELGRANO,MANUEL BELGRANO,DIQUE MEDINA ALLENDE,SAN JAVIER,CÓRDOBA,140405600,CALLE PUBLICA S/N   DIQUE MEDINA ALLENDE P/ VILLA DE LAS ROSAS
5288,MANUEL BELGRANO C/ALBERGUE ANEXO,MANUEL BELGRANO C/ALBERGUE ANEXO,LECUEDER,GENERAL ROCA,CÓRDOBA,140134600,CALLE PUBLICA S/N°   LECUEDER P/VILLA VALERIA
5289,MANUEL DORREGO,MANUEL DORREGO,LA CAÑADA,TULUMBA,CÓRDOBA,140320500,CALLE PUBLICA   LA CAÑADA
5290,MANUEL LUCERO,MANUEL LUCERO,EL ABRA,CRUZ DEL EJE,CÓRDOBA,140194300,CALLE PUBLICA   EL ABRA P/CNO. VECINAL
5291,MANUEL LUCERO,MANUEL LUCERO,GUANACO BOLEADO,SAN JAVIER,CÓRDOBA,140219800,CALLE PUBLICA S/N   GUANACO BOLEADO P/LUYABA
5292,MARCOS SASTRE,MARCOS SASTRE,VILLA LOS PATOS,UNION,CÓRDOBA,140056500,CALLE PUBLICA S/N    VILLA LOS PATOS
5293,MARIA ELENA WALSH,MARIA ELENA WALSH,VILLA ALLENDE,COLON,CÓRDOBA,140531900,JUARES CELMAN 848 INDUSTRIAL VILLA ALLENDE
5294,MARIA ELENA WALSH,MARIA ELENA WALSH,VILLA CARLOS PAZ,PUNILLA,CÓRDOBA,140539300,VALLE DE LAS CUEVAS S/N°  ALTOS DEL VALLE VILLA CARLOS PAZ
5295,MARIA EVA BARIZONE,MARIA EVA BARIZONE,CAMPO GRANDE,RIO SECO,CÓRDOBA,140118400,CALLE PUBLICA S/N    CAMPO GRANDE P/SEBASTIAN EL CANO
5296,MARIA TERESA CAMPAZZO,MARIA TERESA CAMPAZZO,RIO DE LAS MANZANA,ISCHILIN,CÓRDOBA,140295600,CALLE PUBLICA   RIO DE LAS MANZANAS P/VILLA GUTIERREZ
5297,MARIANO FRAGUEIRO,MARIANO FRAGUEIRO,CORDOBA,CAPITAL,CÓRDOBA,140560700,ENTRE RIOS 3373 SAN VICENTE B° SAN VICENTE
5298,MARIANO MORENO,MARIANO MORENO,PUNTA DEL ARROYO,RIO PRIMERO,CÓRDOBA,140009800,SARMIENTO 305 MARIANO FRAGUEIRO PUNTA DEL ARROYO P/RIO PRIMERO
5299,MARIANO MORENO,MARIANO MORENO,CAMPO LA ROSA,TERCERO ARRIBA,CÓRDOBA,140037100,CALLE PUBLICA S/N    CAMPO LA ROSA -MUNICIPIO LAS PERDICES
5300,MARIANO MORENO,MARIANO MORENO,SAN JORGE,TOTORAL,CÓRDOBA,140066200,CALLE PUBLICA   SAN JORGE
5301,MARIANO MORENO,MARIANO MORENO,LA BARRANQUITA,RIO CUARTO,CÓRDOBA,140113700,CALLE PUBLICA S/N    LA BARRANQUITA
5302,MARIANO MORENO,MARIANO MORENO,COLONIA MILESSI,SAN JUSTO,CÓRDOBA,140133400,CALLE PUBLICA S/N°   COLONIA MILESSI P/BRINKMANN
5303,MARIANO MORENO,MARIANO MORENO,GRANJA LA MARGARITA,GENERAL SAN MARTIN,CÓRDOBA,140178700,CALLE PUBLICA   PARAJE GRANJA LA MARGARITA P/JAMES CRAIK
5304,MARIANO MORENO,MARIANO MORENO,NO FIGURA EN TABLA,GENERAL SAN MARTIN,CÓRDOBA,140182200,CALLE PUBLICA S/N   COLONIA SANTA ROSA P/ARROYO ALGODON
5305,MARIANO MORENO,MARIANO MORENO,COLONIA DOLORES,JUAREZ CELMAN,CÓRDOBA,140195200,CALLE PUBLICA S/N    COLONIA DOLORES P/GENERAL DEHEZA
5306,MARIANO MORENO,MARIANO MORENO,COLONIA LA FLORIDA,JUAREZ CELMAN,CÓRDOBA,140196000,CALLE PUBLICA S/N°   COLONIA LA FLORIDA P/GRAL.DEHEZA
5307,MARIANO MORENO,MARIANO MORENO,EL GUANACO,RIO SECO,CÓRDOBA,140208300,CALLE PUBLICA S/N°   EL GUANACO P/VILLA CANDELARIA NORTE
5308,MARIANO MORENO,MARIANO MORENO,CHUÑA HUASI,SOBREMONTE,CÓRDOBA,140216300,CALLE PUBLICA   CHUÑA HUASI
5309,MARIANO MORENO,MARIANO MORENO,CAMPO BATTISTON,TERCERO ARRIBA,CÓRDOBA,140423200,CALLE PUBLICA S/N°   CAMPO BATTISTON (P/JAMES CRAIK)
5310,MARIANO MORENO,MARIANO MORENO,OLMOS,JUAREZ CELMAN,CÓRDOBA,140528000,CALLE PUBLICA S/N°   PARAJE OLMOS
5311,MARIANO MORENO (Ex Nacional 152),MARIANO MORENO (Ex Nacional 152),ONGAMIRA,ISCHILIN,CÓRDOBA,140539900,CALLE PUBLICA   ONGAMIRA
5312,MARIANO NECOCHEA,MARIANO NECOCHEA,MONTE LEÑA,UNION,CÓRDOBA,140373300,CALLE PUBLICA S/N   MONTE LEÑA - A 16KM AL NORTE DE SAN MARCOS SUD
5313,MARINA MARGARITA RAVIOLI,MARINA MARGARITA RAVIOLI,CORDOBA,CAPITAL,CÓRDOBA,140538700,ONOFRIO PALAMARA 2800 CERVECEROS B° CERVECEROS
5314,MARIO REMORINO,MARIO REMORINO,LA CORTADERA,SAN ALBERTO,CÓRDOBA,140268000,CALLE PUBLICA S/N°   LA CORTADERA
5315,MARTIN AVELINO PIÑERO,MARTIN AVELINO PIÑERO,NEGRO HUASI,CRUZ DEL EJE,CÓRDOBA,140031500,CALLE PUBLICA   NEGRO HUASI P/CAMINO PRIVADO A VILLA DE SOTO
5316,MARTIN AVELINO PIÑERO,MARTIN AVELINO PIÑERO,COLONIA BEIRO NORTE,SAN JUSTO,CÓRDOBA,140132900,CALLE PUBLICA S/N   COLONIA BEIRO NORTE  P/MORTEROS
5317,MARTIN FIERRO,MARTIN FIERRO,CAMPO EL CABURE,GENERAL SAN MARTIN,CÓRDOBA,140086900,CALLE PUBLICA S/N    CAMPO EL CABURE P/JAMES CRAIK
5318,MARTIN GUEMES,MARTIN GUEMES,PARQUE CALMAYO,CALAMUCHITA,CÓRDOBA,140079800,CALLE PUBLICA S/N   PARQUE CALMAYO P/SAN AGUSTIN
5319,MARTIN GUEMES,MARTIN GUEMES,POZO DEL ÑATO,CRUZ DEL EJE,CÓRDOBA,140192700,CALLE PUBLICA S/N°   POZO DEL ÑATO
5320,MARTIN GUEMES,MARTIN GUEMES,COLONIA VEINTICINCO,MARCOS JUAREZ,CÓRDOBA,140314100,CALLE PUBLICA S/N°  ZONA RURAL COLONIA VEINTICINCO P/LOS SURGENTES
5321,MARTIN GUEMES,MARTIN GUEMES,EL TUSCAL,TULUMBA,CÓRDOBA,140369900,ZONA RURAL   EL TUSCAL P/LUCIO V. MANSILLA
5322,MARTIN MIGUEL DE GUEMES,MARTIN MIGUEL DE GUEMES,SOCONCHO,CALAMUCHITA,CÓRDOBA,140119700,CALLE PUBLICA   SOCONCHO
5323,MARTIN MIGUEL DE GUEMES,MARTIN MIGUEL DE GUEMES,OJO DE AGUA,MINAS,CÓRDOBA,140138800,CALLE PUBLICA   OJO DE AGUA
5324,MARTINIANO FREITES,MARTINIANO FREITES,CAPILLA DE SAN ANTONIO,SAN JUSTO,CÓRDOBA,140360500,CALLE PUBLICA S/N    CAPILLA DE SAN ANTONIO P/EL TIO
5325,MIGUEL CANE,MIGUEL CANE,LA RINCONADA,RIO SECO,CÓRDOBA,140207700,CALLE PUBLICA S/N°   LA RINCONADA OESTE
5326,MIGUEL DE AZCUENAGA,MIGUEL DE AZCUENAGA,RUMI YACO,MINAS,CÓRDOBA,140139300,CALLE PUBLICA   RUMIYACO
5327,MIGUEL DE AZCUENAGA,MIGUEL DE AZCUENAGA,LA CONCEPCION,CRUZ DEL EJE,CÓRDOBA,140194500,CALLE PUBLICA   LA CONCEPCION
5328,MIGUEL DE AZCUENAGA,MIGUEL DE AZCUENAGA,SAN MIGUEL,SOBREMONTE,CÓRDOBA,140402700,CALLE PUBLICA   SAN MIGUEL P/SAN FRANCISCO DEL CHAÑAR
5329,MIGUEL DE CERVANTES SAAVEDRA,MIGUEL DE CERVANTES SAAVEDRA,LOS MORTERITOS,SAN ALBERTO,CÓRDOBA,140270300,CALLE PUBLICA S/N   LOS MORTERITOS P/VILLA CURA BROCHERO
5330,MIGUEL JUAREZ CELMAN,MIGUEL JUAREZ CELMAN,NO FIGURA EN TABLA,MARCOS JUAREZ,CÓRDOBA,140104000,CALLE PUBLICA S/N   COLONIA MIGUEL JUAREZ CELMAN P/LOS SURGENTES
5331,MIGUEL MARTIN DE GUEMES,MIGUEL MARTIN DE GUEMES,COLONIA LA NUEVA,RIO CUARTO,CÓRDOBA,140112900,RUTA PCIAL N° 30 KM. 42   PARAJE 4 VIENTOS
5332,MODESTO MARANZANA MARCHETTI,MODESTO MARANZANA MARCHETTI,EL VENCE,TULUMBA,CÓRDOBA,140047800,CALLE PUBLICA   EL VENCE  P/SAN JOSE DE LA DORMIDA - RUTA PROV. N?16
5333,MONICA BUSTAMANTE DE GIGENA,MONICA BUSTAMANTE DE GIGENA,EST. TEJEDA,COLON,CÓRDOBA,140011000,CALLE PUBLICA S/N    ESTACION TEJEDA
5334,MONSEÑOR JOSE MARIA DAVILA,MONSEÑOR JOSE MARIA DAVILA,BOCA DEL RIO,RIO PRIMERO,CÓRDOBA,140186100,CALLE PUBLICA S/N    BOCA DEL RIO
5335,MUJER HEROICA CARMEN LEDESMA,MUJER HEROICA CARMEN LEDESMA,SAN ERNESTO,RIO CUARTO,CÓRDOBA,140280100,CALLE PUBLICA S/N°   CAMPO SAN ERNESTO P/SAN BASILIO
5336,MUTUALISMO ARGENTINO,MUTUALISMO ARGENTINO,CORDOBA,CAPITAL,CÓRDOBA,140397500,ANTONIO ARCOS 3160 SARGENTO CABRAL BARRIO SARGENTO CABRAL
5337,NARCISO LAPRIDA,NARCISO LAPRIDA,RANQUELES,GENERAL ROCA,CÓRDOBA,140402500,CALLE PUBLICA S/N    RANQUELES
5338,NAZARENO CRUCIANELLI,NAZARENO CRUCIANELLI,CORDOBA,CAPITAL,CÓRDOBA,140512200,CALLE PUBLICA  BAJO GRANDE CAMINO CHACRA DE LA MERCED KM. 6
5339,NICOLAS AVELLANEDA,NICOLAS AVELLANEDA,CAMPO NIGRO NORTE,TERCERO ARRIBA,CÓRDOBA,140160700,CALLE PUBLICA   CAMPO NIGRO NORTE P/OLIVA
5340,NICOLAS AVELLANEDA,NICOLAS AVELLANEDA,COLONIA EL DESCANSO,UNION,CÓRDOBA,140172500,CALLE PUBLICA S/N   COLONIA EL DESCANSO P/SAN ANTONIO DE LITIN
5341,NICOLAS AVELLANEDA,NICOLAS AVELLANEDA,LA SIERRITA,CALAMUCHITA,CÓRDOBA,140377600,CALLE PUBLICA S/N°   LA SIERRITA P/VILLA DEL DIQUE
5342,NICOLAS AVELLANEDA,NICOLAS AVELLANEDA,COLONIA SANTA ROSA,PRESIDENTE ROQUE SAENZ PEÑA,CÓRDOBA,140389200,CALLE PUBLICA S/N   ESTANCIA SANTA ROSA P/LABOULAYE
5343,NICOLAS MASSARO (EX NAC. Nº 478),NICOLAS MASSARO (EX NACIONAL 478),COLONIA REGERNSBURGER,MARCOS JUAREZ,CÓRDOBA,140405100,CALLE PUBLICA S/N°   COLONIA REGENSBURGER P/ISLA VERDE
5344,NICOLAS ORTIZ,NICOLAS ORTIZ,MESA DE MARIANO,CRUZ DEL EJE,CÓRDOBA,140031400,RUTA PRPVINCIAL N° 15   MESA DE MARIANO P/RUTA PROV. N?15
5345,NICOLAS RODRIGUEZ PEÑA,NICOLAS RODRIGUEZ PEÑA,POZO DE LA LOMA,RIO PRIMERO,CÓRDOBA,140009700,CALLE PUBLICA S/N    POZO DE LA LOMA P/RIO PRIMERO
5346,NICOLAS RODRIGUEZ PEÑA,NICOLAS RODRIGUEZ PEÑA,CIENAGA DE BRITOS,CRUZ DEL EJE,CÓRDOBA,140253000,CALLE PUBLICA S/N    CIENAGA DE BRITOS P/SALSACATE
5347,NICOLAS RODRIGUEZ PEÑA,NICOLAS RODRIGUEZ PEÑA,CAMPO YANZI,UNION,CÓRDOBA,140373000,CALLE PUBLICA S/N   CAMPO YANZI P/CINTRA
5348,NIÑAS DE AYOHUMA,NIÑAS DE AYOHUMA,CAMPO LA SOLEDAD,SAN JUSTO,CÓRDOBA,140151900,CALLE PUBLICA S/N    CAMPO LA SOLEDAD P/LAS VARAS
5349,NIÑAS DE AYOHUMA,NIÑAS DE AYOHUMA,LAS CAÑITAS,SAN JUSTO,CÓRDOBA,140381300,CALLE PUBLICA S/N    COLONIA LAS CAÑITAS
5350,NUESTRA SEÑORA DEL HUERTO,NUESTRA SEÑORA DEL HUERTO,BELL VILLE,UNION,CÓRDOBA,140458000,25 DE MAYO 59 CENTRO BELL VILLE - FRENTE PLAZA SAN MARTIN
5351,NUESTRA SEÑORA DEL ROSARIO DEL MILAGRO,NUESTRA SEÑORA DEL ROSARIO DEL MILAGRO,JESUS MARIA,COLON,CÓRDOBA,140558200,PEDRO OÑATE   JESUS MARIA - COLON
5352,NUESTRA SEÑORA DEL VALLE,NUESTRA SEÑORA DEL VALLE,CRUZ DEL EJE,CRUZ DEL EJE,CÓRDOBA,140558500,SARMIENTO 121 CENTRO CRUZ DEL EJE
5353,NUEVA ESPERANZA,NUEVA ESPERANZA,LAS OSCURAS,SAN ALBERTO,CÓRDOBA,140258300,CALLE PUBLICA   LAS OSCURAS P/SAN PEDRO
5354,NUEVA LATINONAMERICA,NUEVA LATINONAMERICA,VILLA CARLOS PAZ,PUNILLA,CÓRDOBA,140539500,AVENIDA CARCANO 1900 LAS ROSAS ESQUINA DOCTOR MARADONA
5355,OLEGARIO RODRIGUEZ,OLEGARIO RODRIGUEZ,LAS PALMAS,ISCHILIN,CÓRDOBA,140063800,CALLE PUBLICA S/N   LAS PALMAS
5356,OLEGARIO VICTOR ANDRADE,OLEGARIO VICTOR ANDRADE,CAMPO FIORETTA,TERCERO ARRIBA,CÓRDOBA,140039600,CALLE PUBLICA   CAMPO FIORETTA (P/PAMPAYASTA SUR)
5357,OLEGARIO VICTOR ANDRADE,OLEGARIO VICTOR ANDRADE,COLONIA CALCHAQUI,MARCOS JUAREZ,CÓRDOBA,140103900,CALLE PUBLICA S/N    COLONIA CALCHAQUI P/INRIVILLE
5358,OLEGARIO VICTOR ANDRADE,OLEGARIO VICTOR ANDRADE,COLONIA EL FLORENTINO,UNION,CÓRDOBA,140173400,CALLE PUBLICA S/N   COLONIA EL FLORENTINO P/SAN ANTONIO DE LITIN
5359,OLEGARIO VICTOR ANDRADE,OLEGARIO VICTOR ANDRADE,COSME NORTE,SANTA MARIA,CÓRDOBA,140230700,CALLE PUBLICA S/N    COSME NORTE
5360,OLEGARIO VICTOR ANDRADE,OLEGARIO VICTOR ANDRADE,HUERTA VIEJA,CALAMUCHITA,CÓRDOBA,140377200,"9 DE JULIO 442  A 18 KM DE RÌO DE LOS SAUCES, HACIA EL OESTE"
5361,ORTIZ DE OCAMPO,ORTIZ DE OCAMPO,BARRETO,JUAREZ CELMAN,CÓRDOBA,140128800,CALLE PUBLICA S/N    CAMPO BARRETO P/LA CARLOTA
5362,PABLO PIZZURNO,PABLO PIZZURNO,PANAHOLMA,SAN ALBERTO,CÓRDOBA,140258600,CALLE PUBLICA S/N   PANAHOLMA (1 CUADRA DE LA PLAZA PRINCIPAL)
5363,PADRE FELIX ENRIQUE,PADRE FELIX ENRIQUE,VILLA QUILLINZO,CALAMUCHITA,CÓRDOBA,140030500,CALLE PUBLICA   VILLA QUILLINZO
5364,PADRE JOSE FELIPE BUTELER,PADRE JOSE FELIPE BUTELER,LOS ESPINILLOS,SANTA MARIA,CÓRDOBA,140318700,CALLE PUBLICA   LOS ESPINILLOS
5365,PADRE JOSE GABRIEL BROCHERO,PADRE JOSE GABRIEL BROCHERO,COLONIA SEVERINA,SAN JUSTO,CÓRDOBA,140381700,CALLE PUBLICA S/N°   COLONIA SEVERINA P/ BALNEARIA
5366,PARROQUIAL SAN JOSE ARTESANO,PARROQUIAL SAN JOSE ARTESANO,CORDOBA,CAPITAL,CÓRDOBA,140540600,HUILICHES 1021 LOS OLMOS B° LOS OLMOS
5367,PASO DE LOS ANDES,PASO DE LOS ANDES,COLONIA EL SAUCE,SAN JUSTO,CÓRDOBA,140100300,CALLE PUBLICA S/N°   COLONIA EL SAUCE POR QUEBRACHO HERRADO
5368,PATRICIAS ARGENTINAS,PATRICIAS ARGENTINAS,CAMPO RAMALLO,RIO PRIMERO,CÓRDOBA,140055500,CALLE PUBLICA S/N°   CAMPO RAMALLO NORTE
5369,PATRICIAS ARGENTINAS,PATRICIAS ARGENTINAS,LA ANGOSTURA,TULUMBA,CÓRDOBA,140111600,CALLE PUBLICA   LA ANGOSTURA P/LAS ARRIAS
5370,PATRICIAS ARGENTINAS,PATRICIAS ARGENTINAS,CAMPO LOPEZ,SAN JUSTO,CÓRDOBA,140151800,CALLE PUBLICA S/N    CAMPO LOPEZ P/LAS VARAS
5371,PATRICIAS ARGENTINAS (C/ALBERGUE),PATRICIAS ARGENTINAS (C/ALBERGUE),CAPILLA LA CANDELARIA,CRUZ DEL EJE,CÓRDOBA,140030100,CALLE PUBLICA S/N   CAPILLA LA CANDELARIA AL LADO DE ESTANCIA JESUITICA PATRIMONIO DE LA UNESCO
5372,PAUL HARRIS,PAUL HARRIS,EL BARRIAL,TULUMBA,CÓRDOBA,140468800,CALLE PUBLICA S/N°   PARAJE ORCO SUNI P/EL BARRIAL -DPTO.TULUMBA (OESTE)
5373,PAULA ALBARRACIN,PAULA ALBARRACIN,PASO DE VELEZ,RIO SEGUNDO,CÓRDOBA,140019000,CALLE PUBLICA S/N°   PASO DE VELEZ  P/PILAR
5374,PAULA ALBARRACIN,PAULA ALBARRACIN,SALADILLO,MARCOS JUAREZ,CÓRDOBA,140104200,AV.24 DE SETIEMBRE   SALADILLO
5375,PAULA ALBARRACIN,PAULA ALBARRACIN,SALTO NORTE,TERCERO ARRIBA,CÓRDOBA,140123300,CALLE PUBLICA S/N   SALTO NORTE P/ALMAFUERTE
5376,PAULA ALBARRACIN,PAULA ALBARRACIN,POZO DE LAS OLLAS,RIO SECO,CÓRDOBA,140207600,CALLE PUBLICA   POZO DE LAS OLLAS
5377,PAULO VI,PAULO VI,LA CAROLINA,MARCOS JUAREZ,CÓRDOBA,140213400,CALLE PUBLICA S/N   LA CAROLINA  P/ALEJO LEDESMA
5378,PEDRO BONIFACIO PALACIOS,PEDRO BONIFACIO PALACIOS,CAMPO PEROTTI,TERCERO ARRIBA,CÓRDOBA,140362100,CALLE PUBLICA   CAMPO PEROTTI (P/JAMES CRAIK)
5379,PEDRO GOYENA,PEDRO GOYENA,SAN ISIDRO,TOTORAL,CÓRDOBA,140380300,CALLE PUBLICA S/N   PARAJE SAN ISIDRO
5380,PEDRO N. ARIAS,PEDRO N ARIAS,COLONIA ROCHA,GENERAL ROCA,CÓRDOBA,140157400,CALLE PUBLICA S/N    COLONIA ROCHA P/ VILLA HUIDOBRO
5381,PERITO MORENO,PERITO MORENO,EL BAÑADO,POCHO,CÓRDOBA,140053000,CALLE PUBLICA   EL BAÑADO
5382,PERITO MORENO,PERITO MORENO,VILLA HERMINIA,RIO CUARTO,CÓRDOBA,140061300,CALLE PUBLICA   VILLA HERMINIA P/CNO.PROV.A SAN AMBROSIO/PUNTA DEL AGUA
5383,PINTOR JUAN MANUEL BLANES,PINTOR JUAN MANUEL BLANES,LEGUIZAMON,PRESIDENTE ROQUE SAENZ PEÑA,CÓRDOBA,140142800,NILDA BONETTO 6  LEGUIZAMON
5384,PIO ZARATE,PIO ZARATE,BUENA VISTA,POCHO,CÓRDOBA,140034400,CALLE PUBLICA S/N°   BUENA VISTA
5385,POETA ANTONIO ESTEBAN AGUERO,POETA ANTONIO ESTEBAN AGUERO,LA RAMADA,SAN JAVIER,CÓRDOBA,140090100,CALLE PUBLICA S/N   LA RAMADA P/RUTA NAC.N° 1
5386,POLICIA FEDERAL ARGENTINA,POLICIA FEDERAL ARGENTINA,ESTANCIA SAN MIGUEL,ISCHILIN,CÓRDOBA,140489600,CALLE PUBLICA S/N   ESTANCIA SAN MIGUEL P/DEAN FUNES
5387,PRESBITERO PEDRO IGNACIO DE CASTRO BARROS,PRESBITERO PEDRO IGNACIO DE CASTRO BARROS,POZO DE LA ESQUINA,RIO PRIMERO,CÓRDOBA,140010300,CALLE PUBLICA S/N°   POZO DE LA ESQUINA  P/RIO PRIMERO
5421,PTE. DR. ARTURO UMBERTO ILLIA,PRESIDENTE DOCTOR ARTURO UMBERTO ILLIA,CORDOBA,CAPITAL,CÓRDOBA,140244000,MARTIN DE MAGUNA 2755 JOSE IGNACIO DIAZ 3º SECCION
5388,PRESIDENTE JUAN D. PERON,PRESIDENTE JUAN D PERON,EL BAGUAL,RIO PRIMERO,CÓRDOBA,140186600,CALLE PUBLICA S/N    COLONIA EL BAGUAL P/LA PARA
5389,PRESIDENTE JULIO A. ROCA,PRESIDENTE JULIO A ROCA,LA PAZ,TOTORAL,CÓRDOBA,140065800,RUTA E 66   LA PAZ - RUTA E 66 A  ASCOCHINGA
5422,PTE. MARCELO TORCUATO DE ALVEAR,PRESIDENTE MARCELO TORCUATO DE ALVEAR,SAN RAFAEL,SAN ALBERTO,CÓRDOBA,140038500,CALLE PUBLICA   SAN RAFAEL
5390,PRESIDENTE SANTIAGO DERQUI,PRESIDENTE SANTIAGO DERQUI,COLONIA MARCOS SASTRE,UNION,CÓRDOBA,140173300,CALLE PUBLICA S/N   COLONIA MARCOS SASTRE
5391,PRESIDENTE SARMIENTO,PRESIDENTE SARMIENTO,CAYUQUEO,UNION,CÓRDOBA,140354400,CALLE PUBLICA S/N   CAYUQUEO P/IDIAZABAL
5392,PRIMER GOBIERNO PATRIO,PRIMER GOBIERNO PATRIO,EL QUEBRACHO,RIO PRIMERO,CÓRDOBA,140008800,CALLE PUBLICA S/N    EL QUEBRACHO P/RIO PRIMERO
5393,PRIMERA JUNTA,PRIMERA JUNTA,NO FIGURA EN TABLA,GENERAL SAN MARTIN,CÓRDOBA,140182100,CALLE PUBLICA S/N   COLONIA LA SUSANA P/ARROYO ALGODON
5394,PRIMERA JUNTA,PRIMERA JUNTA,VILLA DOLORES,SAN JAVIER,CÓRDOBA,140374800,CALLE PUBLICA  COLON VILLA DOLORES
5395,PROA ESCUELA DE EDUCACION SECUNDARIA DE FORMACION PROFESIONAL ESPECIALIZADA,PROA ESCUELA DE EDUCACION SECUNDARIA DE FORMACION PROFESIONAL ESPECIALIZADA,FALDA DEL CARMEN,SANTA MARIA,CÓRDOBA,140576300,SECUNDINO BARONE S/N   fALDA DEL cARMEN
5396,PROA ESCUELA DE EDUCACION SECUNDARIA DE FORMACION PROFESIONAL ESPECIALIZADA,PROA ESCUELA DE EDUCACION SECUNDARIA DE FORMACION PROFESIONAL ESPECIALIZADA,EL BRETE,CRUZ DEL EJE,CÓRDOBA,140576400,CAMINO VIEJO S/N   EL BRETE
5397,PROA ESCUELA DE EDUCACION SECUNDARIA DE FORMACION PROFESIONAL ESPECIALIZADA,PROA ESCUELA DE EDUCACION SECUNDARIA DE FORMACION PROFESIONAL ESPECIALIZADA,CORDOBA,CAPITAL,CÓRDOBA,140576500,PASAJE ANTONIO BERUTTI 3698 MULLER B° MULLER
5398,PROA ESCUELA DE EDUCACION SECUNDARIA DE FORMACION PROFESIONAL ESPECIALIZADA,PROA ESCUELA DE EDUCACION SECUNDARIA DE FORMACION PROFESIONAL ESPECIALIZADA,SANTA ROSA DE CALAMUCHITA,CALAMUCHITA,CÓRDOBA,140576700,LA TACUARITA  532 VILLA STRADA SANTA ROSA DE CALAMUCHITA
5399,PROA ESCUELA DE EDUCACION SECUNDARIA DE FORMACION PROFESIONAL ESPECIALIZADA,PROA ESCUELA DE EDUCACION SECUNDARIA DE FORMACION PROFESIONAL ESPECIALIZADA,VILLA GENERAL BELGRANO,CALAMUCHITA,CÓRDOBA,140577000,CORRIENTES 271 BOSQUE DE LOS PIONEROS VILLA GENERAL BELGRANO(PREDIO MUNICIPAL)
5400,PROA ESCUELA DE EDUCACION SECUNDARIA DE FORMACION PROFESIONAL ESPECIALIZADA,PROA ESCUELA DE EDUCACION SECUNDARIA DE FORMACION PROFESIONAL ESPECIALIZADA,EL PUEBLITO,COLON,CÓRDOBA,140577100,ARRECIFES S/N  EL PUEBLITO EL PUEBLITO
5401,PROA ESCUELA DE EDUCACION SECUNDARIA DE FORMACION PROFESIONAL ESPECIALIZADA,PROA ESCUELA DE EDUCACION SECUNDARIA DE FORMACION PROFESIONAL ESPECIALIZADA,ALTA GRACIA,SANTA MARIA,CÓRDOBA,140577200,SANTA MARIA  1494 VILLA OVIEDO ALTA GRACIA
5402,PROA ESCUELA DE EDUCACION SECUNDARIA DE FORMACION PROFESIONAL ESPECIALIZADA,PROA ESCUELA DE EDUCACION SECUNDARIA DE FORMACION PROFESIONAL ESPECIALIZADA,RIO CUARTO,RIO CUARTO,CÓRDOBA,140577300,GENERAL ENRIQUE MOSCONI  240 B°INDUSTRIAL RIO CUARTO
5403,PROA ESCUELA DE EDUCACION SECUNDARIA DE FORMACION PROFESIONAL ESPECIALIZADA,PROA ESCUELA DE EDUCACION SECUNDARIA DE FORMACION PROFESIONAL ESPECIALIZADA,VILLA MARIA,GENERAL SAN MARTIN,CÓRDOBA,140577500,BV. ESPAÑA 1098 B° PARQUE PEREYRA Y DOMINGUEZ VILLA MARIA
5404,PROA ESCUELA DE EDUCACION SECUNDARIA DE FORMACION PROFESIONAL ESPECIALIZADA,PROA ESCUELA DE EDUCACION SECUNDARIA DE FORMACION PROFESIONAL ESPECIALIZADA,ANIZACATE,SANTA MARIA,CÓRDOBA,140578600,EL VALLE S/N  VILLA PARQUE EL AROMO ANISACATE
5405,PROA ESCUELA DE EDUCACION SECUNDARIA DE FORMACION PROFESIONAL ESPECIALIZADA,PROA ESCUELA DE EDUCACION SECUNDARIA DE FORMACION PROFESIONAL ESPECIALIZADA,TANTI,PUNILLA,CÓRDOBA,140578700,PARAGUAY 310  TANTI
5406,PROA ESCUELA DE EDUCACION SECUNDARIA DE FORMACION PROFESIONAL ESPECIALIZADA,PROA ESCUELA DE EDUCACION SECUNDARIA DE FORMACION PROFESIONAL ESPECIALIZADA,VILLA DE LAS ROSAS,SAN JAVIER,CÓRDOBA,140579500,RUTA PROV 14   EL ALTO RESBALOSO VILLA DE LAS ROSAS(Func.en Esc.Municipal de Oficios NUEVO SOL)
5407,PROA ESCUELA DE EDUCACION SECUNDARIA DE FORMACION PROFESIONAL ESPECIALIZADA,PROA ESCUELA DE EDUCACION SECUNDARIA DE FORMACION PROFESIONAL ESPECIALIZADA,VILLA MARIA,GENERAL SAN MARTIN,CÓRDOBA,140579600,PUERTO MONT 1152 MARIANO MORENO VILLA MARIA(Func.en Esc.Prim.J.J.URQUIZA)
5408,PROA ESCUELA DE EDUCACION SECUNDARIA DE FORMACION PROFESIONAL ESPECIALIZADA,PROA ESCUELA DE EDUCACION SECUNDARIA DE FORMACION PROFESIONAL ESPECIALIZADA,VILLA MARIA,GENERAL SAN MARTIN,CÓRDOBA,140579700,JORGE LUIS BORGES 1045 PARQUE NORTE Func.en Esc.Prim.AGUSTIN ALVAREZ
5409,PROA ESCUELA DE EDUCACION SECUNDARIA DE FORMACION PROFESIONAL ESPECIALIZADA,PROA ESCUELA DE EDUCACION SECUNDARIA DE FORMACION PROFESIONAL ESPECIALIZADA,VILLA QUILINO,ISCHILIN,CÓRDOBA,140579800,VELEZ SARSFIELD S/N°  CENTRO VILLA QUILINO
5410,PROA ESCUELA DE EDUCACION SECUNDARIA DE FORMACION PROFESIONAL ESPECIALIZADA,PROA ESCUELA DE EDUCACION SECUNDARIA DE FORMACION PROFESIONAL ESPECIALIZADA,VILLA LA BOLSA,SANTA MARIA,CÓRDOBA,140579900,SARMIENTO  68  VILLA LA BOLSA
5411,PROA ESCUELA DE EDUCACION SECUNDARIA DE FORMACION PROFESIONAL ESPECIALIZADA,PROA ESCUELA DE EDUCACION SECUNDARIA DE FORMACION PROFESIONAL ESPECIALIZADA,RIO TERCERO,TERCERO ARRIBA,CÓRDOBA,140580000,SAN AGUSTIN 755 MEDIA LUNA  RIO TERCERO (Func:en CEDER RIO TERCERO) 
5412,PROA ESCUELA DE EDUCACION SECUNDARIA DE FORMACION PROFESIONAL ESPECIALIZADA,PROA ESCUELA DE EDUCACION SECUNDARIA DE FORMACION PROFESIONAL ESPECIALIZADA,LABOULAYE,PRESIDENTE ROQUE SAENZ PEÑA,CÓRDOBA,140580100,AV. INDEPENDENCIA 122 CENTRO LABOULAYE
5413,PROA ESCUELA DE EDUCACION SECUNDARIA DE FORMACION PROFESIONAL ESPECIALIZADA,PROA ESCUELA DE EDUCACION SECUNDARIA DE FORMACION PROFESIONAL ESPECIALIZADA,FREYRE,SAN JUSTO,CÓRDOBA,140581900,BV. 25 DE MAYO 881 CENTRO FREYRE (VIEJA CASONA MUNICIPAL)
5512,PROA ESCUELA DE EDUCACION SECUNDARIA DE FORMACION PROFESIONAL ESPECIALIZADA,PROA ESCUELA DE EDUCACION SECUNDARIA DE FORMACION PROFESIONAL ESPECIALIZADA,UNQUILLO,,CÓRDOBA,,45437
5414,PROCERES DE MAYO,PROCERES DE MAYO,COLONIA LUIS VELEZ,MARCOS JUAREZ,CÓRDOBA,140146900,CALLE PUBLICA S/N°   COLONIA LUIS VELEZ P/LEONES
5415,PROFESOR JORGE HONORIO PEYRANO,PROFESOR JORGE HONORIO PEYRANO,EL DIQUECITO,COLON,CÓRDOBA,140511900,PIEDRAS BLANCAS  EL DIQUECITO RUTA E 55 KM 5
5416,PROFESOR MANUEL GREGORIO SABAS,PROFESOR MANUEL GREGORIO SABAS,LAS PALMAS,POCHO,CÓRDOBA,140053900,CALLE PUBLICA   LAS PALMAS
5417,PROFESOR VICTOR MERCANTE,PROFESOR VICTOR MERCANTE,ONAGOITY,GENERAL ROCA,CÓRDOBA,140215900,CALLE PUBLICA S/N   ONAGOITY
5418,PROFESORADO EN CIENCIA SAGRADA JESUS BUEN PASTOR,PROFESORADO EN CIENCIA SAGRADA JESUS BUEN PASTOR,RIO CUARTO,RIO CUARTO,CÓRDOBA,140443600,BERTA PERACI 1249 SEMINARIO RIO CUARTO
5419,PROVINCIA DE LA RIOJA,PROVINCIA DE LA RIOJA,LAS PLAYAS,CRUZ DEL EJE,CÓRDOBA,140386300,RUTA PROVINCIAL A-175   LAS PLAYAS RUTA PCIAL A_175
5420,PROVINCIA DE SANTA CRUZ,PROVINCIA DE SANTA CRUZ,POZO DEL SIMBOL,RIO SECO,CÓRDOBA,140207400,CALLE PUBLICA S/N°   POZO DEL SIMBOL P/ VILLA CANDELARIA NORTE
5423,QUALITY INSTITUTO SUPERIOR DE ACTIVIDADES DEPORTIVAS,QUALITY INSTITUTO SUPERIOR DE ACTIVIDADES DEPORTIVAS,CORDOBA,CAPITAL,CÓRDOBA,140443100,AV. CRUZ ROJA ARGENTINA 200 CIUDAD UNIVERSITARIA B° CIUDAD UNIVERSITARIA
5424,RAFAEL OBLIGADO,RAFAEL OBLIGADO,CABINDA,TOTORAL,CÓRDOBA,140064700,CALLE PUBLICA   CABINDA
5425,RAFAEL OBLIGADO,RAFAEL OBLIGADO,LA MAZA,TULUMBA,CÓRDOBA,140111500,RUTA PROV. N°21   RUTA 21 P/SEBASTIAN EL CANO
5426,RAFAEL OBLIGADO,RAFAEL OBLIGADO,COLONIA MOLLES,MARCOS JUAREZ,CÓRDOBA,140147100,CALLE PUBLICA S/N    COLONIA MOLLES P/SAIRA
5427,RAFAELA SANCHEZ DE CALDELARI,RAFAELA SANCHEZ DE CALDELARI,LOS LEONES,CRUZ DEL EJE,CÓRDOBA,140382000,CALLE PUBLICA S/N°   LOS LEONES A GUANACO MUERTO
5428,RAMON JOSE CARCANO,RAMON JOSE CARCANO,ALTO GRANDE,SAN ALBERTO,CÓRDOBA,140051000,RUTA PROVINCIAL N° 15 KM 86   ALTO GRANDE
5429,RAMON JOSE CARCANO,RAMON JOSE CARCANO,SANTA ANA,SOBREMONTE,CÓRDOBA,140084500,CALLE PUBLICA   SANTA ANA POR SAN FRANCISCO DEL CHAÑAR
5430,RAUL AUGUSTO PEDERNERA,RAUL AUGUSTO PEDERNERA,LA CAÑADA,RIO PRIMERO,CÓRDOBA,140187200,CAMINO CAPILLA DE REMEDIOS S/N   PARAJE LA CAÑADA - CAMINO A CAP. DE REMEDIOS
5431,RAUL VICTORINO MARTINEZ,RAUL VICTORINO MARTINEZ,CORDOBA,CAPITAL,CÓRDOBA,140277600,NILO PECANHA 7750 QUINTAS DE ARGUELLO B° QUINTAS DE ARGUELLO
5432,REGIMIENTO DE GRANADEROS A CABALLO GRAL. SAN MARTIN,REGIMIENTO DE GRANADEROS A CABALLO GENERAL SAN MARTIN,LAS ARRIAS,TULUMBA,CÓRDOBA,140297900,CALLE PUBLICA   LA PROVIDENCIA P/LAS ARRIAS
5433,REMEDIOS DE ESCALADA,REMEDIOS DE ESCALADA,ESTANCIA LA EMILIA,PRESIDENTE ROQUE SAENZ PEÑA,CÓRDOBA,140142300,CALLE PUBLICA S/N°   ESTANCIA LA EMILIA P/LA CESIRA
5434,REMEDIOS DE ESCALADA DE SAN MARTIN,REMEDIOS DE ESCALADA DE SAN MARTIN,EL MEDANITO,POCHO,CÓRDOBA,140053600,CALLE PUBLICA   EL MEDANITO PEDANIA CHANCANI
5435,REMEDIOS ESCALADA DE SAN MARTIN,REMEDIOS ESCALADA DE SAN MARTIN,PUESTO DE CEJAS,TULUMBA,CÓRDOBA,140047900,CALLE PUBLICA S/N°   PUESTO DE CEJAS E P/ROSARIO DEL SALADILLO
5436,REMEDIOS ESCALADA DE SAN MARTIN,REMEDIOS ESCALADA DE SAN MARTIN,SAN BERNARDO,RIO CUARTO,CÓRDOBA,140061500,CALLE PUBLICA   SAN BERNARDO
5437,REMEDIOS ESCALADA DE SAN MARTIN,REMEDIOS ESCALADA DE SAN MARTIN,LA INVERNADA,RIO CUARTO,CÓRDOBA,140180900,CALLE PUBLICA S/N   LA INVERNADA P/ ALPA CORRAL
5438,REMEDIOS ESCALADA DE SAN MARTIN,REMEDIOS ESCALADA DE SAN MARTIN,RODEO VIEJO,RIO CUARTO,CÓRDOBA,140181500,CALLE PUBLICA S/N°   RODEO VIEJO
5439,REMEDIOS ESCALADA DE SAN MARTIN,REMEDIOS ESCALADA DE SAN MARTIN,LAS PEÑAS,RIO CUARTO,CÓRDOBA,140196800,CALLE PUBLICA   LAS PEÑAS NORTE P/LOS CONDORES
5440,REMEDIOS ESCALADA DE SAN MARTIN,REMEDIOS ESCALADA DE SAN MARTIN,CAMPO SANTA MARIA,RIO CUARTO,CÓRDOBA,140387600,CALLE PUBLICA S/N   CAMPO SANTA MARIA P/ALCIRA GIGENA
5441,REPUBLICA ARGENTINA (EX NAC. Nº 523),REPUBLICA ARGENTINA (EX NACIONAL 523),COLONIA EL DORADO,MARCOS JUAREZ,CÓRDOBA,140399800,CALLE PUBLICA S/N   COLONIA EL DORADO P/ALEJO LEDESMA (+25 KM.POR CNO.DE TIERRA)
5442,REPUBLICA DE FRANCIA,REPUBLICA DE FRANCIA,EL DESQUITE,SAN JUSTO,CÓRDOBA,140206700,CALLE PUBLICA S/N°   CNIA.EL DESQUITE P/BALNEARIA
5443,REPUBLICA DE ITALIA,REPUBLICA DE ITALIA,CORDOBA,CAPITAL,CÓRDOBA,140363000,RALICO 2255 CONGRESO
5444,REPUBLICA DE NICARAGUA,REPUBLICA DE NICARAGUA,SAN ANTONIO,ISCHILIN,CÓRDOBA,140062600,CALLE PUBLICA   SAN ANTONIO DE COPACABANA
5445,REVERENDO PADRE JOSE ELADIO SALAS,REVERENDO PADRE JOSE ELADIO SALAS,LA BRIANZA,RIO CUARTO,CÓRDOBA,140061200,CALLE PUBLICA S/N°   LA BRIANZA P/CNO.PCIAL.a SAN AMBROSIO-PUNTA DEL AGUA
5446,RICARDO GUIRALDES,RICARDO GUIRALDES,RIO TIU MAYU,PUNILLA,CÓRDOBA,140067300,CALLE PUBLICA EE66   PARAJE TIU-MAYU P/LA CUMBRE
5447,RICARDO GUTIERREZ,RICARDO GUTIERREZ,NO FIGURA EN TABLA,GENERAL SAN MARTIN,CÓRDOBA,140058600,CALLE PUBLICA S/N°   CAMPO MAURINO P/ARROYO CABRAL
5448,RICARDO GUTIERREZ,RICARDO GUTIERREZ,KILOMETRO 15,SANTA MARIA,CÓRDOBA,140105500,CALLE PUBLICA   CAMINO A CAPILLA DE LOS REMEDIOS KM 15
5449,RICARDO PEDRONI,RICARDO PEDRONI,EL ESTANQUE,ISCHILIN,CÓRDOBA,140080500,CALLE PUBLICA   EL ESTANQUE
5450,RICARDO ROJAS,RICARDO ROJAS,COLONIA LA CELINA,UNION,CÓRDOBA,140052500,CALLE PUBLICA S/N    COLONIA LA CELINA P/PUEBLO ITALIANO
5451,RICARDO ROJAS,RICARDO ROJAS,EL DURAZNO,PUNILLA,CÓRDOBA,140077900,TUPUNGATO   EL DURAZNO-RUTA 28 KM 759(A 200 MTS.DE LA RUTA)
5452,RICARDO ROJAS,RICARDO ROJAS,EL CANO,RIO CUARTO,CÓRDOBA,140181400,CALLE PUBLICA S/N   PARAJE EL CANO P/RIO DE LOS SAUCES
5453,RICARDO ROJAS,RICARDO ROJAS,REPRESA DE MORALES,CRUZ DEL EJE,CÓRDOBA,140253200,CALLE PUBLICA S/N°   REPRESA DE MORALES P/VILLA DE SOTO
5454,RICARDO ROJAS,RICARDO ROJAS,CAMPO ROSSI,TERCERO ARRIBA,CÓRDOBA,140360100,CALLE PUBLICA S/N    CAMPO ROSSI P/JAMES CRAIK
5455,RICARDO ROJAS,RICARDO ROJAS,LA VICTORIA OESTE,RIO SECO,CÓRDOBA,140419000,CALLE PUBLICA   LA VICTORIA (O) P/SEBASTIAN EL CANO
5456,RITA AUDELINA ZABALA DE SALGADO,RITA AUDELINA ZABALA DE SALGADO,SEGUNDA USINA,CALAMUCHITA,CÓRDOBA,140377700,CALLE PUBLICA   SEGUNDA USINA zona Rural
5457,ROQUE SAENZ PEÑA,ROQUE SAENZ PEÑA,LOS TALARES,POCHO,CÓRDOBA,140034300,CALLE PUBLICA   LOS TALARES
5458,ROQUE SAENZ PEÑA,ROQUE SAENZ PEÑA,CAMPO BARA,TERCERO ARRIBA,CÓRDOBA,140039300,CALLE PUBLICA S/N°   CAMPO BARA P/HERNANDO
5459,ROSARIO BONET,ROSARIO BONET,RIO DE BUSTOS,TULUMBA,CÓRDOBA,140320400,CALLE PUBLICA S/N    RIO DE BUSTOS- P/CNO.A SIMBOLAR EN RUTA 16
5460,ROSARIO VALENTINA NAVARRO,ROSARIO VALENTINA NAVARRO,CHACRAS DE TIO PUJIO,GENERAL SAN MARTIN,CÓRDOBA,140058900,CALLE PUBLICA S/N   CHACRAS DE TIO PUJIO
5461,ROSARIO VERA PEÑALOZA,ROSARIO VERA PEÑALOZA,SILVIO PELLICO,GENERAL SAN MARTIN,CÓRDOBA,140087000,CALLE PUBLICA S/N    SILVIO PELLICO (CNIA LA INTERNACIONAL)
5462,ROSARIO VERA PEÑALOZA,ROSARIO VERA PEÑALOZA,AGUA DE RAMON,MINAS,CÓRDOBA,140175800,CALLE PUBLICA   AGUA DE RAMON P/TUCLAME
5463,RUBEN DARIO,RUBEN DARIO,COLONIA EL TRABAJO,SAN JUSTO,CÓRDOBA,140098100,CALLE PUBLICA   COLONIA EL TRABAJO
5464,RUBEN DARIO,RUBEN DARIO,LA LAGUNA,TULUMBA,CÓRDOBA,140374900,CALLE PUBLICA   LA LAGUNA P/CNO. A CAMINIAGA
5465,RUBEN DARIO,RUBEN DARIO,EL QUICHO,CRUZ DEL EJE,CÓRDOBA,140383200,CALLE PUBLICA S/N°   EL QUICHO P/SERREZUELA
5466,SALVADOR MARIA DEL CARRIL,SALVADOR MARIA DEL CARRIL,LA TIGRA,UNION,CÓRDOBA,140171800,CALLE PUBLICA S/N   COLONIA LA TIGRA P/SAN ANTONIO DE LITIN
5467,SAN ANTONIO DE PADUA,SAN ANTONIO DE PADUA,CORDOBA,CAPITAL,CÓRDOBA,140549500,SAN JERONIMO 2051 SAN VICENTE B° SAN VICENTE
5468,SAN BARTOLOME (C/ALBERGUE),SAN BARTOLOME (C/ALBERGUE),SAN BARTOLOME,RIO CUARTO,CÓRDOBA,140181000,CALLE PUBLICA S/N   SAN BARTOLOME (A 12KM DE ALPA CORRAL)
5469,SAN CAYETANO,SAN CAYETANO,LAS OLLAS,CRUZ DEL EJE,CÓRDOBA,140193000,CALLE PUBLICA S/N°   LAS OLLAS
5470,SAN FRANCISCO SOLANO,SAN FRANCISCO SOLANO,CAÑADA HONDA,CRUZ DEL EJE,CÓRDOBA,140030000,CALLE PUBLICA S/N°   CAÑADA HONDA
5471,SAN JUAN BOSCO,SAN JUAN BOSCO,SAN AMBROSIO,RIO CUARTO,CÓRDOBA,140057500,CALLE PUBLICA   SAN AMBROSIO
5472,SAN LORENZO,SAN LORENZO,PIEDRAS ANCHAS,CRUZ DEL EJE,CÓRDOBA,140167100,CALLE PUBLICA S/N°   PIEDRAS ANCHAS P/TUCLAME
5473,SAN LORENZO,SAN LORENZO,LOS CERROS,POCHO,CÓRDOBA,140274200,CALLE PUBLICA S/N    LOS CERROS
5474,SANTIAGO DE LINIERS,SANTIAGO DE LINIERS,COLONIA FABRICA N° 3,PRESIDENTE ROQUE SAENZ PEÑA,CÓRDOBA,140143700,CALLE PUBLICA S/N   COLONIA FABRICA Nº3 P/SERRANO
5475,SANTIAGO DERQUI,SANTIAGO DERQUI,VILLA ALBERTINA,ISCHILIN,CÓRDOBA,140080900,CALLE PUBLICA   VILLA ALBERTINA
5476,SANTIAGO DERQUI,SANTIAGO DERQUI,COLONIA LA JUANITA,GENERAL ROCA,CÓRDOBA,140215400,CALLE PUBLICA S/N    COLONIA LA JUANITA  P/JOVITA
5477,SANTIAGO SOSA,SANTIAGO SOSA,LA GUARIDA,SAN JAVIER,CÓRDOBA,140157100,CALLE PUBLICA   CAMPO LA GUARIDA
5478,SARA ALICIA GUTIERREZ,SARA ALICIA GUTIERREZ,PUNTA DEL AGUA,TERCERO ARRIBA,CÓRDOBA,140036800,SEÑORITA SARA ALICIA GUTIERREZ(N)   PUNTA DEL AGUA
5479,SARA AMELIA VILLAREAL,SARA AMELIA VILLAREAL,SAN ANTONIO,RIO SECO,CÓRDOBA,140207300,CALLE PUBLICA S/N    SAN ANTONIO P/PUESTO DE CASTRO
5480,SARGENTO CABRAL,SARGENTO CABRAL,LA LINEA,SAN ALBERTO,CÓRDOBA,140048100,CALLE PUBLICA   LA LINEA
5481,SARGENTO CABRAL,SARGENTO CABRAL,COLONIA LAS MERCEDITAS,JUAREZ CELMAN,CÓRDOBA,140170400,CALLE PUBLICA S/N°   COLONIA LAS MERCEDITAS P/BENGOLEA
5482,SARGENTO CABRAL,SARGENTO CABRAL,PUESTO PUCHETA,RIO PRIMERO,CÓRDOBA,140187100,CALLE PUBLICA S/N    PUESTO DE PUCHETA P/OBISPO TREJO
5483,SARGENTO JUAN BAUTISTA CABRAL,SARGENTO JUAN BAUTISTA CABRAL,CORRAL DE ARROYO,RIO SEGUNDO,CÓRDOBA,140031800,CALLE PUBLICA S/N    PARAJE CORRAL DE ARROYO P/LAS JUNTURAS
5484,SARGENTO JUAN BAUTISTA CABRAL,SARGENTO JUAN BAUTISTA CABRAL,COLONIA LA LOLA,UNION,CÓRDOBA,140052000,CALLE PUBLICA S/N   COLONIA LA LOLA P/ALDEA SANTA MARIA
5485,SARGENTO JUAN BAUTISTA CABRAL,SARGENTO JUAN BAUTISTA CABRAL,CAMPO EVANGELIST,MARCOS JUAREZ,CÓRDOBA,140104600,CALLE PUBLICA S/N°  CAMPO EVANGELISTA CAMPO EVANGELISTA P/GRAL.BALDISSERA
5486,SAUL ALEJANDRO TABORDA,SAUL ALEJANDRO TABORDA,EL QUEBRACHO,RIO PRIMERO,CÓRDOBA,140234300,CALLE PUBLICA S/N    EL QUEBRACHO P/SAGRADA FAMILIA
5487,SAUL TABORDA,SAUL TABORDA,CORDOBA,CAPITAL,CÓRDOBA,140131700,COQUENA 7985 VILLA 9 DE JULIO ARGUELLO
5488,SAUL TABORDA ANEXO CENTRO VECINAL VILLA SERRANA,SAUL TABORDA ANEXO CENTRO VECINAL VILLA SERRANA,CORDOBA,CAPITAL,CÓRDOBA,140131701,CHIMU S/N°  VILLA SERRANA
5489,SOLDADO BENITO PEREZ,SOLDADO BENITO PEREZ,EL PEDACITO,TOTORAL,CÓRDOBA,140189600,CALLE PUBLICA S/N    EL PEDACITO A 5KM.DE VILLA DEL TOTORAL
5490,SOLDADO ISMAEL SANCHEZ,SOLDADO ISMAEL SANCHEZ,VILLA SAN JOSE,PUNILLA,CÓRDOBA,140212600,CALLE PUBLICA S/N°   PARAJE SAN JOSE
5491,SUB ALFEREZ GUILLERMO NASIF,SUB ALFEREZ GUILLERMO NASIF,CAMPO COLUMBO,TOTORAL,CÓRDOBA,140065100,CALLE PUBLICA   CAMPO COLUMBO
5492,SUBOFICIAL PRIMERO MARIO E. FLORES,SUBOFICIAL PRIMERO MARIO E FLORES,LA MAJADILLA,TULUMBA,CÓRDOBA,140149300,CALLE PUBLICA   LA MAJADILLA P/RUTA PROVINCIAL N° 16
5493,TAMBOR DE TACUARI,TAMBOR DE TACUARI,MOGIGASTA,POCHO,CÓRDOBA,140033300,CALLE PUBLICA S/N°   MOGIGASTA
5494,TAMBOR DE TACUARI,TAMBOR DE TACUARI,EL JUMEAL,SAN JUSTO,CÓRDOBA,140151300,CALLE PUBLICA S/N°   CAMPO EL JUMIAL P/EL ARAÑADO
5495,TENIENTE CORONEL DE MARINA ERASMO OBLIGADO,TENIENTE CORONEL DE MARINA ERASMO OBLIGADO,PAUNERO,RIO CUARTO,CÓRDOBA,140178600,CALLE PUBLICA S/N°   GENERAL PAUNERO
5496,TENIENTE GRAL. PEDRO E. ARAMBURU,TENIENTE GENERAL PEDRO E ARAMBURU,COLONIA LA MADERA,RIO CUARTO,CÓRDOBA,140059000,CALLE PUBLICA   COLONIA LA MADERA P/CNEL.MOLDES
5497,THOMAS ALVA EDISON,THOMAS ALVA EDISON,COLONIA PICO CHACO,UNION,CÓRDOBA,140172000,CINTRA S/N   COLONIA PICO CHACO P/CINTRA
5498,TOMAS DE IRIARTE,TOMAS DE IRIARTE,LOS ESPINILLOS,SAN ALBERTO,CÓRDOBA,140048400,CALLE PUBLICA   LOS ESPINILLOS
5499,TOMAS GODOY CRUZ,TOMAS GODOY CRUZ,PEDANIA YUCAT,GENERAL SAN MARTIN,CÓRDOBA,140280800,"CALLE PUBLICA S/N°   CAMPO GARCIA P/RUTA NAC.N°2, CNO. A PAMPAYASTA"
5500,TRANSITO DE MARIA,TRANSITO DE MARIA,VILLA CURA BROCHERO,SAN ALBERTO,CÓRDOBA,140364900,IRINEO ALTAMIRANO 60 CENTRO VILLA CURA BROCHERO
5501,UNIDAD EDUCATIVA MARYLAND,UNIDAD EDUCATIVA MARYLAND,VILLA ALLENDE,COLON,CÓRDOBA,140519500,ALBERTI 250 ESPAÑOL VILLA ALLENDE
5502,VICENTE AGUERO,VICENTE AGUERO,COLONIA VICENTE AGÜERO,COLON,CÓRDOBA,140347600,LOTE XVII   COLONIA VICENTE AGUERO
5503,VICENTE LOPEZ Y PLANES,VICENTE LOPEZ Y PLANES,JUAN GARCIA,ISCHILIN,CÓRDOBA,140080600,CALLE PUBLICA   JUAN GARCIA
5504,VICENTE MALDONADO,VICENTE MALDONADO,SAUCE DE LOS QUEVEDOS,MINAS,CÓRDOBA,140369600,CALLE PUBLICA   SAUCE DE LOS QUEVEDOS P/SALSACATE
5505,VICTOR MERCANTE,VICTOR MERCANTE,LOS ALGARROBOS,SAN ALBERTO,CÓRDOBA,140145700,CALLE PUBLICA   PARAJE LOS ALGARROBOS P/NONO
5506,VICTOR MERCANTE,VICTOR MERCANTE,COLONIA LA LEONCITA,UNION,CÓRDOBA,140172700,CALLE PUBLICA S/N   COLONIA LA LEONCITA P/SAN ANTONIO DE LITIN
5507,VICTOR MERCANTE,VICTOR MERCANTE,RIO DEL DURAZNO,CALAMUCHITA,CÓRDOBA,140182900,CALLE PUBLICA S/N°   RIO DEL DURAZNO P/VILLA YACANTO DE CALAMUCHITA
5508,VICTORIA OCAMPO,VICTORIA OCAMPO,VILLA ELISA,MARCOS JUAREZ,CÓRDOBA,140104100,MICAELA ARAYA   CAMPO LA REDENCIÓN - VILLA ELISA P/INRIVILLE
5509,YAPEYU,YAPEYU,LUYABA,SAN JAVIER,CÓRDOBA,140219600,CALLE PUBLICA S/N   SAN ISIDRO- LUYABA
5510,YAPEYU,YAPEYU,EL CALLEJON NORTE,TERCERO ARRIBA,CÓRDOBA,140306600,CALLE PUBLICA  ZONA RURAL EL CALLEJON NORTE P/ RIO TERCERO
5511,YOLANDA DESIMONE DE BERNAL,YOLANDA DESIMONE DE BERNAL,COLONIA COMPIANI,UNION,CÓRDOBA,140173200,CALLE PUBLICA S/N   COLONIA COMPIANI P/BELL VILLE